question_id,question,question_formatted,passage,correct_letter,correct_text,label_idx,predicted_answer,extraction_method,correct,assistant_output,thinking_text,response_text,generated_len,thinking_len,response_len,prefinal_len,hit_max_tokens,finish_reason,degenerate,latency_s,entropy_mean,entropy_max,entropy_std,margin_mean,margin_max,margin_std,nll_mean,nll_max,nll_std,fork_rate,nucleus_size_mean,nucleus_size_max,near_tie_mean,near_tie_max,full_len,entropy_mean_w128,entropy_max_w128,entropy_std_w128,margin_mean_w128,margin_max_w128,margin_std_w128,nll_mean_w128,nll_max_w128,nll_std_w128,fork_rate_w128,nucleus_size_mean_w128,nucleus_size_max_w128,near_tie_mean_w128,near_tie_max_w128,window_len_w128,entropy_mean_w256,entropy_max_w256,entropy_std_w256,margin_mean_w256,margin_max_w256,margin_std_w256,nll_mean_w256,nll_max_w256,nll_std_w256,fork_rate_w256,nucleus_size_mean_w256,nucleus_size_max_w256,near_tie_mean_w256,near_tie_max_w256,window_len_w256,entropy_mean_w400,entropy_max_w400,entropy_std_w400,margin_mean_w400,margin_max_w400,margin_std_w400,nll_mean_w400,nll_max_w400,nll_std_w400,fork_rate_w400,nucleus_size_mean_w400,nucleus_size_max_w400,near_tie_mean_w400,near_tie_max_w400,window_len_w400,entropy_mean_w512,entropy_max_w512,entropy_std_w512,margin_mean_w512,margin_max_w512,margin_std_w512,nll_mean_w512,nll_max_w512,nll_std_w512,fork_rate_w512,nucleus_size_mean_w512,nucleus_size_max_w512,near_tie_mean_w512,near_tie_max_w512,window_len_w512,entropy_mean_w1024,entropy_max_w1024,entropy_std_w1024,margin_mean_w1024,margin_max_w1024,margin_std_w1024,nll_mean_w1024,nll_max_w1024,nll_std_w1024,fork_rate_w1024,nucleus_size_mean_w1024,nucleus_size_max_w1024,near_tie_mean_w1024,near_tie_max_w1024,window_len_w1024,entropy_mean_w2048,entropy_max_w2048,entropy_std_w2048,margin_mean_w2048,margin_max_w2048,margin_std_w2048,nll_mean_w2048,nll_max_w2048,nll_std_w2048,fork_rate_w2048,nucleus_size_mean_w2048,nucleus_size_max_w2048,near_tie_mean_w2048,near_tie_max_w2048,window_len_w2048,entropy_mean_prefinal,entropy_max_prefinal,entropy_std_prefinal,margin_mean_prefinal,margin_max_prefinal,margin_std_prefinal,nll_mean_prefinal,nll_max_prefinal,nll_std_prefinal,fork_rate_prefinal,nucleus_size_mean_prefinal,nucleus_size_max_prefinal,near_tie_mean_prefinal,near_tie_max_prefinal,full_len_prefinal,entropy_mean_prefinal_w128,entropy_max_prefinal_w128,entropy_std_prefinal_w128,margin_mean_prefinal_w128,margin_max_prefinal_w128,margin_std_prefinal_w128,nll_mean_prefinal_w128,nll_max_prefinal_w128,nll_std_prefinal_w128,fork_rate_prefinal_w128,nucleus_size_mean_prefinal_w128,nucleus_size_max_prefinal_w128,near_tie_mean_prefinal_w128,near_tie_max_prefinal_w128,window_len_prefinal_w128,entropy_mean_prefinal_w256,entropy_max_prefinal_w256,entropy_std_prefinal_w256,margin_mean_prefinal_w256,margin_max_prefinal_w256,margin_std_prefinal_w256,nll_mean_prefinal_w256,nll_max_prefinal_w256,nll_std_prefinal_w256,fork_rate_prefinal_w256,nucleus_size_mean_prefinal_w256,nucleus_size_max_prefinal_w256,near_tie_mean_prefinal_w256,near_tie_max_prefinal_w256,window_len_prefinal_w256,entropy_mean_prefinal_w400,entropy_max_prefinal_w400,entropy_std_prefinal_w400,margin_mean_prefinal_w400,margin_max_prefinal_w400,margin_std_prefinal_w400,nll_mean_prefinal_w400,nll_max_prefinal_w400,nll_std_prefinal_w400,fork_rate_prefinal_w400,nucleus_size_mean_prefinal_w400,nucleus_size_max_prefinal_w400,near_tie_mean_prefinal_w400,near_tie_max_prefinal_w400,window_len_prefinal_w400,entropy_mean_prefinal_w512,entropy_max_prefinal_w512,entropy_std_prefinal_w512,margin_mean_prefinal_w512,margin_max_prefinal_w512,margin_std_prefinal_w512,nll_mean_prefinal_w512,nll_max_prefinal_w512,nll_std_prefinal_w512,fork_rate_prefinal_w512,nucleus_size_mean_prefinal_w512,nucleus_size_max_prefinal_w512,near_tie_mean_prefinal_w512,near_tie_max_prefinal_w512,window_len_prefinal_w512,entropy_mean_prefinal_w1024,entropy_max_prefinal_w1024,entropy_std_prefinal_w1024,margin_mean_prefinal_w1024,margin_max_prefinal_w1024,margin_std_prefinal_w1024,nll_mean_prefinal_w1024,nll_max_prefinal_w1024,nll_std_prefinal_w1024,fork_rate_prefinal_w1024,nucleus_size_mean_prefinal_w1024,nucleus_size_max_prefinal_w1024,near_tie_mean_prefinal_w1024,near_tie_max_prefinal_w1024,window_len_prefinal_w1024,entropy_mean_prefinal_w2048,entropy_max_prefinal_w2048,entropy_std_prefinal_w2048,margin_mean_prefinal_w2048,margin_max_prefinal_w2048,margin_std_prefinal_w2048,nll_mean_prefinal_w2048,nll_max_prefinal_w2048,nll_std_prefinal_w2048,fork_rate_prefinal_w2048,nucleus_size_mean_prefinal_w2048,nucleus_size_max_prefinal_w2048,near_tie_mean_prefinal_w2048,near_tie_max_prefinal_w2048,window_len_prefinal_w2048
0,"Of the eight students—George, Helen, Irving, Kyle, Lenore, Nina, Olivia, and Robert—in a seminar, exactly six will give individual oral reports during three consecutive days—Monday, Tuesday, and Wednesday. Exactly two reports will be given each day—one in the morning and one in the afternoon—according to the following conditions: Tuesday is the only day on which George can give a report. Neither Olivia nor Robert can give an afternoon report. If Nina gives a report, then on the next day Helen and Irving must both give reports, unless Nina's report is given on Wednesday.Q: Which one of the following could be the schedule of the students' reports? Answer Choices: (A)Mon. morning: Helen; Mon. afternoon: Robert Tues. morning: Olivia; Tues. afternoon: Irving Wed. morning: Lenore; Wed. afternoon: Kyle (B)Mon. morning: Irving; Mon. afternoon: Olivia Tues. morning: Helen; Tues. afternoon: Kyle Wed. morning: Nina; Wed. afternoon: Lenore (C)Mon. morning: Lenore; Mon. afternoon: Helen Tues. morning: George; Tues. afternoon: Kyle Wed. morning: Robert; Wed. afternoon: Irving (D)Mon. morning: Nina; Mon. afternoon: Helen Tues. morning: Robert; Tues. afternoon: Irving Wed. morning: Olivia; Wed. afternoon: Lenore (E)Mon. morning: Olivia; Mon. afternoon: Nina Tues. morning: Irving; Tues. afternoon: Helen Wed. morning: Kyle; Wed. afternoon: George","Of the eight students—George, Helen, Irving, Kyle, Lenore, Nina, Olivia, and Robert—in a seminar, exactly six will give individual oral reports during three consecutive days—Monday, Tuesday, and Wednesday. Exactly two reports will be given each day—one in the morning and one in the afternoon—according to the following conditions: Tuesday is the only day on which George can give a report. Neither Olivia nor Robert can give an afternoon report. If Nina gives a report, then on the next day Helen and Irving must both give reports, unless Nina's report is given on Wednesday.Q: Which one of the following could be the schedule of the students' reports? Answer Choices: (A)Mon. morning: Helen; Mon. afternoon: Robert Tues. morning: Olivia; Tues. afternoon: Irving Wed. morning: Lenore; Wed. afternoon: Kyle (B)Mon. morning: Irving; Mon. afternoon: Olivia Tues. morning: Helen; Tues. afternoon: Kyle Wed. morning: Nina; Wed. afternoon: Lenore (C)Mon. morning: Lenore; Mon. afternoon: Helen Tues. morning: George; Tues. afternoon: Kyle Wed. morning: Robert; Wed. afternoon: Irving (D)Mon. morning: Nina; Mon. afternoon: Helen Tues. morning: Robert; Tues. afternoon: Irving Wed. morning: Olivia; Wed. afternoon: Lenore (E)Mon. morning: Olivia; Mon. afternoon: Nina Tues. morning: Irving; Tues. afternoon: Helen Wed. morning: Kyle; Wed. afternoon: George",,C,Mon. morning: Lenore; Mon. afternoon: Helen Tues. morning: George; Tues. afternoon: Kyle Wed. morning: Robert; Wed. afternoon: Irving,2,C,final_answer,1,"

The problem asks us to identify which schedule is possible given a set of constraints for six students reporting over three days (Monday, Tuesday, Wednesday) with two slots per day (Morning, Afternoon).

**Constraints:**
1.  **George:** Can only report on Tuesday. (Mon/Wed are excluded for George).
2.  **Afternoon Restriction:** Olivia and Robert cannot report in the afternoon. (They must be Morning or not reporting).
3.  **Nina Condition:** If Nina reports, Helen and Irving must both report on the next day, *unless* Nina reports on Wednesday.
4.  **Selection:** Exactly 6 students report out of 8.

**Evaluation of Options:**

*   **(A) Mon. morning: Helen; Mon. afternoon: Robert ...**
    *   Constraint Violation: Robert is scheduled for Monday afternoon. The rules state ""Neither Olivia nor Robert can give an afternoon report.""
    *   **Result: Invalid.**

*   **(B) Mon. morning: Irving; Mon. afternoon: Olivia ...**
    *   Constraint Violation: Olivia is scheduled for Monday afternoon. The rules state ""Neither Olivia nor Robert can give an afternoon report.""
    *   **Result: Invalid.**

*   **(C) Mon. morning: Lenore; Mon. afternoon: Helen; Tue. morning: George; Tue. afternoon: Kyle; Wed. morning: Robert; Wed. afternoon: Irving**
    *   **George:** Scheduled for Tuesday morning. This satisfies ""Tuesday is the only day on which George can give a report.""
    *   **Afternoon Restriction:** Robert is Wednesday morning (Morning). Olivia is not in the schedule. This satisfies ""Neither Olivia nor Robert can give an afternoon report.""
    *   **Nina Condition:** Nina is not in the schedule. The condition ""If Nina gives a report..."" is vacuously true (antecedent is false).
    *   **Other:** 6 students are listed. Days and times are filled correctly.
    *   **Result: Valid.**

*   **(D) Mon. morning: Nina; Mon. afternoon: Helen; Tue. morning: Robert; Tue. afternoon: Irving ...**
    *   **Nina Condition:** Nina is scheduled for Monday morning. The rule states that if Nina reports, Helen and Irving must both report on the *next day* (Tuesday).
    *   **Check:** Tuesday's schedule is Robert (Morning) and Irving (Afternoon). Helen is on Monday, not Tuesday.
    *   Constraint Violation: Helen is missing from Tuesday.
    *   **Result: Invalid.**

*   **(E) Mon. morning: Olivia; Mon. afternoon: Nina; Tue. morning: Irving; Tue. afternoon: Helen; Wed. morning: Kyle; Wed. afternoon: George**
    *   **George Constraint:** George is scheduled for Wednesday afternoon. The rule states ""Tuesday is the only day on which George can give a report.""
    *   Constraint Violation: George is on Wednesday.
    *   **Result: Invalid.**

Only Option (C) satisfies all the given conditions.

Final Answer: C

Final Answer: C",,"

The problem asks us to identify which schedule is possible given a set of constraints for six students reporting over three days (Monday, Tuesday, Wednesday) with two slots per day (Morning, Afternoon).

**Constraints:**
1.  **George:** Can only report on Tuesday. (Mon/Wed are excluded for George).
2.  **Afternoon Restriction:** Olivia and Robert cannot report in the afternoon. (They must be Morning or not reporting).
3.  **Nina Condition:** If Nina reports, Helen and Irving must both report on the next day, *unless* Nina reports on Wednesday.
4.  **Selection:** Exactly 6 students report out of 8.

**Evaluation of Options:**

*   **(A) Mon. morning: Helen; Mon. afternoon: Robert ...**
    *   Constraint Violation: Robert is scheduled for Monday afternoon. The rules state ""Neither Olivia nor Robert can give an afternoon report.""
    *   **Result: Invalid.**

*   **(B) Mon. morning: Irving; Mon. afternoon: Olivia ...**
    *   Constraint Violation: Olivia is scheduled for Monday afternoon. The rules state ""Neither Olivia nor Robert can give an afternoon report.""
    *   **Result: Invalid.**

*   **(C) Mon. morning: Lenore; Mon. afternoon: Helen; Tue. morning: George; Tue. afternoon: Kyle; Wed. morning: Robert; Wed. afternoon: Irving**
    *   **George:** Scheduled for Tuesday morning. This satisfies ""Tuesday is the only day on which George can give a report.""
    *   **Afternoon Restriction:** Robert is Wednesday morning (Morning). Olivia is not in the schedule. This satisfies ""Neither Olivia nor Robert can give an afternoon report.""
    *   **Nina Condition:** Nina is not in the schedule. The condition ""If Nina gives a report..."" is vacuously true (antecedent is false).
    *   **Other:** 6 students are listed. Days and times are filled correctly.
    *   **Result: Valid.**

*   **(D) Mon. morning: Nina; Mon. afternoon: Helen; Tue. morning: Robert; Tue. afternoon: Irving ...**
    *   **Nina Condition:** Nina is scheduled for Monday morning. The rule states that if",4257,0,4257,709,0,stop,0,45.59088754653931,0.39028265791220357,3.613378138269166,0.5906326880998077,0.7909769756938275,0.9999999901665304,0.31383947852139804,0.24965095726578726,6.682816505432129,0.513116915807341,0.09490251350716467,1.317124735729387,14.0,0.1226215644820296,4.0,4257.0,0.3708812150319769,2.1819461080225926,0.4889626205142489,0.7734785901070972,0.9999997811772753,0.3013206572277154,0.24511960193737686,4.060638427734375,0.5217048177277477,0.0859375,1.28125,4.0,0.1015625,3.0,128.0,0.3480199048114362,2.1819461080225926,0.495880644107518,0.7943505479306713,0.9999997811772753,0.3027928230620415,0.22398376430073416,4.060638427734375,0.4774270426856274,0.09375,1.25,4.0,0.10546875,3.0,256.0,0.392329010216556,2.1819461080225926,0.5651920655222133,0.77962844846308,0.9999997811772753,0.3225217697852759,0.25514263469452203,4.060638427734375,0.5234725270925454,0.1125,1.305,4.0,0.1375,4.0,400.0,0.3855602978536674,2.608394010477258,0.5700024761316869,0.7880459153779558,0.9999997811772753,0.3173435292064687,0.25635302667025445,4.060638427734375,0.5250724261360963,0.103515625,1.30078125,5.0,0.125,4.0,512.0,0.4521315398388541,3.0635939474021936,0.6107859400880777,0.7513526681180651,0.9999998694553258,0.33697314054035227,0.2981885773537726,4.060638427734375,0.5387162680448635,0.126953125,1.369140625,10.0,0.158203125,4.0,1024.0,0.404470240931597,3.200859586310445,0.6106463538081264,0.7845536229757287,0.9999999678209657,0.32136031548268745,0.2592376526404596,4.060638427734375,0.5174017047084606,0.1044921875,1.34375,10.0,0.13232421875,4.0,2048.0,0.44079947324224683,3.0635939474021936,0.6127668845570935,0.7618280638059548,0.9999998694553258,0.33198744615693665,0.29670494531585756,4.060638427734375,0.5610025850468566,0.11988716502115655,1.3667136812411849,10.0,0.14950634696755993,4.0,709.0,0.3708812150319769,2.1819461080225926,0.4889626205142489,0.7734785901070972,0.9999997811772753,0.3013206572277154,0.24511960193737686,4.060638427734375,0.5217048177277477,0.0859375,1.28125,4.0,0.1015625,3.0,128.0,0.3480199048114362,2.1819461080225926,0.495880644107518,0.7943505479306713,0.9999997811772753,0.3027928230620415,0.22398376430073416,4.060638427734375,0.4774270426856274,0.09375,1.25,4.0,0.10546875,3.0,256.0,0.392329010216556,2.1819461080225926,0.5651920655222133,0.77962844846308,0.9999997811772753,0.3225217697852759,0.25514263469452203,4.060638427734375,0.5234725270925454,0.1125,1.305,4.0,0.1375,4.0,400.0,0.3855602978536674,2.608394010477258,0.5700024761316869,0.7880459153779558,0.9999997811772753,0.3173435292064687,0.25635302667025445,4.060638427734375,0.5250724261360963,0.103515625,1.30078125,5.0,0.125,4.0,512.0,0.44079947324224683,3.0635939474021936,0.6127668845570935,0.7618280638059548,0.9999998694553258,0.33198744615693665,0.29670494531585756,4.060638427734375,0.5610025850468566,0.11988716502115655,1.3667136812411849,10.0,0.14950634696755993,4.0,709.0,0.44079947324224683,3.0635939474021936,0.6127668845570935,0.7618280638059548,0.9999998694553258,0.33198744615693665,0.29670494531585756,4.060638427734375,0.5610025850468566,0.11988716502115655,1.3667136812411849,10.0,0.14950634696755993,4.0,709.0
1,"Of the eight students—George, Helen, Irving, Kyle, Lenore, Nina, Olivia, and Robert—in a seminar, exactly six will give individual oral reports during three consecutive days—Monday, Tuesday, and Wednesday. Exactly two reports will be given each day—one in the morning and one in the afternoon—according to the following conditions: Tuesday is the only day on which George can give a report. Neither Olivia nor Robert can give an afternoon report. If Nina gives a report, then on the next day Helen and Irving must both give reports, unless Nina's report is given on Wednesday.Q: If Kyle and Lenore do not give reports, then the morning reports on Monday, Tuesday, and Wednesday, respectively, could be given by Answer Choices: (A)Helen, George, and Nina (B)Irving, Robert, and Helen (C)Nina, Helen, and Olivia (D)Olivia, Robert, and Irving (E)Robert, George, and Helen","Of the eight students—George, Helen, Irving, Kyle, Lenore, Nina, Olivia, and Robert—in a seminar, exactly six will give individual oral reports during three consecutive days—Monday, Tuesday, and Wednesday. Exactly two reports will be given each day—one in the morning and one in the afternoon—according to the following conditions: Tuesday is the only day on which George can give a report. Neither Olivia nor Robert can give an afternoon report. If Nina gives a report, then on the next day Helen and Irving must both give reports, unless Nina's report is given on Wednesday.Q: If Kyle and Lenore do not give reports, then the morning reports on Monday, Tuesday, and Wednesday, respectively, could be given by Answer Choices: (A)Helen, George, and Nina (B)Irving, Robert, and Helen (C)Nina, Helen, and Olivia (D)Olivia, Robert, and Irving (E)Robert, George, and Helen",,D,"Olivia, Robert, and Irving",3,,none,0,"

The problem asks us to determine the morning reports for Monday, Tuesday, and Wednesday given a specific scenario.

**1. Analyze the constraints and the specific scenario:**
*   **Students:** George (G), Helen (H), Irving (I), Kyle (K), Lenore (L), Nina (N), Olivia (O), Robert (R). (8 total).
*   **Reports:** Exactly 6 reports are given.
*   **Scenario:** Kyle (K) and Lenore (L) do not give reports.
*   **Deduction:** Since exactly 6 reports must be given and 2 students (K, L) are excluded, the remaining 6 students (G, H, I, N, O, R) must each give exactly one report.
*   **Time Slots:** There are 3 days (Monday, Tuesday, Wednesday) with 2 slots each (Morning, Afternoon). Total 6 slots.
*   **Constraint 1 (George):** George can only give a report on Tuesday. So G $\in$ {Tuesday Morning, Tuesday Afternoon}.
*   **Constraint 2 (Olivia & Robert):** Neither Olivia nor Robert can give an afternoon report. This means O and R must give reports in the Morning.
*   **Constraint 3 (Nina):** If Nina gives a report, then on the next day Helen (H) and Irving (I) must both give reports, unless Nina's report is given on Wednesday.

**2. Evaluate the Morning Report Candidates:**
*   Since O and R must give reports (as they are part of the 6 students who do",,"

The problem asks us to determine the morning reports for Monday, Tuesday, and Wednesday given a specific scenario.

**1. Analyze the constraints and the specific scenario:**
*   **Students:** George (G), Helen (H), Irving (I), Kyle (K), Lenore (L), Nina (N), Olivia (O), Robert (R). (8 total).
*   **Reports:** Exactly 6 reports are given.
*   **Scenario:** Kyle (K) and Lenore (L) do not give reports.
*   **Deduction:** Since exactly 6 reports must be given and 2 students (K, L) are excluded, the remaining 6 students (G, H, I, N, O, R) must each give exactly one report.
*   **Time Slots:** There are 3 days (Monday, Tuesday, Wednesday) with 2 slots each (Morning, Afternoon). Total 6 slots.
*   **Constraint 1 (George):** George can only give a report on Tuesday. So G $\in$ {Tuesday Morning, Tuesday Afternoon}.
*   **Constraint 2 (Olivia & Robert):** Neither Olivia nor Robert can give an afternoon report. This means O and R must give reports in the Morning.
*   **Constraint 3 (Nina):** If Nina gives a report, then on the next day Helen (H) and Irving (I) must both give reports, unless Nina's report is given on Wednesday.

**2. Evaluate the Morning Report Candidates:**
*   Since O and R must give reports (as they are part of the 6 students who do",8012,0,8012,0,1,length,0,104.05374193191528,0.39968721664394163,3.1111176741018,0.5730534174076869,0.779588536659883,0.9999999937288686,0.31676354784634303,0.25808102642294645,5.463473796844482,0.5144254909092096,0.1038442336495257,1.3151522715926112,9.0,0.12581128307538691,5.0,8012.0,0.28170939126971795,1.9130714528302604,0.4564105318966964,0.8246701576340558,0.9999987508211375,0.30130899693789037,0.19536127054819552,3.031259775161743,0.4379311996940446,0.0859375,1.1875,4.0,0.0859375,1.0,128.0,0.374467197075032,2.329705823634416,0.5260325854716187,0.7732865258180849,0.9999992316939841,0.32937344541114405,0.246868375595229,3.031259775161743,0.4562597383958289,0.12890625,1.28515625,5.0,0.14453125,3.0,256.0,0.45336221258413667,2.733538813365201,0.5717990177902533,0.7420925966614692,0.9999992316939841,0.3320770691516163,0.3058153948352289,3.43196702003479,0.5488929994398596,0.1325,1.35,7.0,0.1575,3.0,400.0,0.4523403353259604,2.733538813365201,0.6025971686603785,0.7497200048779226,0.9999997609566124,0.33361018293137995,0.3041926980642336,3.43196702003479,0.5528123524111374,0.1328125,1.376953125,7.0,0.162109375,3.0,512.0,0.4998752295023388,2.9533386704595355,0.6368854814412094,0.7310396614016671,0.9999998194778267,0.338464981242877,0.33295496624417,4.065370082855225,0.5914859666961199,0.1328125,1.4267578125,9.0,0.1689453125,4.0,1024.0,0.45510003157546103,2.9533386704595355,0.602949567020932,0.7521127003732264,0.9999999206833122,0.32748769109259623,0.2950181925911928,4.065370082855225,0.5446955012478328,0.1142578125,1.3662109375,9.0,0.14306640625,5.0,2048.0,,,,,,,,,,,,,,,,,,,,,,,,,,,,,,,,,,,,,,,,,,,,,,,,,,,,,,,,,,,,,,,,,,,,,,,,,,,,,,,,,,,,,,,,,,,,,,,,,,,,,,,,,
2,"Of the eight students—George, Helen, Irving, Kyle, Lenore, Nina, Olivia, and Robert—in a seminar, exactly six will give individual oral reports during three consecutive days—Monday, Tuesday, and Wednesday. Exactly two reports will be given each day—one in the morning and one in the afternoon—according to the following conditions: Tuesday is the only day on which George can give a report. Neither Olivia nor Robert can give an afternoon report. If Nina gives a report, then on the next day Helen and Irving must both give reports, unless Nina's report is given on Wednesday.Q: Which one of the following is a pair of students who, if they give reports on the same day as each other, must give reports on Wednesday? Answer Choices: (A)George and Lenore (B)Helen and Nina (C)Irving and Robert (D)Kyle and Nina (E)Olivia and Kyle","Of the eight students—George, Helen, Irving, Kyle, Lenore, Nina, Olivia, and Robert—in a seminar, exactly six will give individual oral reports during three consecutive days—Monday, Tuesday, and Wednesday. Exactly two reports will be given each day—one in the morning and one in the afternoon—according to the following conditions: Tuesday is the only day on which George can give a report. Neither Olivia nor Robert can give an afternoon report. If Nina gives a report, then on the next day Helen and Irving must both give reports, unless Nina's report is given on Wednesday.Q: Which one of the following is a pair of students who, if they give reports on the same day as each other, must give reports on Wednesday? Answer Choices: (A)George and Lenore (B)Helen and Nina (C)Irving and Robert (D)Kyle and Nina (E)Olivia and Kyle",,B,Helen and Nina,1,,none,0,,,,8012,0,8012,0,1,length,0,105.0073549747467,0.3618910646382877,2.9562504914824124,0.5547397576853282,0.803227725892404,0.9999999920464013,0.30283639567483533,0.2321245580570106,5.6903886795043945,0.4873160702174659,0.08399900149775337,1.2824513230154768,10.0,0.10109835247129306,5.0,8012.0,0.29182075601371277,2.2845928831458244,0.42465496855624146,0.8305301400239423,0.9999990051768116,0.2608843179447706,0.17701458512948598,1.9944558143615723,0.3678152272928023,0.046875,1.1484375,3.0,0.0546875,2.0,128.0,0.28304482544231785,2.5130670607870567,0.43552817423866674,0.837616811293812,0.9999993204738736,0.2619961566960101,0.17293134822087652,2.5993223190307617,0.3782492369376741,0.04296875,1.16796875,6.0,0.046875,2.0,256.0,0.3380278931445252,2.5130670607870567,0.5141438184279206,0.8149068196669874,0.9999995320751242,0.28462219867725,0.21111732686361825,3.3324055671691895,0.45186381748443605,0.065,1.2325,6.0,0.0775,2.0,400.0,0.34719643289129676,2.5130670607870567,0.5139900170160983,0.8113911109919515,0.9999997991272235,0.28447811274922885,0.20745059817086703,3.3324055671691895,0.4310192304955349,0.068359375,1.232421875,6.0,0.080078125,2.0,512.0,0.40960394166067216,2.8745670038624698,0.5793464103333585,0.7797386356065364,0.9999998890433548,0.31241589684656457,0.26054340598771725,5.1384663581848145,0.5200364943663368,0.09765625,1.3203125,8.0,0.1171875,3.0,1024.0,0.4545787294391767,2.9562504914824124,0.6028456075565317,0.7568360265645975,0.9999999405030486,0.32199323572864486,0.2989415918849984,5.6903886795043945,0.5589412723773398,0.107421875,1.3662109375,10.0,0.12744140625,4.0,2048.0,,,,,,,,,,,,,,,,,,,,,,,,,,,,,,,,,,,,,,,,,,,,,,,,,,,,,,,,,,,,,,,,,,,,,,,,,,,,,,,,,,,,,,,,,,,,,,,,,,,,,,,,,
3,"Of the eight students—George, Helen, Irving, Kyle, Lenore, Nina, Olivia, and Robert—in a seminar, exactly six will give individual oral reports during three consecutive days—Monday, Tuesday, and Wednesday. Exactly two reports will be given each day—one in the morning and one in the afternoon—according to the following conditions: Tuesday is the only day on which George can give a report. Neither Olivia nor Robert can give an afternoon report. If Nina gives a report, then on the next day Helen and Irving must both give reports, unless Nina's report is given on Wednesday.Q: If George, Nina, and Robert give reports and they do so on different days from one another, which one of the following could be true? Answer Choices: (A)Helen gives a report on Wednesday. (B)Nina gives a report on Monday. (C)Nina gives a report on Tuesday. (D)Olivia gives a report on Monday. (E)Robert gives a report on Wednesday.","Of the eight students—George, Helen, Irving, Kyle, Lenore, Nina, Olivia, and Robert—in a seminar, exactly six will give individual oral reports during three consecutive days—Monday, Tuesday, and Wednesday. Exactly two reports will be given each day—one in the morning and one in the afternoon—according to the following conditions: Tuesday is the only day on which George can give a report. Neither Olivia nor Robert can give an afternoon report. If Nina gives a report, then on the next day Helen and Irving must both give reports, unless Nina's report is given on Wednesday.Q: If George, Nina, and Robert give reports and they do so on different days from one another, which one of the following could be true? Answer Choices: (A)Helen gives a report on Wednesday. (B)Nina gives a report on Monday. (C)Nina gives a report on Tuesday. (D)Olivia gives a report on Monday. (E)Robert gives a report on Wednesday.",,A,Helen gives a report on Wednesday.,0,A,final_answer,1,"

The problem asks us to identify which statement could be true given a specific set of conditions and a scenario where George, Nina, and Robert give reports on different days.

**Step 1: Analyze the General Conditions**
1.  **George (G):** Can only give a report on Tuesday.
2.  **Olivia (O) & Robert (R):** Cannot give an afternoon report (must be Morning).
3.  **Nina (N):** If N gives a report, then on the next day, Helen (H) and Irving (I) must both give reports, **unless** N's report is on Wednesday.
4.  **Schedule:** 3 days (Mon, Tue, Wed), 2 slots per day (AM, PM). Total 6 reports.

**Step 2: Analyze the Specific Scenario**
*   George, Nina, and Robert give reports.
*   They give reports on **different days** from one another.

**Step 3: Deduce the Days for George, Nina, and Robert**
*   Since George can only give a report on Tuesday, **George is on Tuesday**.
*   Since Nina and Robert are on different days from George and each other, Nina and Robert must occupy Monday and Wednesday.
*   We need to determine who is on Monday and who is on Wednesday.
    *   **Hypothesis 1: Nina is on Monday.**
        *   If Nina is on Monday, the condition ""If Nina gives a report... on the next day Helen and Irving must both give reports"" applies (since she is not on Wednesday).
        *   The ""next day"" after Monday is Tuesday.
        *   So, Helen and Irving must give reports on Tuesday.
        *   However, George must also give a report on Tuesday.
        *   Tuesday has exactly two slots (AM and PM).
        *   If George, Helen, and Irving all give reports on Tuesday, that would be three reports. This is impossible.
        *   Therefore, Nina **cannot** be on Monday.
    *   **Conclusion:** Nina must be on **Wednesday**.
    *   Consequently, Robert must be on **Monday**.

**Step 4: Evaluate the Answer Choices**
Based on the deduction:
*   George: Tuesday
*   Nina: Wednesday
*   Robert: Monday

*   **(A) Helen gives a report on Wednesday.**
    *   Nina is on Wednesday (taking one slot).
    *   Wednesday has two slots.
    *   There is no rule preventing Helen from reporting on Wednesday (the rule about H and I reporting next day is waived because Nina is on Wednesday).
    *   This is **possible**.

*   **(B) Nina gives a report on Monday.**
    *   We proved Nina cannot be on Monday. **Impossible**.

*   **(C) Nina gives a report on Tuesday.**
    *   George is on Tuesday. Nina must be on a different day. **Impossible**.

*   **(D) Olivia gives a report on Monday.**
    *   Robert is on Monday.
    *   Robert cannot give an afternoon report, so Robert takes the **Monday Morning** slot.
    *   Olivia cannot give an afternoon report, so she needs a morning slot.
    *   The only morning slot on Monday is taken by Robert.
    *   Therefore, Olivia cannot give a report on Monday. **Impossible**.

*   **(E) Robert gives a report on Wednesday.**
    *   We deduced Robert is on Monday. **Impossible**.

Only choice (A) is consistent with the constraints.

Final Answer: A",,"

The problem asks us to identify which statement could be true given a specific set of conditions and a scenario where George, Nina, and Robert give reports on different days.

**Step 1: Analyze the General Conditions**
1.  **George (G):** Can only give a report on Tuesday.
2.  **Olivia (O) & Robert (R):** Cannot give an afternoon report (must be Morning).
3.  **Nina (N):** If N gives a report, then on the next day, Helen (H) and Irving (I) must both give reports, **unless** N's report is on Wednesday.
4.  **Schedule:** 3 days (Mon, Tue, Wed), 2 slots per day (AM, PM). Total 6 reports.

**Step 2: Analyze the Specific Scenario**
*   George, Nina, and Robert give reports.
*   They give reports on **different days** from one another.

**Step 3: Deduce the Days for George, Nina, and Robert**
*   Since George can only give a report on Tuesday, **George is on Tuesday**.
*   Since Nina and Robert are on different days from George and each other, Nina and Robert must occupy Monday and Wednesday.
*   We need to determine who is on Monday and who is on Wednesday.
    *   **Hypothesis 1: Nina is on Monday.**
        *   If Nina is on Monday, the condition ""If Nina gives a report... on the next day Helen and Irving must both give reports"" applies (since she is not on Wednesday).
        *   The ""next day"" after Monday is Tuesday.
        *   So, Helen and Irving must give reports on Tuesday.
        *   However, George must also give a report on Tuesday.
        *   Tuesday has exactly two slots (AM and PM).
        *   If George, Helen, and Irving all give reports on Tuesday, that would be three reports. This is impossible.
        *   Therefore, Nina **cannot** be on Monday.
    *   **Conclusion:** Nina must be on **Wednesday**.
    *   Consequently, Robert must be on **Monday**.

**Step 4: Evaluate the Answer Choices**
Based on the deduction:
*   George: Tuesday
*   Nina: Wednesday
*   Robert: Monday

*   **(A) Helen gives a report on Wednesday.**
    *   Nina is on Wednesd",7448,0,7448,841,0,stop,0,95.55730271339417,0.4332413756920419,2.9501614778844436,0.5801628260079631,0.760270829466227,0.9999999942674573,0.3221414583272216,0.27426025783778885,7.2994184494018555,0.5108994331384512,0.10848549946294307,1.340359828141783,8.0,0.12969924812030076,4.0,7448.0,0.34473667288143534,2.239214045945328,0.5044648504742858,0.8139609766369768,0.9999999636725942,0.2799140157516409,0.20408801518340303,2.81321382522583,0.414004701444688,0.0625,1.234375,5.0,0.0625,1.0,128.0,0.43930948894046323,2.5494859835813135,0.5568240189663726,0.74925810731306,0.9999999636725942,0.3182527699922769,0.2628274966199662,2.81321382522583,0.44099893655659234,0.12109375,1.34375,7.0,0.13671875,3.0,256.0,0.42220449058197423,2.906448396438085,0.5777430702738412,0.7648503751429874,0.9999999636725942,0.3158717911910157,0.24622353854193718,2.81321382522583,0.4343133594083838,0.1125,1.3425,8.0,0.1425,3.0,400.0,0.4428613294429842,2.906448396438085,0.570816969380203,0.7497243608323487,0.9999999636725942,0.32135753741412665,0.26283931571900165,2.81321382522583,0.45250477025267805,0.1171875,1.345703125,8.0,0.140625,3.0,512.0,0.41261331475480456,2.906448396438085,0.5586612502637017,0.7662063267202642,0.9999999636725942,0.31729687421782066,0.24800312629971477,4.522559642791748,0.4608383483763148,0.1083984375,1.3193359375,8.0,0.1328125,3.0,1024.0,0.4728963865818351,2.9501614778844436,0.6087897729861663,0.7406248635076729,0.9999999858206482,0.3305281254416601,0.29280183180120917,4.522559642791748,0.5088129694172849,0.123046875,1.38525390625,8.0,0.1455078125,3.0,2048.0,0.41292400348851394,2.906448396438085,0.5653149323803801,0.7667722470763029,0.9999999636725942,0.31718263398318536,0.24923919336141037,4.522559642791748,0.46599402934722817,0.10939357907253269,1.3269916765755054,8.0,0.13079667063020214,3.0,841.0,0.34473667288143534,2.239214045945328,0.5044648504742858,0.8139609766369768,0.9999999636725942,0.2799140157516409,0.20408801518340303,2.81321382522583,0.414004701444688,0.0625,1.234375,5.0,0.0625,1.0,128.0,0.43930948894046323,2.5494859835813135,0.5568240189663726,0.74925810731306,0.9999999636725942,0.3182527699922769,0.2628274966199662,2.81321382522583,0.44099893655659234,0.12109375,1.34375,7.0,0.13671875,3.0,256.0,0.42220449058197423,2.906448396438085,0.5777430702738412,0.7648503751429874,0.9999999636725942,0.3158717911910157,0.24622353854193718,2.81321382522583,0.4343133594083838,0.1125,1.3425,8.0,0.1425,3.0,400.0,0.4428613294429842,2.906448396438085,0.570816969380203,0.7497243608323487,0.9999999636725942,0.32135753741412665,0.26283931571900165,2.81321382522583,0.45250477025267805,0.1171875,1.345703125,8.0,0.140625,3.0,512.0,0.41292400348851394,2.906448396438085,0.5653149323803801,0.7667722470763029,0.9999999636725942,0.31718263398318536,0.24923919336141037,4.522559642791748,0.46599402934722817,0.10939357907253269,1.3269916765755054,8.0,0.13079667063020214,3.0,841.0,0.41292400348851394,2.906448396438085,0.5653149323803801,0.7667722470763029,0.9999999636725942,0.31718263398318536,0.24923919336141037,4.522559642791748,0.46599402934722817,0.10939357907253269,1.3269916765755054,8.0,0.13079667063020214,3.0,841.0
4,"Of the eight students—George, Helen, Irving, Kyle, Lenore, Nina, Olivia, and Robert—in a seminar, exactly six will give individual oral reports during three consecutive days—Monday, Tuesday, and Wednesday. Exactly two reports will be given each day—one in the morning and one in the afternoon—according to the following conditions: Tuesday is the only day on which George can give a report. Neither Olivia nor Robert can give an afternoon report. If Nina gives a report, then on the next day Helen and Irving must both give reports, unless Nina's report is given on Wednesday.Q: If Kyle gives the afternoon report on Tuesday, and Helen gives the afternoon report on Wednesday, which one of the following could be the list of the students who give the morning reports on Monday, Tuesday, and Wednesday, respectively? Answer Choices: (A)Irving, Lenore, and Nina (B)Lenore, George, and Irving (C)Nina, Irving, and Lenore (D)Robert, George, and Irving (E)Robert, Irving, and Lenore","Of the eight students—George, Helen, Irving, Kyle, Lenore, Nina, Olivia, and Robert—in a seminar, exactly six will give individual oral reports during three consecutive days—Monday, Tuesday, and Wednesday. Exactly two reports will be given each day—one in the morning and one in the afternoon—according to the following conditions: Tuesday is the only day on which George can give a report. Neither Olivia nor Robert can give an afternoon report. If Nina gives a report, then on the next day Helen and Irving must both give reports, unless Nina's report is given on Wednesday.Q: If Kyle gives the afternoon report on Tuesday, and Helen gives the afternoon report on Wednesday, which one of the following could be the list of the students who give the morning reports on Monday, Tuesday, and Wednesday, respectively? Answer Choices: (A)Irving, Lenore, and Nina (B)Lenore, George, and Irving (C)Nina, Irving, and Lenore (D)Robert, George, and Irving (E)Robert, Irving, and Lenore",,D,"Robert, George, and Irving",3,,none,0,"

The problem asks us to identify the list of students giving the morning reports on Monday, Tuesday, and Wednesday, respectively, given a set of conditions and specific scenario details.

**1. Analyze the Fixed Slots based on Scenario Conditions:**
*   **Kyle** gives the afternoon report on **Tuesday**.
    *   Slot: Tuesday Afternoon (Tue PM) = Kyle.
*   **Helen** gives the afternoon report on **Wednesday**.
    *   Slot: Wednesday Afternoon (Wed PM) = Helen.

**2. Analyze George's Constraint:**
*   George can give a report **only on Tuesday**.
*   Since Tuesday Afternoon is occupied by Kyle, George must give the **Tuesday Morning** report.
    *   Slot: Tuesday Morning (Tue AM) = George.

**3. Analyze the Nina Constraint:**
*   ""If Nina gives a report, then on the next day Helen and Irving must both give reports, unless Nina's report is given on Wednesday.""",,"

The problem asks us to identify the list of students giving the morning reports on Monday, Tuesday, and Wednesday, respectively, given a set of conditions and specific scenario details.

**1. Analyze the Fixed Slots based on Scenario Conditions:**
*   **Kyle** gives the afternoon report on **Tuesday**.
    *   Slot: Tuesday Afternoon (Tue PM) = Kyle.
*   **Helen** gives the afternoon report on **Wednesday**.
    *   Slot: Wednesday Afternoon (Wed PM) = Helen.

**2. Analyze George's Constraint:**
*   George can give a report **only on Tuesday**.
*   Since Tuesday Afternoon is occupied by Kyle, George must give the **Tuesday Morning** report.
    *   Slot: Tuesday Morning (Tue AM) = George.

**3. Analyze the Nina Constraint:**
*   ""If Nina gives a report, then on the next day Helen and Irving must both give reports, unless Nina's report is given on Wednesday.""",8012,0,8012,0,1,length,0,103.23200130462646,0.39319324278636,3.3746448371373488,0.5689177893868197,0.78479306896425,0.9999999992668295,0.31349568088595964,0.25600246776714913,8.584102630615234,0.5278992541761398,0.09860209685471792,1.3092860708936596,13.0,0.11807289066400399,7.0,8012.0,0.33577187257029506,2.8400500416110868,0.49066192463701025,0.7861000914472471,0.9999999786782527,0.3135191438517272,0.22702901573018636,1.9795501232147217,0.42023566358437825,0.125,1.2421875,7.0,0.1484375,2.0,128.0,0.30557996721423086,2.8400500416110868,0.4822999953870695,0.8211984861236764,0.9999999786782527,0.28637367214045045,0.17863738570295604,1.9795501232147217,0.3631912465725053,0.078125,1.20703125,7.0,0.1015625,3.0,256.0,0.38270224525405283,2.8400500416110868,0.5608310409261064,0.7909395022850386,0.9999999786782527,0.3042453029607863,0.23255370531256914,3.7923355102539062,0.46404636271528793,0.0875,1.2825,7.0,0.1125,3.0,400.0,0.39059606587940143,2.8400500416110868,0.5681854506338685,0.7862155448604355,0.9999999786782527,0.3079526400339943,0.2348853865927501,3.7923355102539062,0.46464173112091656,0.09375,1.296875,7.0,0.119140625,3.0,512.0,0.4713721395788391,2.915441779398048,0.6327947189484852,0.7519962721780378,0.9999999786782527,0.3297652527293943,0.31076294373978103,4.517714977264404,0.5751324366285137,0.119140625,1.3896484375,8.0,0.1474609375,4.0,1024.0,0.40241066851149343,2.915441779398048,0.5849229579425564,0.7838337170982713,0.9999999786782527,0.31563814290699993,0.2545816860591702,4.517714977264404,0.5063059554589283,0.10107421875,1.32080078125,8.0,0.1220703125,4.0,2048.0,,,,,,,,,,,,,,,,,,,,,,,,,,,,,,,,,,,,,,,,,,,,,,,,,,,,,,,,,,,,,,,,,,,,,,,,,,,,,,,,,,,,,,,,,,,,,,,,,,,,,,,,,
5,"Of the eight students—George, Helen, Irving, Kyle, Lenore, Nina, Olivia, and Robert—in a seminar, exactly six will give individual oral reports during three consecutive days—Monday, Tuesday, and Wednesday. Exactly two reports will be given each day—one in the morning and one in the afternoon—according to the following conditions: Tuesday is the only day on which George can give a report. Neither Olivia nor Robert can give an afternoon report. If Nina gives a report, then on the next day Helen and Irving must both give reports, unless Nina's report is given on Wednesday.Q: If Helen, Kyle, and Lenore, not necessarily in that order, give the three morning reports, which one of the following must be true? Answer Choices: (A)Helen gives a report on Monday. (B)Irving gives a report on Monday. (C)Irving gives a report on Wednesday. (D)Kyle gives a report on Tuesday. (E)Kyle gives a report on Wednesday.","Of the eight students—George, Helen, Irving, Kyle, Lenore, Nina, Olivia, and Robert—in a seminar, exactly six will give individual oral reports during three consecutive days—Monday, Tuesday, and Wednesday. Exactly two reports will be given each day—one in the morning and one in the afternoon—according to the following conditions: Tuesday is the only day on which George can give a report. Neither Olivia nor Robert can give an afternoon report. If Nina gives a report, then on the next day Helen and Irving must both give reports, unless Nina's report is given on Wednesday.Q: If Helen, Kyle, and Lenore, not necessarily in that order, give the three morning reports, which one of the following must be true? Answer Choices: (A)Helen gives a report on Monday. (B)Irving gives a report on Monday. (C)Irving gives a report on Wednesday. (D)Kyle gives a report on Tuesday. (E)Kyle gives a report on Wednesday.",,B,Irving gives a report on Monday.,1,,none,0,"

The problem asks us to determine which statement must be true given a specific scenario involving eight students (George, Helen, Irving, Kyle, Lenore, Nina, Olivia, Robert) giving six oral reports over three days (Monday, Tuesday, Wednesday) with two slots per day (Morning, Afternoon).

**1. Analyze the Constraints:**
*   **Total Reports:** 6.
*   **Slots:** 3 Days $\times$ 2 Slots = 6 Slots (Mon AM, Mon PM, Tue AM, Tue PM, Wed AM, Wed PM).
*   **George (G):** Can only give a report on Tuesday. (Tue AM or Tue PM).
*   **Olivia (O) & Robert (R):** Cannot give afternoon reports. (Must be AM or not speak).
*   **Nina (N):** If N speaks, then H and I must speak on the next day, *unless* N speaks on Wednesday.
*   **Scenario:** Helen (H), Kyle (K), and Lenore (L) give the three morning reports.

**2. Deduce the Speakers:**
*   The scenario states that H, K, and L occupy the three Morning slots.
*   Since O and R cannot give afternoon reports, they can only give morning reports if they speak at all.
*   However, the three morning slots are fully occupied by H, K, and L.
*   Therefore, O and R cannot give any reports.
*   We need 6 speakers. With O and R excluded, the remaining students are G, H, I, K, L, N. There are exactly 6 of them.
*   Thus, the speakers are {G, H, I, K, L, N}.

**3. Determine Day Assignments:**
*   **Morning Slots:** Occupied by {H, K, L}.
*   **Afternoon Slots:** Since H, K, L are in the Morning, the remaining speakers {G, I, N} must occupy the three Afternoon slots.
*   **George (G):** Must be on Tuesday. Since G is an Afternoon speaker (Morning is full), **G is on Tuesday PM**.
*   **Nina (N):** N is a speaker. We need to determine N's day.
    *   If N is on **Monday PM**: The rule states that on the next day (Tuesday), H and I must both give reports.
        *   Tuesday has two slots: AM and PM.
        *   Tuesday PM is occupied by G.
        *   Therefore, I must",,"

The problem asks us to determine which statement must be true given a specific scenario involving eight students (George, Helen, Irving, Kyle, Lenore, Nina, Olivia, Robert) giving six oral reports over three days (Monday, Tuesday, Wednesday) with two slots per day (Morning, Afternoon).

**1. Analyze the Constraints:**
*   **Total Reports:** 6.
*   **Slots:** 3 Days $\times$ 2 Slots = 6 Slots (Mon AM, Mon PM, Tue AM, Tue PM, Wed AM, Wed PM).
*   **George (G):** Can only give a report on Tuesday. (Tue AM or Tue PM).
*   **Olivia (O) & Robert (R):** Cannot give afternoon reports. (Must be AM or not speak).
*   **Nina (N):** If N speaks, then H and I must speak on the next day, *unless* N speaks on Wednesday.
*   **Scenario:** Helen (H), Kyle (K), and Lenore (L) give the three morning reports.

**2. Deduce the Speakers:**
*   The scenario states that H, K, and L occupy the three Morning slots.
*   Since O and R cannot give afternoon reports, they can only give morning reports if they speak at all.
*   However, the three morning slots are fully occupied by H, K, and L.
*   Therefore, O and R cannot give any reports.
*   We need 6 speakers. With O and R excluded, the remaining students are G, H, I, K, L, N. There are exactly 6 of them.
*   Thus, the speakers are {G, H, I, K, L, N}.

**3. Determine Day Assignments:**
*   **Morning Slots:** Occupied by {H, K, L}.
*   **Afternoon Slots:** Since H, K, L are in the Morning, the remaining speakers {G, I, N} must occupy the three Afternoon slots.
*   **George (G):** Must be on Tuesday. Since G is an Afternoon speaker (Morning is full), **G is on Tuesday PM**.
*   **Nina (N):** N is a speaker. We need to determine N's day.
    *   If N is on **Monday PM**: The rule states that on the next day (Tuesday), H and I must both give reports.
        *   Tuesday has two slots: AM and PM.
        *   Tuesday PM is occupied by G.
        *   Therefore, I must",8012,0,8012,0,1,length,0,101.41055727005005,0.433350863026557,3.0319616987835043,0.578421609116848,0.758958741045279,0.9999999981871188,0.32587114340844825,0.2767535544344264,7.31310510635376,0.516013481630309,0.11045931103344983,1.34236145781328,9.0,0.13467299051422865,4.0,8012.0,0.3750436906534234,3.0319616987835043,0.5791192737189237,0.7976842542544055,0.9999996473926579,0.30914460181240244,0.32279631663997144,7.31310510635376,0.8756230752523032,0.1015625,1.34375,9.0,0.125,3.0,128.0,0.3820113465827135,3.0319616987835043,0.5648284266997163,0.7875840458993139,0.9999996473926579,0.31252170136998475,0.2856950777721372,7.31310510635376,0.7037204755346274,0.08984375,1.3359375,9.0,0.11328125,3.0,256.0,0.3995090324538768,3.0319616987835043,0.577416718942084,0.7812031288994348,0.9999996473926579,0.31563007303914353,0.2753883761704139,7.31310510635376,0.6334997145681456,0.0975,1.34,9.0,0.12,3.0,400.0,0.45131513511335203,3.0319616987835043,0.6224023770417156,0.7574090483333974,0.999999894015964,0.32895232420168513,0.2974987682829155,7.31310510635376,0.6155559782092461,0.109375,1.400390625,9.0,0.138671875,3.0,512.0,0.4526904767620369,3.0319616987835043,0.6093378670689062,0.7516602882443546,0.9999999722995692,0.3304602878602581,0.29232727271577885,7.31310510635376,0.5646603571223615,0.1123046875,1.3837890625,9.0,0.142578125,3.0,1024.0,0.4653263703705687,3.0319616987835043,0.6144483518162169,0.7510575309532502,0.9999999722995692,0.3271359040176295,0.2992221239879058,7.31310510635376,0.5698123188710617,0.10546875,1.390625,9.0,0.134765625,3.0,2048.0,,,,,,,,,,,,,,,,,,,,,,,,,,,,,,,,,,,,,,,,,,,,,,,,,,,,,,,,,,,,,,,,,,,,,,,,,,,,,,,,,,,,,,,,,,,,,,,,,,,,,,,,,
6,"The organizer of a reading club will select at least five and at most six works from a group of nine works. The group consists of three French novels, three Russian novels, two French plays, and one Russian play. The organizer's selection of works must conform to the following requirements: No more than four French works are selected. At least three but no more than four novels are selected. At least as many French novels as Russian novels are selected. If both French plays are selected, then the Russian play is not selected.Q: Which one of the following could be the organizer's selection of works? Answer Choices: (A)one French novel, two Russian novels, one French play, one Russian play (B)two French novels, one Russian novel, two French plays, one Russian play (C)two French novels, two Russian novels, two French plays (D)three French novels, one Russian novel, two French plays (E)three French novels, two Russian novels, one Russian play","The organizer of a reading club will select at least five and at most six works from a group of nine works. The group consists of three French novels, three Russian novels, two French plays, and one Russian play. The organizer's selection of works must conform to the following requirements: No more than four French works are selected. At least three but no more than four novels are selected. At least as many French novels as Russian novels are selected. If both French plays are selected, then the Russian play is not selected.Q: Which one of the following could be the organizer's selection of works? Answer Choices: (A)one French novel, two Russian novels, one French play, one Russian play (B)two French novels, one Russian novel, two French plays, one Russian play (C)two French novels, two Russian novels, two French plays (D)three French novels, one Russian novel, two French plays (E)three French novels, two Russian novels, one Russian play",,C,"two French novels, two Russian novels, two French plays",2,C,final_answer,1,"

Let's break down the constraints and check each option against them.

**The Inventory:**
*   French Novels (FN): 3
*   Russian Novels (RN): 3
*   French Plays (FP): 2
*   Russian Plays (RP): 1

**The Constraints:**
1.  **Total Works:** $5 \le \text{Total} \le 6$
2.  **French Works:** $\text{FN} + \text{FP} \le 4$
3.  **Novels:** $3 \le (\text{FN} + \text{RN}) \le 4$
4.  **Novel Ratio:** $\text{FN} \ge \text{RN}$
5.  **Plays Condition:** If $\text{FP} = 2$, then $\text{RP} = 0$.

**Evaluating the Options:**

*   **(A) one French novel, two Russian novels, one French play, one Russian play**
    *   Total: $1 + 2 + 1 + 1 = 5$ (Passes)
    *   French Works: $1 + 1 = 2$ (Passes $\le 4$)
    *   Novels: $1 + 2 = 3$ (Passes $3-4$)
    *   Novel Ratio: $\text{FN} (1) \ge \text{RN} (2)$? **No**.
    *   *Result: Invalid.*

*   **(B) two French novels, one Russian novel, two French plays, one Russian play**
    *   Total: $2 + 1 + 2 + 1 = 6$ (Passes)
    *   French Works: $2 + 2 = 4$ (Passes $\le 4$)
    *   Novels: $2 + 1 = 3$ (Passes $3-4$)
    *   Novel Ratio: $\text{FN} (2) \ge \text{RN} (1)$ (Passes)
    *   Plays Condition: $\text{FP} = 2$ implies $\text{RP} = 0$. Here $\text{FP} = 2$ and $\text{RP} = 1$. **No**.
    *   *Result: Invalid.*

*   **(C) two French novels, two Russian novels, two French plays**
    *   Total: $2 + 2 + 2 + 0 = 6$ (Passes)
    *   French Works: $2 + 2 = 4$ (Passes $\le 4$)
    *   Novels: $2 + 2 = 4$ (Passes $3-4$)
    *   Novel Ratio: $\text{FN} (2) \ge \text{RN} (2)$ (Passes)
    *   Plays Condition: $\text{FP} = 2$ implies $\text{RP} = 0$. Here $\text{FP} = 2$ and $\text{RP} = 0$. **Passes**.
    *   *Result: Valid.*

*   **(D) three French novels, one Russian novel, two French plays**
    *   Total: $3 + 1 + 2 + 0 = 6$ (Passes)
    *   French Works: $3 + 2 = 5$ (Fails $\le 4$).
    *   *Result: Invalid.*

*   **(E) three French novels, two Russian novels, one Russian play**
    *   Total: $3 + 2 + 0 + 1 = 6$ (Passes)
    *   French Works: $3 + 0 = 3$ (Passes $\le 4$)
    *   Novels: $3 + 2 = 5$ (Fails $3-4$).
    *   *Result: Invalid.*

Only option (C) satisfies all the given conditions.

Final Answer: C",,"

Let's break down the constraints and check each option against them.

**The Inventory:**
*   French Novels (FN): 3
*   Russian Novels (RN): 3
*   French Plays (FP): 2
*   Russian Plays (RP): 1

**The Constraints:**
1.  **Total Works:** $5 \le \text{Total} \le 6$
2.  **French Works:** $\text{FN} + \text{FP} \le 4$
3.  **Novels:** $3 \le (\text{FN} + \text{RN}) \le 4$
4.  **Novel Ratio:** $\text{FN} \ge \text{RN}$
5.  **Plays Condition:** If $\text{FP} = 2$, then $\text{RP} = 0$.

**Evaluating the Options:**

*   **(A) one French novel, two Russian novels, one French play, one Russian play**
    *   Total: $1 + 2 + 1 + 1 = 5$ (Passes)
    *   French Works: $1 + 1 = 2$ (Passes $\le 4$)
    *   Novels: $1 + 2 = 3$ (Passes $3-4$)
    *   Novel Ratio: $\text{FN} (1) \ge \text{RN} (2)$? **No**.
    *   *Result: Invalid.*

*   **(B) two French novels, one Russian novel, two French plays, one Russian play**
    *   Total: $2 + 1 + 2 + 1 = 6$ (Passes)
    *   French Works: $2 + 2 = 4$ (Passes $\le 4$)
    *   Novels: $2 + 1 = 3$ (Passes $3-4$)
    *   Novel Ratio: $\text{FN} (2) \ge \text{RN} (1)$ (Passes)
    *   Plays Condition: $\text{FP} = 2$ implies $\text{RP} = 0$. Here $\text{FP} = 2$ and $\text{RP} = 1$. **No**.
    *   *Result: Invalid.*

*   **(C) two French novels, two Russian novels, two French plays**
    *   Total: $2 + 2 + 2 + 0 = 6$ (Passes)
    *   French Works: $2 + 2 = 4$ (Passes $\le 4$)
    *   Novels: $2 + 2 = 4$ (Passes $3-4$)
    *   Novel Ratio: $\text{FN} (2) \ge \text{RN} (2)$ (Passes)
    *   Plays Condition: $\text{FP} = 2$ implies $\text{RP} = 0$. Here $\text{FP} = 2$ and $\text{RP} = 0$. **Passes**.
    *   *Result: Valid.*

*   **(D) three French novels, one Russian novel, two French plays**
    *   Total: $3 + 1 + 2 + 0 = 6$ (Passes)
    *   French Works: $3 + 2 = 5$ (Fails $\le 4$).
    *   *Result: Invalid.*

*   **(E) three French novels, two Russian novels, one Russian play**
    *   Total: $3 + 2 + 0 + 1 = 6$ (Passes)
    *   French Wor",2479,0,2479,817,0,stop,0,34.29383635520935,0.10004889962085238,2.669717959737933,0.2925190216986646,0.9392615901736603,0.999999997965728,0.1855681728376259,0.06068819572932961,4.628734588623047,0.2599723457339998,0.024203307785397338,1.0657523194836627,7.0,0.029043969342476807,4.0,2479.0,0.2236286960233932,2.669717959737933,0.41037377445386075,0.8552192128966697,0.9999998336302827,0.27356840596445664,0.12102511430329072,2.280611276626587,0.2869781446534053,0.0625,1.171875,7.0,0.0859375,4.0,128.0,0.1644625429267018,2.669717959737933,0.363663239277585,0.8975223107201181,0.9999999173337781,0.2386477315325588,0.08680895075793493,2.280611276626587,0.2470856104649167,0.046875,1.1171875,7.0,0.0625,4.0,256.0,0.16179250885925778,2.669717959737933,0.35844300522428446,0.9011402605172735,0.9999999906612589,0.231217363121243,0.08331679291062885,2.280611276626587,0.23425768678758296,0.0475,1.105,7.0,0.0575,4.0,400.0,0.1631556893960197,2.669717959737933,0.35596497011096356,0.9000947411500648,0.9999999906612589,0.2301542454738567,0.08739163501621182,2.9058427810668945,0.25857894456087205,0.041015625,1.107421875,7.0,0.05078125,4.0,512.0,0.10088423864491519,2.669717959737933,0.2855113644770141,0.9374329589774679,0.9999999906612589,0.18668945182697202,0.056190275644057215,3.444995403289795,0.2251004160996822,0.0244140625,1.0634765625,7.0,0.029296875,4.0,1024.0,0.11001373803447292,2.669717959737933,0.3096399452375859,0.933547092069948,0.999999997965728,0.19475738810617213,0.06656303021158078,4.628734588623047,0.2762095039602637,0.02685546875,1.07470703125,7.0,0.0322265625,4.0,2048.0,0.12111928829256433,2.669717959737933,0.3107663884694592,0.9259380744610041,0.9999999906612589,0.20013024168863638,0.06677554754854823,3.444995403289795,0.24579216968602946,0.02692778457772338,1.0758873929008568,7.0,0.033047735618115054,4.0,817.0,0.2236286960233932,2.669717959737933,0.41037377445386075,0.8552192128966697,0.9999998336302827,0.27356840596445664,0.12102511430329072,2.280611276626587,0.2869781446534053,0.0625,1.171875,7.0,0.0859375,4.0,128.0,0.1644625429267018,2.669717959737933,0.363663239277585,0.8975223107201181,0.9999999173337781,0.2386477315325588,0.08680895075793493,2.280611276626587,0.2470856104649167,0.046875,1.1171875,7.0,0.0625,4.0,256.0,0.16179250885925778,2.669717959737933,0.35844300522428446,0.9011402605172735,0.9999999906612589,0.231217363121243,0.08331679291062885,2.280611276626587,0.23425768678758296,0.0475,1.105,7.0,0.0575,4.0,400.0,0.1631556893960197,2.669717959737933,0.35596497011096356,0.9000947411500648,0.9999999906612589,0.2301542454738567,0.08739163501621182,2.9058427810668945,0.25857894456087205,0.041015625,1.107421875,7.0,0.05078125,4.0,512.0,0.12111928829256433,2.669717959737933,0.3107663884694592,0.9259380744610041,0.9999999906612589,0.20013024168863638,0.06677554754854823,3.444995403289795,0.24579216968602946,0.02692778457772338,1.0758873929008568,7.0,0.033047735618115054,4.0,817.0,0.12111928829256433,2.669717959737933,0.3107663884694592,0.9259380744610041,0.9999999906612589,0.20013024168863638,0.06677554754854823,3.444995403289795,0.24579216968602946,0.02692778457772338,1.0758873929008568,7.0,0.033047735618115054,4.0,817.0
7,"The organizer of a reading club will select at least five and at most six works from a group of nine works. The group consists of three French novels, three Russian novels, two French plays, and one Russian play. The organizer's selection of works must conform to the following requirements: No more than four French works are selected. At least three but no more than four novels are selected. At least as many French novels as Russian novels are selected. If both French plays are selected, then the Russian play is not selected.Q: Which one of the following could be true about the organizer's selection of works? Answer Choices: (A)No Russian novels are selected. (B)Exactly one French novel is selected. (C)All three plays are selected. (D)All three Russian novels are selected. (E)All five French works are selected.","The organizer of a reading club will select at least five and at most six works from a group of nine works. The group consists of three French novels, three Russian novels, two French plays, and one Russian play. The organizer's selection of works must conform to the following requirements: No more than four French works are selected. At least three but no more than four novels are selected. At least as many French novels as Russian novels are selected. If both French plays are selected, then the Russian play is not selected.Q: Which one of the following could be true about the organizer's selection of works? Answer Choices: (A)No Russian novels are selected. (B)Exactly one French novel is selected. (C)All three plays are selected. (D)All three Russian novels are selected. (E)All five French works are selected.",,A,No Russian novels are selected.,0,A,final_answer,1,"

To determine which statement could be true, we must analyze the constraints and the inventory of works available.

**Inventory:**
- French Novels (FN): 3
- Russian Novels (RN): 3
- French Plays (FP): 2
- Russian Play (RP): 1
- **Total Works:** 9

**Constraints:**
1.  **Selection Size:** $5 \le \text{Total Works Selected} \le 6$.
2.  **French Limit:** $\text{French Works Selected} \le 4$.
3.  **Novel Count:** $3 \le \text{Novels Selected} \le 4$.
4.  **Novel Ratio:** $\text{French Novels Selected} \ge \text{Russian Novels Selected}$.
5.  **Play Condition:** If both French plays are selected ($FP = 2$), then the Russian play is not selected ($RP = 0$).

**Evaluating the Answer Choices:**

**(A) No Russian novels are selected.**
- If $RN = 0$, then from Constraint 4 ($FN \ge RN$), $FN \ge 0$.
- From Constraint 3 ($3 \le N \le 4$), and knowing $N = FN + RN = FN + 0$, we must have $3 \le FN \le 4$. Since there are only 3 French novels available, $FN$ must be exactly 3.
- So far: $FN = 3, RN = 0$. Novels Selected $N = 3$ (Satisfies Constraint 3).
- Check Constraint 2 (French Limit): French Works = $FN + FP = 3 + FP$. We need $3 + FP \le 4$, so $FP \le 1$.
- Check Constraint 1 (Size): Total = $N + (FP + RP) = 3 + FP + RP$. We need Total to be 5 or 6.
- Let's try to construct a valid selection. Set $FP = 1$.
    - Then French Works = $3 + 1 = 4$ (Satisfies Constraint 2).
    - Total = $3 + 1 + RP = 4 + RP$.
    - If we select the Russian Play ($RP = 1$), Total = 5 (Satisfies Constraint 1).
    - Check Constraint 5: Since $FP = 1$ (not 2), the condition ""If both French plays are selected"" is false, so the constraint is satisfied.
- **Selection:** 3 French Novels, 0 Russian Novels, 1 French Play, 1 Russian Play.
- **Verification:**
    - Size: 5 (OK).
    - French Works: 4 (OK).
    - Novels: 3 (OK).
    - FN $\ge$ RN: $3 \ge 0$ (OK).
    - Play Condition: $FP \neq 2$ (OK).
- This scenario is valid. Thus, (A) could be true.

**(B) Exactly one French novel is selected.**
- If $FN = 1$, then from Constraint 4, $RN \le 1$.
- Total Novels $N = FN + RN \le 1 + 1 = 2$.
- Constraint 3 requires $N \ge 3$.
- This is a contradiction. (B) is impossible.

**(C) All three plays are selected.**
- This implies $FP = 2$ and $RP = 1$.
- Constraint 5 states: If $FP = 2$, then $RP = 0$.
- This contradicts $RP = 1$. (C) is impossible.

**(D) All three Russian novels are selected.**
- If $RN = 3$, then from Constraint 4, $FN \ge 3$. Since max FN is 3, $FN = 3$.
- Total Novels $N = FN + RN = 3 + 3 = 6$.
- Constraint 3 requires $N \le 4$.
- This is a contradiction. (D) is impossible.

**(E) All five French works are selected.**
- This implies $FN = 3$ and $FP = 2$.
- Constraint 5 states: If $FP = 2$, then $RP = 0$.
- Count of French Works = $FN + FP = 3 + 2 = 5$.
- Constraint 2 requires French Works $\le 4$.
- This is a contradiction. (E) is impossible.

Only option (A) allows for a valid selection of works that satisfies all conditions.

Final Answer: A",,"

To determine which statement could be true, we must analyze the constraints and the inventory of works available.

**Inventory:**
- French Novels (FN): 3
- Russian Novels (RN): 3
- French Plays (FP): 2
- Russian Play (RP): 1
- **Total Works:** 9

**Constraints:**
1.  **Selection Size:** $5 \le \text{Total Works Selected} \le 6$.
2.  **French Limit:** $\text{French Works Selected} \le 4$.
3.  **Novel Count:** $3 \le \text{Novels Selected} \le 4$.
4.  **Novel Ratio:** $\text{French Novels Selected} \ge \text{Russian Novels Selected}$.
5.  **Play Condition:** If both French plays are selected ($FP = 2$), then the Russian play is not selected ($RP = 0$).

**Evaluating the Answer Choices:**

**(A) No Russian novels are selected.**
- If $RN = 0$, then from Constraint 4 ($FN \ge RN$), $FN \ge 0$.
- From Constraint 3 ($3 \le N \le 4$), and knowing $N = FN + RN = FN + 0$, we must have $3 \le FN \le 4$. Since there are only 3 French novels available, $FN$ must be exactly 3.
- So far: $FN = 3, RN = 0$. Novels Selected $N = 3$ (Satisfies Constraint 3).
- Check Constraint 2 (French Limit): French Works = $FN + FP = 3 + FP$. We need $3 + FP \le 4$, so $FP \le 1$.
- Check Constraint 1 (Size): Total = $N + (FP + RP) = 3 + FP + RP$. We need Total to be 5 or 6.
- Let's try to construct a valid selection. Set $FP = 1$.
    - Then French Works = $3 + 1 = 4$ (Satisfies Constraint 2).
    - Total = $3 + 1 + RP = 4 + RP$.
    - If we select the Russian Play ($RP = 1$), Total = 5 (Satisfies Constraint 1).
    - Check Constraint 5: Since $FP = 1$ (not 2), the condition ""If both French plays are selected"" is false, so the constraint is satisfied.
- **Selection:** 3 French Novels, 0 Russian Novels, 1 French Play, 1 Russian Play.
- **Verification:**
    - Size: 5 (OK).
    - French Works: 4 (OK).
    - Novels: 3 (OK).
    - FN $\ge$ RN: $3 \ge 0$ (OK).
    - Play Condition: $FP \neq 2$ (OK).
- This scenario is valid. Thus, (A) could be true.

**(B) Exactly one French novel is selected.**
- I",6051,0,6051,1156,0,stop,0,75.11410999298096,0.21334191828303742,2.948809031189891,0.41427055558555714,0.8704329730609762,0.9999999985134616,0.2571714074973692,0.1387579301556694,5.61450719833374,0.37755547768384035,0.056684845480085934,1.1492315319781854,9.0,0.06428689472814411,5.0,6051.0,0.22543044848160734,2.948809031189891,0.43654192924017515,0.8610050398348912,0.9999998625550909,0.26351289849600307,0.1539157156826199,4.5278639793396,0.489077309874276,0.0625,1.1953125,8.0,0.078125,2.0,128.0,0.19132472366317924,2.948809031189891,0.3940510175026682,0.8787466410178523,0.9999999387877562,0.25422210482323876,0.11602234477583859,4.5278639793396,0.3745146623652851,0.0546875,1.16015625,8.0,0.06640625,2.0,256.0,0.23091671879414302,2.948809031189891,0.4213565549968881,0.8644815021385439,0.9999999985134616,0.25758749678022463,0.13576187937658082,4.5278639793396,0.37263344780151103,0.055,1.1575,8.0,0.0625,2.0,400.0,0.2605512677823073,2.948809031189891,0.45574534740727174,0.8477826697707415,0.9999999985134616,0.2738340190512862,0.1562997551004068,4.5278639793396,0.3950883372813404,0.0703125,1.18359375,8.0,0.08203125,3.0,512.0,0.272564350875086,2.948809031189891,0.4625284778404046,0.8379860376557855,0.9999999985134616,0.28112110721006695,0.1724927122500032,4.5278639793396,0.4156411890290351,0.0791015625,1.19140625,8.0,0.091796875,3.0,1024.0,0.25876593592867697,2.948809031189891,0.45731851893948583,0.847833705675691,0.9999999985134616,0.27192798264939916,0.16833543022537037,4.5278639793396,0.421030711745,0.0673828125,1.18408203125,9.0,0.07763671875,3.0,2048.0,0.2817466683585182,2.948809031189891,0.47007158789047426,0.8351394847658585,0.9999999985134616,0.28171160080204655,0.17898384380249852,4.5278639793396,0.43049434648816043,0.078719723183391,1.1980968858131489,8.0,0.09169550173010381,3.0,1156.0,0.22543044848160734,2.948809031189891,0.43654192924017515,0.8610050398348912,0.9999998625550909,0.26351289849600307,0.1539157156826199,4.5278639793396,0.489077309874276,0.0625,1.1953125,8.0,0.078125,2.0,128.0,0.19132472366317924,2.948809031189891,0.3940510175026682,0.8787466410178523,0.9999999387877562,0.25422210482323876,0.11602234477583859,4.5278639793396,0.3745146623652851,0.0546875,1.16015625,8.0,0.06640625,2.0,256.0,0.23091671879414302,2.948809031189891,0.4213565549968881,0.8644815021385439,0.9999999985134616,0.25758749678022463,0.13576187937658082,4.5278639793396,0.37263344780151103,0.055,1.1575,8.0,0.0625,2.0,400.0,0.2605512677823073,2.948809031189891,0.45574534740727174,0.8477826697707415,0.9999999985134616,0.2738340190512862,0.1562997551004068,4.5278639793396,0.3950883372813404,0.0703125,1.18359375,8.0,0.08203125,3.0,512.0,0.272564350875086,2.948809031189891,0.4625284778404046,0.8379860376557855,0.9999999985134616,0.28112110721006695,0.1724927122500032,4.5278639793396,0.4156411890290351,0.0791015625,1.19140625,8.0,0.091796875,3.0,1024.0,0.2817466683585182,2.948809031189891,0.47007158789047426,0.8351394847658585,0.9999999985134616,0.28171160080204655,0.17898384380249852,4.5278639793396,0.43049434648816043,0.078719723183391,1.1980968858131489,8.0,0.09169550173010381,3.0,1156.0
8,"The organizer of a reading club will select at least five and at most six works from a group of nine works. The group consists of three French novels, three Russian novels, two French plays, and one Russian play. The organizer's selection of works must conform to the following requirements: No more than four French works are selected. At least three but no more than four novels are selected. At least as many French novels as Russian novels are selected. If both French plays are selected, then the Russian play is not selected.Q: If the works selected include three French novels, which one of the following could be a complete and accurate list of the remaining works selected? Answer Choices: (A)one Russian novel (B)two French plays (C)one Russian novel, one Russian play (D)one Russian novel, two French plays (E)two Russian novels, one French play","The organizer of a reading club will select at least five and at most six works from a group of nine works. The group consists of three French novels, three Russian novels, two French plays, and one Russian play. The organizer's selection of works must conform to the following requirements: No more than four French works are selected. At least three but no more than four novels are selected. At least as many French novels as Russian novels are selected. If both French plays are selected, then the Russian play is not selected.Q: If the works selected include three French novels, which one of the following could be a complete and accurate list of the remaining works selected? Answer Choices: (A)one Russian novel (B)two French plays (C)one Russian novel, one Russian play (D)one Russian novel, two French plays (E)two Russian novels, one French play",,C,"one Russian novel, one Russian play",2,C,final_answer,1,"

The problem asks us to determine a valid selection of works from a group of 9, given that 3 French novels are already selected. We must satisfy several constraints regarding the total number of works, the number of French works, the number of novels, the ratio of French to Russian novels, and a conditional rule about plays.

**1. Analyze the Initial Selection:**
*   **Given:** 3 French Novels (FN) are selected.
*   **Total French Novels available:** 3. So, all French novels are selected.
*   **Total Russian Novels available:** 3.
*   **Total French Plays available:** 2.
*   **Total Russian Plays available:** 1.

**2. Analyze the Constraints:**
*   **Total Works ($N$):** $5 \le N \le 6$.
*   **French Works ($F$):** $F \le 4$. Since 3 FN are selected, the number of French Plays ($FP$) selected must satisfy $3 + FP \le 4$, so $FP \le 1$.
*   **Novels ($Nov$):** $3 \le Nov \le 4$. Since 3 FN are selected, the number of Russian Novels ($RN$) selected must satisfy $3 + RN \in [3, 4]$, so $RN \in \{0, 1\}$.
*   **Novel Ratio:** $FN \ge RN$. Since $FN = 3$, this means $3 \ge RN$. This is consistent with $RN \in \{0, 1\}$.
*   **Play Constraint:** If $FP = 2$, then Russian Play ($RP$) = 0. Since we established $FP \le 1$ from the French Works constraint, this condition is automatically satisfied for any valid selection (as $FP$ cannot be 2).

**3. Evaluate the Answer Choices:**
We are looking for the ""remaining works selected"" besides the 3 French novels.

*   **(A) one Russian novel:**
    *   Selection: 3 FN + 1 RN.
    *   Total works ($N$): $3 + 1 = 4$.
    *   Constraint Check: $N \ge 5$. **Fails.**

*   **(B) two French plays:**
    *   Selection: 3 FN + 2 FP.
    *   French Works ($F$): $3 + 2 = 5$.
    *   Constraint Check: $F \le 4$. **Fails.**

*   **(C) one Russian novel, one Russian play:**
    *   Selection: 3 FN + 1 RN + 1 RP.
    *   Total works ($N$): $3 + 1 + 1 = 5$. (Passes $5 \le N \le 6$).
    *   French Works ($F$): $3 + 0 = 3$. (Passes $F \le 4$).
    *   Novels ($Nov$): $3 + 1 = 4$. (Passes $3 \le Nov \le 4$).
    *   Novel Ratio: $3 \ge 1$. (Passes).
    *   Play Constraint: $FP = 0$ (not 2). (Passes).
    *   **Passes all constraints.**

*   **(D) one Russian novel, two French plays:**
    *   Selection: 3 FN + 1 RN + 2 FP.
    *   French Works ($F$): $3 + 2 = 5$.
    *   Constraint Check: $F \le 4$. **Fails.**

*   **(E) two Russian novels, one French play:**
    *   Selection: 3 FN + 2 RN + 1 FP.
    *   Novels ($Nov$): $3 + 2 = 5$.
    *   Constraint Check: $Nov \le 4$. **Fails.**

Only option (C) satisfies all the given conditions.

Final Answer: C",,"

The problem asks us to determine a valid selection of works from a group of 9, given that 3 French novels are already selected. We must satisfy several constraints regarding the total number of works, the number of French works, the number of novels, the ratio of French to Russian novels, and a conditional rule about plays.

**1. Analyze the Initial Selection:**
*   **Given:** 3 French Novels (FN) are selected.
*   **Total French Novels available:** 3. So, all French novels are selected.
*   **Total Russian Novels available:** 3.
*   **Total French Plays available:** 2.
*   **Total Russian Plays available:** 1.

**2. Analyze the Constraints:**
*   **Total Works ($N$):** $5 \le N \le 6$.
*   **French Works ($F$):** $F \le 4$. Since 3 FN are selected, the number of French Plays ($FP$) selected must satisfy $3 + FP \le 4$, so $FP \le 1$.
*   **Novels ($Nov$):** $3 \le Nov \le 4$. Since 3 FN are selected, the number of Russian Novels ($RN$) selected must satisfy $3 + RN \in [3, 4]$, so $RN \in \{0, 1\}$.
*   **Novel Ratio:** $FN \ge RN$. Since $FN = 3$, this means $3 \ge RN$. This is consistent with $RN \in \{0, 1\}$.
*   **Play Constraint:** If $FP = 2$, then Russian Play ($RP$) = 0. Since we established $FP \le 1$ from the French Works constraint, this condition is automatically satisfied for any valid selection (as $FP$ cannot be 2).

**3. Evaluate the Answer Choices:**
We are looking for the ""remaining works selected"" besides the 3 French novels.

*   **(A) one Russian novel:**
    *   Selection: 3 FN + 1 RN.
    *   Total works ($N$): $3 + 1 = 4$.
    *   Constraint Check: $N \ge 5$. **Fails.**

*   **(B) two French plays:**
    *   Selection: 3 FN + 2 FP.
    *   French Works ($F$): $3 + 2 = 5$.
    *   Constraint Check: $F \le 4$. **Fails.**

*   **(C) one Russian novel, one Russian play:**
    *   Selection: 3 FN + 1 RN + 1 RP.
    *   Total works ($N$): $3 + 1 + 1 = 5$. (Passes $5 \le N \le 6$).
    *   French Works ($F$): $3 + 0 = 3$. (Passes $F \le 4$).
   ",5563,0,5563,897,0,stop,0,63.868852615356445,0.26607151035802895,3.140695383909102,0.4867898150503333,0.847131104024881,0.999999998914762,0.2820995318589298,0.17385707428883518,3.733091115951538,0.4263910185353285,0.07190364911019234,1.2013302175085385,10.0,0.08430702858170053,4.0,5563.0,0.3440914009633012,1.7313213383008375,0.4750716572200818,0.797218825400761,0.9999997388867795,0.30278457195066844,0.19650361908483677,2.3626599311828613,0.37223897366511605,0.1015625,1.2421875,3.0,0.109375,2.0,128.0,0.27097120779726125,1.7754288138166736,0.4407230391389449,0.835297729071516,0.9999999222248898,0.2846360488914887,0.17363496700412537,2.3626599311828613,0.3836568724512493,0.078125,1.19921875,4.0,0.08984375,3.0,256.0,0.2214335527770725,2.1697368849906744,0.42096302745151554,0.8664826634271189,0.9999999222248898,0.2671352665016706,0.1361725864833168,2.3626599311828613,0.3377621565450354,0.0675,1.1625,4.0,0.075,3.0,400.0,0.24447133897501022,2.286576529713097,0.44279568370559347,0.8513299290783982,0.9999999222248898,0.27935602050046754,0.15529210717315456,2.3626599311828613,0.3679052468877395,0.080078125,1.185546875,5.0,0.091796875,3.0,512.0,0.20181280107754224,2.286576529713097,0.40644738432390537,0.8775763372074615,0.9999999969843449,0.2582835503888273,0.1296395498888766,3.4640402793884277,0.35449296779624173,0.0615234375,1.146484375,5.0,0.0693359375,3.0,1024.0,0.27828038113154696,2.9509886472906492,0.49099420429561264,0.8411687146400368,0.9999999976001649,0.28328965368023307,0.179936812173432,3.4640402793884277,0.42316856859603863,0.07275390625,1.20654296875,8.0,0.08544921875,4.0,2048.0,0.20961824516478428,2.286576529713097,0.41452972529094523,0.8725969559218492,0.9999999222248898,0.26303780760389067,0.13819802484981114,3.4640402793884277,0.370947361731139,0.06577480490523968,1.1549609810479375,5.0,0.07469342251950947,3.0,897.0,0.3440914009633012,1.7313213383008375,0.4750716572200818,0.797218825400761,0.9999997388867795,0.30278457195066844,0.19650361908483677,2.3626599311828613,0.37223897366511605,0.1015625,1.2421875,3.0,0.109375,2.0,128.0,0.27097120779726125,1.7754288138166736,0.4407230391389449,0.835297729071516,0.9999999222248898,0.2846360488914887,0.17363496700412537,2.3626599311828613,0.3836568724512493,0.078125,1.19921875,4.0,0.08984375,3.0,256.0,0.2214335527770725,2.1697368849906744,0.42096302745151554,0.8664826634271189,0.9999999222248898,0.2671352665016706,0.1361725864833168,2.3626599311828613,0.3377621565450354,0.0675,1.1625,4.0,0.075,3.0,400.0,0.24447133897501022,2.286576529713097,0.44279568370559347,0.8513299290783982,0.9999999222248898,0.27935602050046754,0.15529210717315456,2.3626599311828613,0.3679052468877395,0.080078125,1.185546875,5.0,0.091796875,3.0,512.0,0.20961824516478428,2.286576529713097,0.41452972529094523,0.8725969559218492,0.9999999222248898,0.26303780760389067,0.13819802484981114,3.4640402793884277,0.370947361731139,0.06577480490523968,1.1549609810479375,5.0,0.07469342251950947,3.0,897.0,0.20961824516478428,2.286576529713097,0.41452972529094523,0.8725969559218492,0.9999999222248898,0.26303780760389067,0.13819802484981114,3.4640402793884277,0.370947361731139,0.06577480490523968,1.1549609810479375,5.0,0.07469342251950947,3.0,897.0
9,"The organizer of a reading club will select at least five and at most six works from a group of nine works. The group consists of three French novels, three Russian novels, two French plays, and one Russian play. The organizer's selection of works must conform to the following requirements: No more than four French works are selected. At least three but no more than four novels are selected. At least as many French novels as Russian novels are selected. If both French plays are selected, then the Russian play is not selected.Q: The organizer must at least select Answer Choices: (A)one French novel and one French play (B)one French novel and one Russian play (C)one Russian novel and one French play (D)two French novels (E)two Russian novels","The organizer of a reading club will select at least five and at most six works from a group of nine works. The group consists of three French novels, three Russian novels, two French plays, and one Russian play. The organizer's selection of works must conform to the following requirements: No more than four French works are selected. At least three but no more than four novels are selected. At least as many French novels as Russian novels are selected. If both French plays are selected, then the Russian play is not selected.Q: The organizer must at least select Answer Choices: (A)one French novel and one French play (B)one French novel and one Russian play (C)one Russian novel and one French play (D)two French novels (E)two Russian novels",,D,two French novels,3,,none,0,,,,8012,0,8012,0,1,length,0,100.73930287361145,0.27327444506038656,3.109614012636515,0.4972255448772367,0.8464836264864427,0.9999999984893962,0.2803910419801212,0.1732838221546569,6.046532154083252,0.4246515038253041,0.06964553170244633,1.2079380928607089,9.0,0.08562156764852721,5.0,8012.0,0.2768854323050729,2.767154150842426,0.4613690437538953,0.834352460482557,0.9999999059796719,0.2787228858424476,0.1687595490245572,3.005307674407959,0.405092506002138,0.078125,1.21875,7.0,0.1015625,3.0,128.0,0.3741269434706031,2.767154150842426,0.5309636642051807,0.7863906636070951,0.9999999401230337,0.31070919626182303,0.21922907830705116,3.005307674407959,0.4233746004387754,0.1015625,1.28515625,7.0,0.1171875,3.0,256.0,0.29463263833829617,2.767154150842426,0.48637643093730804,0.8321968351870797,0.9999999401230337,0.2850292102182963,0.1771743562516858,3.0489864349365234,0.4045558169827653,0.0725,1.22,7.0,0.0825,3.0,400.0,0.2967953741230826,2.767154150842426,0.5033286267660314,0.8352825028268186,0.9999999401230337,0.2842546992202048,0.18482472613734238,3.0489864349365234,0.43345361367735785,0.076171875,1.22265625,7.0,0.083984375,3.0,512.0,0.27388613064829986,2.767154150842426,0.4746806345018427,0.8427250609273754,0.9999999673049073,0.2802765677027655,0.17098036522945723,3.0489864349365234,0.40317210315990576,0.0751953125,1.1953125,7.0,0.0859375,3.0,1024.0,0.2781607487993057,2.767154150842426,0.4874440170113279,0.8420974113421122,0.9999999927724539,0.28315366965191374,0.1761048108926845,5.159163475036621,0.4246798361351608,0.078125,1.20263671875,7.0,0.09423828125,4.0,2048.0,,,,,,,,,,,,,,,,,,,,,,,,,,,,,,,,,,,,,,,,,,,,,,,,,,,,,,,,,,,,,,,,,,,,,,,,,,,,,,,,,,,,,,,,,,,,,,,,,,,,,,,,,
10,"The organizer of a reading club will select at least five and at most six works from a group of nine works. The group consists of three French novels, three Russian novels, two French plays, and one Russian play. The organizer's selection of works must conform to the following requirements: No more than four French works are selected. At least three but no more than four novels are selected. At least as many French novels as Russian novels are selected. If both French plays are selected, then the Russian play is not selected.Q: Any one of the following could be true about the organizer's selections of works EXCEPT: Answer Choices: (A)No Russian novels and exactly one play are selected. (B)Exactly one Russian novel and both French plays are selected. (C)Exactly two French novels and the Russian play are selected. (D)Exactly two French novels and exactly two plays are selected. (E)Exactly two Russian novels and exactly one play are selected.","The organizer of a reading club will select at least five and at most six works from a group of nine works. The group consists of three French novels, three Russian novels, two French plays, and one Russian play. The organizer's selection of works must conform to the following requirements: No more than four French works are selected. At least three but no more than four novels are selected. At least as many French novels as Russian novels are selected. If both French plays are selected, then the Russian play is not selected.Q: Any one of the following could be true about the organizer's selections of works EXCEPT: Answer Choices: (A)No Russian novels and exactly one play are selected. (B)Exactly one Russian novel and both French plays are selected. (C)Exactly two French novels and the Russian play are selected. (D)Exactly two French novels and exactly two plays are selected. (E)Exactly two Russian novels and exactly one play are selected.",,A,No Russian novels and exactly one play are selected.,0,C,bracketed,0,"

The problem asks us to identify which of the given scenarios **cannot** be true given a set of constraints. Let's break down the constraints and analyze each option.

**Constraints:**
1.  **Total Works:** Select between 5 and 6 works ($5 \le \text{Total} \le 6$).
2.  **French Works:** No more than 4 French works selected ($\text{French} \le 4$). Note: French Works = French Novels + French Plays.
3.  **Novels:** Select between 3 and 4 novels ($3 \le \text{Novels} \le 4$). Note: Novels = French Novels + Russian Novels.
4.  **Novel Ratio:** At least as many French novels as Russian novels ($\text{French Novels} \ge \text{Russian Novels}$).
5.  **Play Condition:** If both French plays are selected, the Russian play is not selected ($\text{French Plays} = 2 \implies \text{Russian Play} = 0$).

**Available Works:**
*   French Novels (FN): 3
*   Russian Novels (RN): 3
*   French Plays (FP): 2
*   Russian Play (RP): 1

**Analysis of Choice (A): No Russian novels and exactly one play are selected.**
*   **Russian Novels (RN):** 0.
*   **Plays:** 1 (This means $\text{FP} + \text{RP} = 1$).
*   **Novels:** Since $\text{RN} = 0$, $\text{Novels} = \text{FN} + 0 = \text{FN}$.
*   **Constraint 3 (Novels):** We must select between 3 and 4 novels. So, $3 \le \text{FN} \le 4$.
*   **Availability:** There are only 3 French Novels available. Therefore, $\text{FN}$ must be 3.
*   **Total Works:** $\text{Total} = \text{Novels} + \text{Plays} = \text{FN} + 1 = 3 + 1 = 4$.
*   **Constraint 1 (Total):** We must select at least 5 works.
*   **Violation:** The calculated total is 4, which is less than the minimum required 5.
*   **Conclusion:** This scenario is impossible.

**Analysis of Choice (B): Exactly one Russian novel and both French plays are selected.**
*   **RN:** 1.
*   **FP:** 2.
*   **Constraint 5:** Since $\text{FP} = 2$, $\text{RP}$ must be 0.
*   **Novels:** $\text{FN} + 1$. Constraint 3 ($3 \le \text{Novels} \le 4$) implies $2 \le \text{FN} \le 3$.
*   **Constraint 4:** $\text{FN} \ge \text{RN} \implies \text{FN} \ge 1$. (Consistent with $2 \le \text{FN} \le 3$).
*   **Total:** $\text{FN} + 1 + 2 + 0 = \text{FN} + 3$. Constraint 1 ($5 \le \text{Total} \le 6$) implies $2 \le \text{FN} \le 3$.
*   **Constraint 2 (French):** $\text{FN} + \text{FP} \le 4 \implies \text{FN} + 2 \le 4 \implies \text{FN} \le 2$.
*   **Consistency:** If $\text{FN} = 2$, Total = 5, Novels = 3, French = 4. All constraints are satisfied.
*   **Conclusion:** This scenario is possible.

**Analysis of Choice (C): Exactly two French novels and the Russian play are selected.**
*   **FN:** 2.
*   **RP:** 1.
*   **Constraint 5:** Since $\text{RP} = 1$, $\text{FP}$ cannot be 2. So $\text{FP} \le 1$.
*   **Novels:** $2 + \text{RN}$. Constraint 3 ($3 \le \text{Novels} \le 4$) implies $1 \le \text{RN} \le 2$.
*   **Constraint 4:** $\text{FN} \ge \text{RN} \implies 2 \ge \text{RN}$. So $\text{RN} = 1$ or $2$.
*   **Total:** $2 + \text{RN} + \text{FP} + 1 = 3 + \text{RN} + \text{FP}$. Constraint 1 implies $2 \le \text{RN} + \text{",,"

The problem asks us to identify which of the given scenarios **cannot** be true given a set of constraints. Let's break down the constraints and analyze each option.

**Constraints:**
1.  **Total Works:** Select between 5 and 6 works ($5 \le \text{Total} \le 6$).
2.  **French Works:** No more than 4 French works selected ($\text{French} \le 4$). Note: French Works = French Novels + French Plays.
3.  **Novels:** Select between 3 and 4 novels ($3 \le \text{Novels} \le 4$). Note: Novels = French Novels + Russian Novels.
4.  **Novel Ratio:** At least as many French novels as Russian novels ($\text{French Novels} \ge \text{Russian Novels}$).
5.  **Play Condition:** If both French plays are selected, the Russian play is not selected ($\text{French Plays} = 2 \implies \text{Russian Play} = 0$).

**Available Works:**
*   French Novels (FN): 3
*   Russian Novels (RN): 3
*   French Plays (FP): 2
*   Russian Play (RP): 1

**Analysis of Choice (A): No Russian novels and exactly one play are selected.**
*   **Russian Novels (RN):** 0.
*   **Plays:** 1 (This means $\text{FP} + \text{RP} = 1$).
*   **Novels:** Since $\text{RN} = 0$, $\text{Novels} = \text{FN} + 0 = \text{FN}$.
*   **Constraint 3 (Novels):** We must select between 3 and 4 novels. So, $3 \le \text{FN} \le 4$.
*   **Availability:** There are only 3 French Novels available. Therefore, $\text{FN}$ must be 3.
*   **Total Works:** $\text{Total} = \text{Novels} + \text{Plays} = \text{FN} + 1 = 3 + 1 = 4$.
*   **Constraint 1 (Total):** We must select at least 5 works.
*   **Violation:** The calculated total is 4, which is less than the minimum required 5.
*   **Conclusion:** This scenario is impossible.

**Analysis of Choice (B): Exactly one Russian novel and both French plays are selected.**
*   **RN:** 1.
*   **FP:** 2.
*   **Constraint 5:** Since $\text{FP} = 2$, $\text{RP}$ must be 0.
*   **Novels:** $\text{FN} + 1$. Constraint 3 ($3 \le \text{Novels} \le 4$) implies $2 \le \text{FN} \le 3$.
*   **Constraint 4:** $\t",8012,0,8012,0,1,length,0,104.7779188156128,0.20338080199383718,3.1388815538765575,0.4248269706926319,0.8816185848857284,0.9999999993482127,0.2515837074293636,0.1305192753824069,5.8014044761657715,0.3612889472425242,0.05317024463305042,1.145282076884673,9.0,0.06265601597603594,5.0,8012.0,0.2336172667673969,2.376773215113416,0.41004082001045655,0.855132628608061,0.9999999469482701,0.26841112288165925,0.14846060625481872,1.9181970357894897,0.35015462468287356,0.0625,1.1328125,4.0,0.0703125,2.0,128.0,0.17815064290551103,2.376773215113416,0.36954140832592913,0.8961430495234204,0.9999999519813595,0.22980235094289775,0.09793493482532636,1.9181970357894897,0.2729903685916696,0.0390625,1.09375,4.0,0.04296875,2.0,256.0,0.2673844103196258,2.376773215113416,0.47892655756791586,0.8499268190678189,0.999999995500905,0.2790477033470409,0.16405990979878518,2.12227201461792,0.38117841530859187,0.07,1.1725,4.0,0.0825,2.0,400.0,0.2866428921434972,2.376773215113416,0.4969575092167423,0.8387708678427959,0.999999995500905,0.28810873712674623,0.1737753733912551,2.12227201461792,0.38487023307274104,0.080078125,1.193359375,5.0,0.09375,2.0,512.0,0.312055448051809,3.1388815538765575,0.5276277573064501,0.8254736244887811,0.999999995500905,0.29482237643068204,0.1934879922293558,2.5086092948913574,0.4148586488572007,0.0810546875,1.23828125,9.0,0.1015625,5.0,1024.0,0.256448899692957,3.1388815538765575,0.4810943017863342,0.8539123880182506,0.9999999961369537,0.2752500348272211,0.16449099302717085,2.9131662845611572,0.39705950437044324,0.0654296875,1.1923828125,9.0,0.07861328125,5.0,2048.0,,,,,,,,,,,,,,,,,,,,,,,,,,,,,,,,,,,,,,,,,,,,,,,,,,,,,,,,,,,,,,,,,,,,,,,,,,,,,,,,,,,,,,,,,,,,,,,,,,,,,,,,,
11,"At a concert, exactly eight compositions—F, H, L, O, P, R, S, and T—are to be performed exactly once each, consecutively and one composition at a time. The order of their performance must satisfy the following conditions: T is performed either immediately before F or immediately after R. At least two compositions are performed either after F and before R, or after R and before F. O is performed either first or fifth. The eighth composition performed is either L or H. P is performed at some time before S. At least one composition is performed either after O and before S, or after S and before O.Q: Which one of the following lists the compositions in an order in which they could be performed during the concert, from first through eighth? Answer Choices: (A)L, P, S, R, O, T, F, H (B)O, T, P, F, S, H, R, L (C)P, T, F, S, L, R, O, H (D)P, T, F, S, O, R, L, H (E)T, F, P, R, O, L, S, H","At a concert, exactly eight compositions—F, H, L, O, P, R, S, and T—are to be performed exactly once each, consecutively and one composition at a time. The order of their performance must satisfy the following conditions: T is performed either immediately before F or immediately after R. At least two compositions are performed either after F and before R, or after R and before F. O is performed either first or fifth. The eighth composition performed is either L or H. P is performed at some time before S. At least one composition is performed either after O and before S, or after S and before O.Q: Which one of the following lists the compositions in an order in which they could be performed during the concert, from first through eighth? Answer Choices: (A)L, P, S, R, O, T, F, H (B)O, T, P, F, S, H, R, L (C)P, T, F, S, L, R, O, H (D)P, T, F, S, O, R, L, H (E)T, F, P, R, O, L, S, H",,A,"L, P, S, R, O, T, F, H",0,A,final_answer,1,"

To determine which list of compositions satisfies all the given conditions, let's analyze the constraints and evaluate each option.

**Constraints:**
1.  **T's Position:** T is immediately before F OR immediately after R.
    *   (T, F) or (R, T) must be adjacent.
2.  **F and R Separation:** At least two compositions are performed between F and R.
    *   $|Pos(F) - Pos(R)| \ge 3$.
3.  **O's Position:** O is performed either first (1) or fifth (5).
    *   $Pos(O) \in \{1, 5\}$.
4.  **8th Composition:** The eighth composition is either L or H.
    *   $Pos(8) \in \{L, H\}$.
5.  **P and S Order:** P is performed before S.
    *   $Pos(P) < Pos(S)$.
6.  **O and S Separation:** At least one composition is performed between O and S.
    *   $|Pos(O) - Pos(S)| \ge 2$.

**Evaluating the Options:**

*   **(A) L, P, S, R, O, T, F, H**
    *   Positions: L(1), P(2), S(3), R(4), O(5), T(6), F(7), H(8).
    *   **Constraint 1:** T is at 6, F is at 7. T is immediately before F. (Satisfied)
    *   **Constraint 2:** F is at 7, R is at 4. There are 2 compositions between them (O, T). $7-4=3 \ge 3$. (Satisfied)
    *   **Constraint 3:** O is at 5. (Satisfied)
    *   **Constraint 4:** 8th composition is H. (Satisfied)
    *   **Constraint 5:** P is at 2, S is at 3. $2 < 3$. (Satisfied)
    *   **Constraint 6:** O is at 5, S is at 3. There is 1 composition between them (R). $|5-3|=2 \ge 2$. (Satisfied)
    *   **Conclusion:** All constraints are met.

*   **(B) O, T, P, F, S, H, R, L**
    *   Positions: O(1), T(2), P(3), F(4), S(5), H(6), R(7), L(8).
    *   **Constraint 1:** T is at 2. F is at 4 (not immediately after T). R is at 7 (not immediately before T). (Failed)

*   **(C) P, T, F, S, L, R, O, H**
    *   Positions: P(1), T(2), F(3), S(4), L(5), R(6), O(7), H(8).
    *   **Constraint 3:** O is at 7. It must be 1 or 5. (Failed)

*   **(D) P, T, F, S, O, R, L, H**
    *   Positions: P(1), T(2), F(3), S(4), O(5), R(6), L(7), H(8).
    *   **Constraint 6:** O is at 5, S is at 4. They are adjacent. There are 0 compositions between them. The condition requires at least one. (Failed)

*   **(E) T, F, P, R, O, L, S, H**
    *   Positions: T(1), F(2), P(3), R(4), O(5), L(6), S(7), H(8).
    *   **Constraint 2:** F is at 2, R is at 4. There is only 1 composition between them (P). The condition requires at least two. (Failed)

Only option (A) satisfies all the conditions.

Final Answer: A",,"

To determine which list of compositions satisfies all the given conditions, let's analyze the constraints and evaluate each option.

**Constraints:**
1.  **T's Position:** T is immediately before F OR immediately after R.
    *   (T, F) or (R, T) must be adjacent.
2.  **F and R Separation:** At least two compositions are performed between F and R.
    *   $|Pos(F) - Pos(R)| \ge 3$.
3.  **O's Position:** O is performed either first (1) or fifth (5).
    *   $Pos(O) \in \{1, 5\}$.
4.  **8th Composition:** The eighth composition is either L or H.
    *   $Pos(8) \in \{L, H\}$.
5.  **P and S Order:** P is performed before S.
    *   $Pos(P) < Pos(S)$.
6.  **O and S Separation:** At least one composition is performed between O and S.
    *   $|Pos(O) - Pos(S)| \ge 2$.

**Evaluating the Options:**

*   **(A) L, P, S, R, O, T, F, H**
    *   Positions: L(1), P(2), S(3), R(4), O(5), T(6), F(7), H(8).
    *   **Constraint 1:** T is at 6, F is at 7. T is immediately before F. (Satisfied)
    *   **Constraint 2:** F is at 7, R is at 4. There are 2 compositions between them (O, T). $7-4=3 \ge 3$. (Satisfied)
    *   **Constraint 3:** O is at 5. (Satisfied)
    *   **Constraint 4:** 8th composition is H. (Satisfied)
    *   **Constraint 5:** P is at 2, S is at 3. $2 < 3$. (Satisfied)
    *   **Constraint 6:** O is at 5, S is at 3. There is 1 composition between them (R). $|5-3|=2 \ge 2$. (Satisfied)
    *   **Conclusion:** All constraints are met.

*   **(B) O, T, P, F, S, H, R, L**
    *   Positions: O(1), T(2), P(3), F(4), S(5), H(6), R(7), L(8).
    *   **Constraint 1:** T is at 2. F is at 4 (not immediately after T). R is at 7 (not immediately before T). (Failed)

*   **(C) P, T, F, S, L, R, O, H**
    *   Positions: P(1), T(2), F(3), S(4), L(5), R(6), O(7), H(8).
    *   **Constraint 3:** O is at 7. It must be 1 or 5. (Failed)

*   **(D) P, T, F, S, O, R, L, H**
    *   Positions: P(1), T(2), F(3), S(4), O(5), R(6), L(7), H(8).
    *   **Constraint 6:** O is at 5, S is at",6313,0,6313,871,0,stop,0,83.37332534790039,0.1782545624338542,2.953403106973197,0.4089105329434834,0.895631099638247,0.9999999994097857,0.24004776196414757,0.1179165928676831,4.443544864654541,0.3563824282504326,0.04736258514177095,1.134959607159829,7.0,0.055599556470774594,3.0,6313.0,0.3224445217182657,2.6188721638926773,0.5682842473936184,0.8105568996262547,0.9999999736435038,0.3231207046874175,0.19979011201978358,1.9894378185272217,0.4142618086549585,0.1171875,1.3203125,6.0,0.140625,2.0,128.0,0.25980401875016873,2.6188721638926773,0.4957463864711642,0.8446116150115112,0.9999999736435038,0.2913774540550883,0.1794844522298812,2.5871639251708984,0.427019124829478,0.08203125,1.234375,6.0,0.09375,2.0,256.0,0.21617832017840402,2.6188721638926773,0.4445605729758424,0.8736557633342409,0.9999999736435038,0.2614367233631647,0.14161527896475165,2.5871639251708984,0.37286362440377674,0.055,1.17,6.0,0.0625,2.0,400.0,0.197823673606034,2.6188721638926773,0.4165786260154898,0.8826623097704603,0.9999999775231144,0.2494478697296439,0.13358330379772965,2.5871639251708984,0.3633914855866724,0.048828125,1.14453125,6.0,0.0546875,2.0,512.0,0.2089702991246521,2.6188721638926773,0.42482882648392184,0.8738466286673959,0.999999999240771,0.26129168374931777,0.13431919394240782,2.5871639251708984,0.3507469588643474,0.060546875,1.1513671875,6.0,0.0673828125,3.0,1024.0,0.15177485410943364,2.6188721638926773,0.36466194162489063,0.9087686006711081,0.999999999240771,0.22553368627468673,0.09721299676643849,4.16031551361084,0.3123757954128863,0.04150390625,1.10302734375,6.0,0.04736328125,3.0,2048.0,0.19665301980239364,2.6188721638926773,0.41532969584272167,0.8824446213958249,0.999999999240771,0.25193950782068597,0.12975529809629038,2.5871639251708984,0.354315806943979,0.05625717566016074,1.142365097588978,6.0,0.0642939150401837,3.0,871.0,0.3224445217182657,2.6188721638926773,0.5682842473936184,0.8105568996262547,0.9999999736435038,0.3231207046874175,0.19979011201978358,1.9894378185272217,0.4142618086549585,0.1171875,1.3203125,6.0,0.140625,2.0,128.0,0.25980401875016873,2.6188721638926773,0.4957463864711642,0.8446116150115112,0.9999999736435038,0.2913774540550883,0.1794844522298812,2.5871639251708984,0.427019124829478,0.08203125,1.234375,6.0,0.09375,2.0,256.0,0.21617832017840402,2.6188721638926773,0.4445605729758424,0.8736557633342409,0.9999999736435038,0.2614367233631647,0.14161527896475165,2.5871639251708984,0.37286362440377674,0.055,1.17,6.0,0.0625,2.0,400.0,0.197823673606034,2.6188721638926773,0.4165786260154898,0.8826623097704603,0.9999999775231144,0.2494478697296439,0.13358330379772965,2.5871639251708984,0.3633914855866724,0.048828125,1.14453125,6.0,0.0546875,2.0,512.0,0.19665301980239364,2.6188721638926773,0.41532969584272167,0.8824446213958249,0.999999999240771,0.25193950782068597,0.12975529809629038,2.5871639251708984,0.354315806943979,0.05625717566016074,1.142365097588978,6.0,0.0642939150401837,3.0,871.0,0.19665301980239364,2.6188721638926773,0.41532969584272167,0.8824446213958249,0.999999999240771,0.25193950782068597,0.12975529809629038,2.5871639251708984,0.354315806943979,0.05625717566016074,1.142365097588978,6.0,0.0642939150401837,3.0,871.0
12,"At a concert, exactly eight compositions—F, H, L, O, P, R, S, and T—are to be performed exactly once each, consecutively and one composition at a time. The order of their performance must satisfy the following conditions: T is performed either immediately before F or immediately after R. At least two compositions are performed either after F and before R, or after R and before F. O is performed either first or fifth. The eighth composition performed is either L or H. P is performed at some time before S. At least one composition is performed either after O and before S, or after S and before O.Q: P CANNOT be performed Answer Choices: (A)second (B)third (C)fourth (D)sixth (E)seventh","At a concert, exactly eight compositions—F, H, L, O, P, R, S, and T—are to be performed exactly once each, consecutively and one composition at a time. The order of their performance must satisfy the following conditions: T is performed either immediately before F or immediately after R. At least two compositions are performed either after F and before R, or after R and before F. O is performed either first or fifth. The eighth composition performed is either L or H. P is performed at some time before S. At least one composition is performed either after O and before S, or after S and before O.Q: P CANNOT be performed Answer Choices: (A)second (B)third (C)fourth (D)sixth (E)seventh",,E,seventh,4,,none,0,,,,8012,0,8012,0,1,length,0,104.65432476997375,0.2592137869616727,2.971336587595714,0.4778055383075904,0.84880403111464,0.9999999985168427,0.2793995522688957,0.17150730560249122,5.610097885131836,0.42593248029775,0.07139291063404893,1.1982026959560659,8.0,0.08499750374438342,5.0,8012.0,0.3497884261265535,2.650169208951666,0.5548674261283594,0.7964915111310357,0.9999999730318931,0.3194894154236104,0.22012632410722055,2.1533420085906982,0.4394893974327649,0.1015625,1.296875,7.0,0.1328125,3.0,128.0,0.4115206786146288,2.650169208951666,0.5831335026322665,0.7680471960285978,0.9999999730318931,0.3223159308608001,0.26650572142069945,2.5572338104248047,0.48104370009438524,0.10546875,1.3203125,7.0,0.140625,3.0,256.0,0.4637446116161075,2.665085164190431,0.5988765304392554,0.7395902596592973,0.9999999730318931,0.33323876134253216,0.2877252447469551,2.5572338104248047,0.4841846184056313,0.1275,1.3625,7.0,0.1625,3.0,400.0,0.41376169246878436,2.665085164190431,0.5753180616689704,0.767456869771954,0.9999999730318931,0.32241673583206554,0.25227682313605954,2.5572338104248047,0.45501241491360445,0.111328125,1.31640625,7.0,0.138671875,3.0,512.0,0.3746863329070362,2.971336587595714,0.5765854859752584,0.7892478135897354,0.9999999730318931,0.3189091142210702,0.2314308282087914,5.475161552429199,0.47380452692571856,0.1083984375,1.30859375,8.0,0.130859375,4.0,1024.0,0.3608024794626325,2.971336587595714,0.5715368114388071,0.7997318817972242,0.9999999811525272,0.3103717845821963,0.2339104813754613,5.475161552429199,0.495499725037654,0.0986328125,1.30322265625,8.0,0.12158203125,4.0,2048.0,,,,,,,,,,,,,,,,,,,,,,,,,,,,,,,,,,,,,,,,,,,,,,,,,,,,,,,,,,,,,,,,,,,,,,,,,,,,,,,,,,,,,,,,,,,,,,,,,,,,,,,,,
13,"At a concert, exactly eight compositions—F, H, L, O, P, R, S, and T—are to be performed exactly once each, consecutively and one composition at a time. The order of their performance must satisfy the following conditions: T is performed either immediately before F or immediately after R. At least two compositions are performed either after F and before R, or after R and before F. O is performed either first or fifth. The eighth composition performed is either L or H. P is performed at some time before S. At least one composition is performed either after O and before S, or after S and before O.Q: If T is performed fifth and F is performed sixth, then S must be performed either Answer Choices: (A)fourth or seventh (B)third or sixth (C)third or fourth (D)second or seventh (E)first or fourth","At a concert, exactly eight compositions—F, H, L, O, P, R, S, and T—are to be performed exactly once each, consecutively and one composition at a time. The order of their performance must satisfy the following conditions: T is performed either immediately before F or immediately after R. At least two compositions are performed either after F and before R, or after R and before F. O is performed either first or fifth. The eighth composition performed is either L or H. P is performed at some time before S. At least one composition is performed either after O and before S, or after S and before O.Q: If T is performed fifth and F is performed sixth, then S must be performed either Answer Choices: (A)fourth or seventh (B)third or sixth (C)third or fourth (D)second or seventh (E)first or fourth",,A,fourth or seventh,0,,none,0,"

The problem asks us to determine the possible positions for composition S, given specific constraints and the scenario where T is fifth and F is sixth.

**1. Analyze the Fixed Positions:**
*   $Pos(T) = 5$
*   $Pos(F) = 6$

**2. Analyze the ""T-F-R"" Constraint:**
*   Rule: T is immediately before F ($T \to F$) or immediately after R ($R \to T$).
*   Since $Pos(T)=5$ and $Pos(F)=6$, T is immediately before F. This condition is satisfied.
*   This does not restrict R's position directly, but we must consider the next rule regarding F and R.

**3.",,"

The problem asks us to determine the possible positions for composition S, given specific constraints and the scenario where T is fifth and F is sixth.

**1. Analyze the Fixed Positions:**
*   $Pos(T) = 5$
*   $Pos(F) = 6$

**2. Analyze the ""T-F-R"" Constraint:**
*   Rule: T is immediately before F ($T \to F$) or immediately after R ($R \to T$).
*   Since $Pos(T)=5$ and $Pos(F)=6$, T is immediately before F. This condition is satisfied.
*   This does not restrict R's position directly, but we must consider the next rule regarding F and R.

**3.",8012,0,8012,0,1,length,0,98.54389929771423,0.28769852619079683,3.131332492313087,0.5051546449942456,0.835507510208854,0.9999999993632556,0.2889439581864541,0.18858866450658607,5.752011775970459,0.4487583051288389,0.07613579630554168,1.2287818272591113,10.0,0.09186220668996506,4.0,8012.0,0.2495469618189655,2.534789792915443,0.4595263015017856,0.8460120031691483,0.9999999490757012,0.2846309659717093,0.1665932651154498,2.1475768089294434,0.37770269217066066,0.078125,1.1875,6.0,0.09375,2.0,128.0,0.33431598097956783,3.0450377169541305,0.5417186665576289,0.8102476462692819,0.9999999490757012,0.3108244561536368,0.23163326301015408,4.290524959564209,0.5335956184065509,0.09375,1.2734375,9.0,0.109375,2.0,256.0,0.3373814561924548,3.0450377169541305,0.5577482846554161,0.8158431676807035,0.9999999490757012,0.30226436503686427,0.21813639492031098,4.290524959564209,0.4946046125006347,0.0825,1.285,9.0,0.095,2.0,400.0,0.2991914184815121,3.0450377169541305,0.5205917048830931,0.8315630563246276,0.9999999490757012,0.2929109847559226,0.20553753637723177,4.290524959564209,0.4934594200843668,0.07421875,1.244140625,9.0,0.083984375,2.0,512.0,0.25290493247032053,3.0450377169541305,0.4623509180164398,0.8517999665471209,0.9999999853818001,0.2750864996248581,0.16378913889168945,4.290524959564209,0.424507469979807,0.0673828125,1.1845703125,9.0,0.0771484375,3.0,1024.0,0.28820140380787146,3.131332492313087,0.5001012491927322,0.8305736755422238,0.999999988924191,0.2922040661661964,0.1925234325533045,4.290524959564209,0.45034406159051626,0.080078125,1.2294921875,10.0,0.09033203125,3.0,2048.0,,,,,,,,,,,,,,,,,,,,,,,,,,,,,,,,,,,,,,,,,,,,,,,,,,,,,,,,,,,,,,,,,,,,,,,,,,,,,,,,,,,,,,,,,,,,,,,,,,,,,,,,,
14,"At a concert, exactly eight compositions—F, H, L, O, P, R, S, and T—are to be performed exactly once each, consecutively and one composition at a time. The order of their performance must satisfy the following conditions: T is performed either immediately before F or immediately after R. At least two compositions are performed either after F and before R, or after R and before F. O is performed either first or fifth. The eighth composition performed is either L or H. P is performed at some time before S. At least one composition is performed either after O and before S, or after S and before O.Q: If O is performed immediately after T, then F must be performed either Answer Choices: (A)first or second (B)second or third (C)fourth or sixth (D)fourth or seventh (E)sixth or seventh","At a concert, exactly eight compositions—F, H, L, O, P, R, S, and T—are to be performed exactly once each, consecutively and one composition at a time. The order of their performance must satisfy the following conditions: T is performed either immediately before F or immediately after R. At least two compositions are performed either after F and before R, or after R and before F. O is performed either first or fifth. The eighth composition performed is either L or H. P is performed at some time before S. At least one composition is performed either after O and before S, or after S and before O.Q: If O is performed immediately after T, then F must be performed either Answer Choices: (A)first or second (B)second or third (C)fourth or sixth (D)fourth or seventh (E)sixth or seventh",,E,sixth or seventh,4,,none,0,,,,8012,0,8012,0,1,length,0,108.9619767665863,0.3522395677441034,3.242736215287109,0.5561879062868258,0.8038495572851003,0.9999999990539833,0.308874129218168,0.22997305539041588,5.497829437255859,0.4858605182810213,0.09410883674488267,1.2875686470294558,9.0,0.11445332001997005,5.0,8012.0,0.26037920107079526,1.8896640674886191,0.4698650114791364,0.8364856314110701,0.9999999916544181,0.2964299786952965,0.18233824251366532,2.725755214691162,0.4507720242431109,0.0703125,1.203125,3.0,0.078125,2.0,128.0,0.3148312411796111,2.329897401707362,0.5317824548545282,0.8164046424056407,0.9999999916544181,0.31349508799424924,0.2082713230890465,2.725755214691162,0.46573240643491653,0.09375,1.2578125,5.0,0.1015625,2.0,256.0,0.37747525486506284,2.329897401707362,0.5605777974533153,0.7923418392155328,0.9999999916544181,0.3160452587600054,0.2470111714729518,5.497829437255859,0.5497972915490746,0.1075,1.285,5.0,0.125,2.0,400.0,0.351962728369847,2.548754244968092,0.545662144503474,0.8105000265807663,0.9999999990539833,0.3030105169398905,0.2263004512702803,5.497829437255859,0.51942054353963,0.09375,1.255859375,6.0,0.107421875,2.0,512.0,0.29467046676752295,2.548754244968092,0.49860549947763233,0.8346023392027013,0.9999999990539833,0.28742119559695634,0.18484902312504944,5.497829437255859,0.45139190139481983,0.0791015625,1.2099609375,6.0,0.091796875,3.0,1024.0,0.3073932682686705,2.8234540229103917,0.5072252975957873,0.8254564586314442,0.9999999990539833,0.2928224756423437,0.20121678946698351,5.497829437255859,0.46758946509103344,0.08154296875,1.2314453125,7.0,0.095703125,3.0,2048.0,,,,,,,,,,,,,,,,,,,,,,,,,,,,,,,,,,,,,,,,,,,,,,,,,,,,,,,,,,,,,,,,,,,,,,,,,,,,,,,,,,,,,,,,,,,,,,,,,,,,,,,,,
15,"At a concert, exactly eight compositions—F, H, L, O, P, R, S, and T—are to be performed exactly once each, consecutively and one composition at a time. The order of their performance must satisfy the following conditions: T is performed either immediately before F or immediately after R. At least two compositions are performed either after F and before R, or after R and before F. O is performed either first or fifth. The eighth composition performed is either L or H. P is performed at some time before S. At least one composition is performed either after O and before S, or after S and before O.Q: If S is performed fourth, which one of the following could be an accurate list of the compositions performed first, second, and third, respectively? Answer Choices: (A)F, H, P (B)H, P. L (C)O, P, R (D)O, P, T (E)P, R, T","At a concert, exactly eight compositions—F, H, L, O, P, R, S, and T—are to be performed exactly once each, consecutively and one composition at a time. The order of their performance must satisfy the following conditions: T is performed either immediately before F or immediately after R. At least two compositions are performed either after F and before R, or after R and before F. O is performed either first or fifth. The eighth composition performed is either L or H. P is performed at some time before S. At least one composition is performed either after O and before S, or after S and before O.Q: If S is performed fourth, which one of the following could be an accurate list of the compositions performed first, second, and third, respectively? Answer Choices: (A)F, H, P (B)H, P. L (C)O, P, R (D)O, P, T (E)P, R, T",,C,"O, P, R",2,C,final_answer,1,"

The problem asks for a valid sequence of eight compositions (F, H, L, O, P, R, S, T) based on specific constraints, given that S is performed fourth.

**1. Analyze the Constraints:**
*   **Constraint 1:** T is immediately before F (TF) or immediately after R (RT).
*   **Constraint 2:** At least two compositions are between F and R. (i.e., $|pos(F) - pos(R)| \ge 3$).
*   **Constraint 3:** O is 1st or 5th.
*   **Constraint 4:** The 8th composition is L or H.
*   **Constraint 5:** P is before S ($pos(P) < pos(S)$).
*   **Constraint 6:** At least one composition is between O and S. (i.e., $|pos(O) - pos(S)| \ge 2$).

**2. Apply the Specific Condition:**
*   **S is performed 4th** ($pos(S) = 4$).

**3. Deduce O's Position:**
*   From Constraint 3, O is at 1 or 5.
*   From Constraint 6, O and S cannot be adjacent (at least one composition between them).
*   If O were at 5, it would be adjacent to S at 4 ($|5 - 4| = 1$). This violates Constraint 6.
*   Therefore, **O must be at position 1**.
*   This means the first composition is O.

**4. Evaluate Answer Choices:**
We are looking for the first, second, and third compositions. Since O is 1st, the first composition must be O.
*   (A) F, H, P -> Starts with F. **Incorrect.**
*   (B) H, P, L -> Starts with H. **Incorrect.**
*   (C) O, P, R -> Starts with O. **Possible.**
*   (D) O, P, T -> Starts with O. **Possible.**
*   (E) P, R, T -> Starts with P. **Incorrect.**

We are left with (C) and (D). Let's test them.

**5. Test Choice (D): O, P, T**
*   Sequence: 1:O, 2:P, 3:T, 4:S.
*   Check Constraint 1 (T): T is at 3.
    *   If T is immediately before F, F must be at 4. But S is at 4. **Conflict.**
    *   If T is immediately after R, R must be at 2. But P is at 2. **Conflict.**
*   Since T cannot satisfy its constraint in this arrangement, Choice (D) is **Invalid**.

**6. Test Choice (C): O, P, R**
*   Sequence: 1:O, 2:P, 3:R, 4:S.
*   Check Constraint 1 (T): T must be adjacent to F or R.
    *   R is at 3. T cannot be immediately after R because 4 is S.
    *   So, T must be immediately before F (TF).
*   Check Constraint 2 (F/R): At least 2 compositions between F and R.
    *   R is at 3. F must be at 6, 7, or 8.
    *   If F is at 6, T must be at 5 (immediately before F).
    *   This leaves positions 7 and 8 for H and L.
    *   Constraint 4 requires 8th to be L or H. This can be satisfied.
    *   Example valid sequence: **O, P, R, S, T, F, H, L**.
        *   1:O (Constraint 3 OK)
        *   4:S (Given)
        *   2:P < 4:S (Constraint 5 OK)
        *   1:O and 4:S have P, R between (Constraint 6 OK)
        *   3:R and 6:F have S, T between (Constraint 2 OK)
        *   5:T is immediately before 6:F (Constraint 1 OK)
        *   8:L (Constraint 4 OK)
*   All constraints are satisfied. Choice (C) is **Valid**.

**7. Conclusion:**
Choice (C) is the only option that fits all conditions.

Final Answer: C",,"

The problem asks for a valid sequence of eight compositions (F, H, L, O, P, R, S, T) based on specific constraints, given that S is performed fourth.

**1. Analyze the Constraints:**
*   **Constraint 1:** T is immediately before F (TF) or immediately after R (RT).
*   **Constraint 2:** At least two compositions are between F and R. (i.e., $|pos(F) - pos(R)| \ge 3$).
*   **Constraint 3:** O is 1st or 5th.
*   **Constraint 4:** The 8th composition is L or H.
*   **Constraint 5:** P is before S ($pos(P) < pos(S)$).
*   **Constraint 6:** At least one composition is between O and S. (i.e., $|pos(O) - pos(S)| \ge 2$).

**2. Apply the Specific Condition:**
*   **S is performed 4th** ($pos(S) = 4$).

**3. Deduce O's Position:**
*   From Constraint 3, O is at 1 or 5.
*   From Constraint 6, O and S cannot be adjacent (at least one composition between them).
*   If O were at 5, it would be adjacent to S at 4 ($|5 - 4| = 1$). This violates Constraint 6.
*   Therefore, **O must be at position 1**.
*   This means the first composition is O.

**4. Evaluate Answer Choices:**
We are looking for the first, second, and third compositions. Since O is 1st, the first composition must be O.
*   (A) F, H, P -> Starts with F. **Incorrect.**
*   (B) H, P, L -> Starts with H. **Incorrect.**
*   (C) O, P, R -> Starts with O. **Possible.**
*   (D) O, P, T -> Starts with O. **Possible.**
*   (E) P, R, T -> Starts with P. **Incorrect.**

We are left with (C) and (D). Let's test them.

**5. Test Choice (D): O, P, T**
*   Sequence: 1:O, 2:P, 3:T, 4:S.
*   Check Constraint 1 (T): T is at 3.
    *   If T is immediately before F, F must be at 4. But S is at 4. **Conflict.**
    *   If T is immediately after R, R must be at 2. But P is at 2. **Conflict.**
*   Since T cannot satisfy its constraint in this arrangement, Choice (D) is **Invalid**.

**6. Test Choice (C): O, P, R**
*   Sequence: 1:O, 2:P, 3:R, 4:S.
*   Check Constraint 1 (T): T must be adjacent to F or R.
    *   R is at 3. T cannot be imm",6863,0,6863,932,0,stop,0,89.21201062202454,0.36084122649489203,3.207259765206382,0.5707184246848004,0.8018739390740183,0.9999999986045357,0.30960828986373723,0.23673847892089803,6.0352888107299805,0.5049032108013686,0.0891738306862888,1.3004516975083782,11.0,0.10811598426344164,6.0,6863.0,0.37995255723732174,2.395359970623384,0.5432327129944872,0.7669283836257828,0.9999994583411954,0.33122870803390236,0.31104706111370817,3.858114242553711,0.6224362867699478,0.1328125,1.328125,5.0,0.15625,2.0,128.0,0.3773064547147036,2.395359970623384,0.5520623589941183,0.782049059403329,0.9999998775746846,0.3157312880458851,0.2662580746246269,3.858114242553711,0.5517858379190681,0.10546875,1.296875,5.0,0.12109375,2.0,256.0,0.32303362152285053,2.395359970623384,0.5193534097626448,0.8094502433774017,0.9999998775746846,0.30572711581831774,0.21922887800892168,3.858114242553711,0.48519266404935,0.09,1.25,5.0,0.105,2.0,400.0,0.3185762977567173,2.395359970623384,0.5206396390381718,0.814911515066397,0.999999982556866,0.2998984885788324,0.214771665570186,3.858114242553711,0.4751878545282381,0.08203125,1.248046875,5.0,0.095703125,2.0,512.0,0.3284601402327395,2.989299873465572,0.5264033744363581,0.8140154794246428,0.9999999971493316,0.2977515310937534,0.2154599458666046,3.858114242553711,0.47654094949635,0.0771484375,1.259765625,10.0,0.087890625,2.0,1024.0,0.30979398491440485,2.989299873465572,0.5073575674132658,0.8216427061047411,0.9999999971493316,0.29375439484198695,0.20187231339292794,4.721883773803711,0.4595626946180203,0.076171875,1.24267578125,10.0,0.08984375,3.0,2048.0,0.31441915552655264,2.6746255076028755,0.5117661878768618,0.8196065155756848,0.9999999971493316,0.29543331717581034,0.20955555666732648,3.858114242553711,0.47399482017878236,0.07832618025751073,1.2435622317596566,7.0,0.0890557939914163,2.0,932.0,0.37995255723732174,2.395359970623384,0.5432327129944872,0.7669283836257828,0.9999994583411954,0.33122870803390236,0.31104706111370817,3.858114242553711,0.6224362867699478,0.1328125,1.328125,5.0,0.15625,2.0,128.0,0.3773064547147036,2.395359970623384,0.5520623589941183,0.782049059403329,0.9999998775746846,0.3157312880458851,0.2662580746246269,3.858114242553711,0.5517858379190681,0.10546875,1.296875,5.0,0.12109375,2.0,256.0,0.32303362152285053,2.395359970623384,0.5193534097626448,0.8094502433774017,0.9999998775746846,0.30572711581831774,0.21922887800892168,3.858114242553711,0.48519266404935,0.09,1.25,5.0,0.105,2.0,400.0,0.3185762977567173,2.395359970623384,0.5206396390381718,0.814911515066397,0.999999982556866,0.2998984885788324,0.214771665570186,3.858114242553711,0.4751878545282381,0.08203125,1.248046875,5.0,0.095703125,2.0,512.0,0.31441915552655264,2.6746255076028755,0.5117661878768618,0.8196065155756848,0.9999999971493316,0.29543331717581034,0.20955555666732648,3.858114242553711,0.47399482017878236,0.07832618025751073,1.2435622317596566,7.0,0.0890557939914163,2.0,932.0,0.31441915552655264,2.6746255076028755,0.5117661878768618,0.8196065155756848,0.9999999971493316,0.29543331717581034,0.20955555666732648,3.858114242553711,0.47399482017878236,0.07832618025751073,1.2435622317596566,7.0,0.0890557939914163,2.0,932.0
16,"At a concert, exactly eight compositions—F, H, L, O, P, R, S, and T—are to be performed exactly once each, consecutively and one composition at a time. The order of their performance must satisfy the following conditions: T is performed either immediately before F or immediately after R. At least two compositions are performed either after F and before R, or after R and before F. O is performed either first or fifth. The eighth composition performed is either L or H. P is performed at some time before S. At least one composition is performed either after O and before S, or after S and before O.Q: If P is performed third and S is performed sixth, the composition performed fifth must be either Answer Choices: (A)F or H (B)F or O (C)F or T (D)H or L (E)O or R","At a concert, exactly eight compositions—F, H, L, O, P, R, S, and T—are to be performed exactly once each, consecutively and one composition at a time. The order of their performance must satisfy the following conditions: T is performed either immediately before F or immediately after R. At least two compositions are performed either after F and before R, or after R and before F. O is performed either first or fifth. The eighth composition performed is either L or H. P is performed at some time before S. At least one composition is performed either after O and before S, or after S and before O.Q: If P is performed third and S is performed sixth, the composition performed fifth must be either Answer Choices: (A)F or H (B)F or O (C)F or T (D)H or L (E)O or R",,C,F or T,2,,none,0,,,,8012,0,8012,0,1,length,0,94.21525192260742,0.3702152352897938,3.230083191551885,0.5847208055063946,0.7999024665534947,0.9999999974182258,0.31345137334662215,0.24463423689474376,5.87466287612915,0.5219173846378513,0.09648027958062906,1.3127808287568647,11.0,0.12031952071892162,4.0,8012.0,0.3531422743289977,2.5768344334997058,0.5446431146589038,0.7882358917100967,0.9999999529223004,0.3171731083487333,0.2622828595525072,3.716566562652588,0.5615918987864952,0.0859375,1.3125,7.0,0.09375,2.0,128.0,0.4833242852498592,2.5784531603567005,0.6429843803988629,0.7250479508162839,0.9999999529223004,0.34993074652902467,0.3358150202803627,3.716566562652588,0.5891414077274699,0.13671875,1.44921875,7.0,0.16796875,4.0,256.0,0.3731344536184952,2.5784531603567005,0.5752383067669341,0.7844527819634528,0.9999999529223004,0.32256091119427227,0.26516486736030587,3.716566562652588,0.5439654232101583,0.1,1.325,7.0,0.12,4.0,400.0,0.39006792864710793,2.707861026148163,0.5949094768553475,0.7814618382333237,0.9999999529223004,0.3242232871284855,0.27593678946870814,3.716566562652588,0.5451063414366438,0.1015625,1.345703125,7.0,0.125,4.0,512.0,0.42329070791453366,3.230083191551885,0.6293881461050504,0.7753424406720164,0.9999999621077706,0.3218724796621982,0.2897586249938495,3.716566562652588,0.5570724706947121,0.1005859375,1.3916015625,11.0,0.1220703125,4.0,1024.0,0.3658205860196881,3.230083191551885,0.5792055702083908,0.798685341136953,0.9999999919689707,0.31097808877277144,0.24663920967943154,4.474361896514893,0.5174767683248465,0.09130859375,1.31884765625,11.0,0.10986328125,4.0,2048.0,,,,,,,,,,,,,,,,,,,,,,,,,,,,,,,,,,,,,,,,,,,,,,,,,,,,,,,,,,,,,,,,,,,,,,,,,,,,,,,,,,,,,,,,,,,,,,,,,,,,,,,,,
17,"At a concert, exactly eight compositions—F, H, L, O, P, R, S, and T—are to be performed exactly once each, consecutively and one composition at a time. The order of their performance must satisfy the following conditions: T is performed either immediately before F or immediately after R. At least two compositions are performed either after F and before R, or after R and before F. O is performed either first or fifth. The eighth composition performed is either L or H. P is performed at some time before S. At least one composition is performed either after O and before S, or after S and before O.Q: If exactly two compositions are performed after F but before O, then R must be performed Answer Choices: (A)first (B)third (C)fourth (D)sixth (E)seventh","At a concert, exactly eight compositions—F, H, L, O, P, R, S, and T—are to be performed exactly once each, consecutively and one composition at a time. The order of their performance must satisfy the following conditions: T is performed either immediately before F or immediately after R. At least two compositions are performed either after F and before R, or after R and before F. O is performed either first or fifth. The eighth composition performed is either L or H. P is performed at some time before S. At least one composition is performed either after O and before S, or after S and before O.Q: If exactly two compositions are performed after F but before O, then R must be performed Answer Choices: (A)first (B)third (C)fourth (D)sixth (E)seventh",,D,sixth,3,,none,0,,,,8012,0,8012,0,1,length,0,100.3592848777771,0.3662142956567865,3.0754640408862586,0.5634334931782972,0.792876965945169,0.9999999965997468,0.3126206679894811,0.24713785502150273,5.845755100250244,0.5128884328527549,0.09772840738891662,1.3072890664003993,10.0,0.12056914628057913,5.0,8012.0,0.33043295202658324,2.6915424721309384,0.5515541411957071,0.8062099259920203,0.9999999664009519,0.3287902326173693,0.2480850213502685,4.135266304016113,0.5721901949558229,0.125,1.3046875,8.0,0.1796875,5.0,128.0,0.3036387795069682,2.6915424721309384,0.535288548962428,0.8271651213027975,0.9999999664009519,0.3063601456549738,0.20856115397683644,4.135266304016113,0.493785662482179,0.09765625,1.26171875,8.0,0.12890625,5.0,256.0,0.3963146722413046,2.6915424721309384,0.6164014241186783,0.7853546654741101,0.9999999664009519,0.3281082319545947,0.26230393512431405,4.135266304016113,0.5314376016345346,0.12,1.3675,8.0,0.1625,5.0,400.0,0.45762421491848404,2.7079276266537664,0.6509809666723502,0.7546293374052919,0.9999999664009519,0.34237430795072393,0.3008573284120939,4.135266304016113,0.5779632913649896,0.138671875,1.419921875,8.0,0.197265625,5.0,512.0,0.5128946788938081,2.775655489782603,0.6524817548447135,0.7239577810170931,0.9999999664009519,0.34610482527270026,0.3406877094718615,5.413891792297363,0.5980834749154762,0.1455078125,1.45703125,8.0,0.1923828125,5.0,1024.0,0.46374266264717373,2.848144943860048,0.6312289499872836,0.7479561190815369,0.9999999664009519,0.3344573043238422,0.3111547515130979,5.413891792297363,0.5742341623325478,0.126953125,1.40869140625,8.0,0.1669921875,5.0,2048.0,,,,,,,,,,,,,,,,,,,,,,,,,,,,,,,,,,,,,,,,,,,,,,,,,,,,,,,,,,,,,,,,,,,,,,,,,,,,,,,,,,,,,,,,,,,,,,,,,,,,,,,,,
18,"On each of exactly seven consecutive days (day 1 though day 7), a pet shop features exactly one of three breeds of kitten—Himalayan, Manx, Siamese—and exactly one of three breeds of puppy—Greyhound, Newfoundland, Rottweiler. The following conditions must apply: Greyhounds are featured on day 1. No breed is featured on any two consecutive days. Any breed featured on day 1 is not featured on day 7. Himalayans are featured on exactly three days, but not on day 1. Rottweilers are not featured on day 7, nor on any day that features Himalayans.Q: Which one of the following could be the order in which the breeds of kitten are featured in the pet shop, from day 1 though day 7? Answer Choices: (A)Himalayan, Manx, Siamese, Himalayan, Manx, Himalayan, Siamese (B)Manx, Himalayan, Siamese, Himalayan, Manx Himalayan, Manx (C)Manx, Himalayan, Manx, Himalayan, Siamese, Manx, Siamese (D)Siamese, Himalayan, Manx, Himalayan, Siamese, Siamese, Himalayan (E)Siamese, Himalayan, Siamese, Himalayan, Manx, Siamese, Himalayan","On each of exactly seven consecutive days (day 1 though day 7), a pet shop features exactly one of three breeds of kitten—Himalayan, Manx, Siamese—and exactly one of three breeds of puppy—Greyhound, Newfoundland, Rottweiler. The following conditions must apply: Greyhounds are featured on day 1. No breed is featured on any two consecutive days. Any breed featured on day 1 is not featured on day 7. Himalayans are featured on exactly three days, but not on day 1. Rottweilers are not featured on day 7, nor on any day that features Himalayans.Q: Which one of the following could be the order in which the breeds of kitten are featured in the pet shop, from day 1 though day 7? Answer Choices: (A)Himalayan, Manx, Siamese, Himalayan, Manx, Himalayan, Siamese (B)Manx, Himalayan, Siamese, Himalayan, Manx Himalayan, Manx (C)Manx, Himalayan, Manx, Himalayan, Siamese, Manx, Siamese (D)Siamese, Himalayan, Manx, Himalayan, Siamese, Siamese, Himalayan (E)Siamese, Himalayan, Siamese, Himalayan, Manx, Siamese, Himalayan",,E,"Siamese, Himalayan, Siamese, Himalayan, Manx, Siamese, Himalayan",4,E,final_answer,1,"

The problem asks us to identify a valid sequence of kitten breeds for 7 consecutive days (Day 1 to Day 7) based on a set of logical constraints.

**Constraints Analysis:**
1.  **Kitten Breeds:** Himalayan (H), Manx (M), Siamese (S). Exactly one per day.
2.  **Puppy Breeds:** Greyhound (G), Newfoundland (N), Rottweiler (R). Exactly one per day.
3.  **Greyhounds:** Featured on Day 1 ($P_1 = G$).
4.  **Consecutive Days:** No breed (kitten or puppy) is featured on two consecutive days ($X_i \neq X_{i+1}$).
5.  **Day 1 vs Day 7:** Any breed featured on Day 1 cannot be featured on Day 7 ($X_1 \neq X_7$).
6.  **Himalayans:** Featured on exactly 3 days. Not on Day 1 ($K_1 \neq H$).
7.  **Rottweilers:** Not on Day 7. Not on any day featuring Himalayans.

**Evaluating the Answer Choices (Kitten Sequences):**

*   **(A) Himalayan, Manx, Siamese, Himalayan, Manx, Himalayan, Siamese**
    *   Sequence: H, M, S, H, M, H, S
    *   Constraint Check: Himalayans are featured on Day 1.
    *   Violation: Himalayans must not be featured on Day 1.
    *   **Invalid.**

*   **(B) Manx, Himalayan, Siamese, Himalayan, Manx, Himalayan, Manx**
    *   Sequence: M, H, S, H, M, H, M
    *   Constraint Check: Day 1 is Manx, Day 7 is Manx.
    *   Violation: Any breed featured on Day 1 is not featured on Day 7.
    *   **Invalid.**

*   **(C) Manx, Himalayan, Manx, Himalayan, Siamese, Manx, Siamese**
    *   Sequence: M, H, M, H, S, M, S
    *   Constraint Check: Count of Himalayans. They appear on Day 2 and Day 4. Total = 2.
    *   Violation: Himalayans must be featured on exactly three days.
    *   **Invalid.**

*   **(D) Siamese, Himalayan, Manx, Himalayan, Siamese, Siamese, Himalayan**
    *   Sequence: S, H, M, H, S, S, H
    *   Constraint Check: Consecutive days. Siamese is on Day 5 and Day 6.
    *   Violation: No breed is featured on any two consecutive days.
    *   **Invalid.**

*   **(E) Siamese, Himalayan, Siamese, Himalayan, Manx, Siamese, Himalayan**
    *   Sequence: S, H, S, H, M, S, H
    *   Constraint Check 1 (Day 1): Siamese. Not Himalayan. (OK)
    *   Constraint Check 2 (Count H): H appears on Days 2, 4, 7. Total = 3. (OK)
    *   Constraint Check 3 (Day 1 vs Day 7): Day 1 is S, Day 7 is H. $S \neq H$. (OK)
    *   Constraint Check 4 (Consecutive): S-H-S-H-M-S-H. No repeats. (OK)
    *   **Valid Kitten Sequence.**

**Verification of Puppy Constraints for Option (E):**
We must ensure a valid puppy sequence exists.
*   $P_1 = G$ (Given).
*   $P_7 \neq G$ (Day 1 breed). $P_7 \neq R$ (Rule). So $P_7 = N$.
*   Himalayans on Days 2, 4, 7. Rottweilers cannot be on these days.
*   $P_2 \neq R$. $P_2 \neq G$ (Consecutive to $P_1$). So $P_2 = N$.
*   $P_4 \neq R$. $P_4 \in \{G, N\}$.
*   $P_7 = N$.
*   Constructing a sequence: G, N, R, G, N, G, N.
    *   $P_1=G$.
    *   $P_2=N$ (Not R because Day 2 is H).
    *   $P_3=R$ (Day 3 is S, R allowed).
    *   $P_4=G$ (Day 4 is H, R not allowed; $N$ would conflict with $P_7$? No, but let's check consecutive). If $P_4=N$, $P_3=R$, $P_5 \neq N$. If $P_4=G$, $P_3=R$ is fine.
    *   $P_5=N$.
    *   $P_6=G$.
    *   $P_7=N$.
    *   Sequence: G, N, R, G, N, G, N.
    *   Checks: No consecutive repeats. R not on H days (2, 4, 7). R not on Day 7. Day 1 (G) not on Day 7 (N).
    *   This confirms a valid puppy sequence exists.

Since Option E is the only kitten sequence that satisfies the kitten-specific constraints and allows for a valid puppy sequence, it is the correct answer.

Final Answer: E",,"

The problem asks us to identify a valid sequence of kitten breeds for 7 consecutive days (Day 1 to Day 7) based on a set of logical constraints.

**Constraints Analysis:**
1.  **Kitten Breeds:** Himalayan (H), Manx (M), Siamese (S). Exactly one per day.
2.  **Puppy Breeds:** Greyhound (G), Newfoundland (N), Rottweiler (R). Exactly one per day.
3.  **Greyhounds:** Featured on Day 1 ($P_1 = G$).
4.  **Consecutive Days:** No breed (kitten or puppy) is featured on two consecutive days ($X_i \neq X_{i+1}$).
5.  **Day 1 vs Day 7:** Any breed featured on Day 1 cannot be featured on Day 7 ($X_1 \neq X_7$).
6.  **Himalayans:** Featured on exactly 3 days. Not on Day 1 ($K_1 \neq H$).
7.  **Rottweilers:** Not on Day 7. Not on any day featuring Himalayans.

**Evaluating the Answer Choices (Kitten Sequences):**

*   **(A) Himalayan, Manx, Siamese, Himalayan, Manx, Himalayan, Siamese**
    *   Sequence: H, M, S, H, M, H, S
    *   Constraint Check: Himalayans are featured on Day 1.
    *   Violation: Himalayans must not be featured on Day 1.
    *   **Invalid.**

*   **(B) Manx, Himalayan, Siamese, Himalayan, Manx, Himalayan, Manx**
    *   Sequence: M, H, S, H, M, H, M
    *   Constraint Check: Day 1 is Manx, Day 7 is Manx.
    *   Violation: Any breed featured on Day 1 is not featured on Day 7.
    *   **Invalid.**

*   **(C) Manx, Himalayan, Manx, Himalayan, Siamese, Manx, Siamese**
    *   Sequence: M, H, M, H, S, M, S
    *   Constraint Check: Count of Himalayans. They appear on Day 2 and Day 4. Total = 2.
    *   Violation: Himalayans must be featured on exactly three days.
    *   **Invalid.**

*   **(D) Siamese, Himalayan, Manx, Himalayan, Siamese, Siamese, Himalayan**
    *   Sequence: S, H, M, H, S, S, H
    *   Constraint Check: Consecutive days. Siamese is on Day 5 and Day 6.
    *   Violation: No breed is featured on any two consecutive days.
    *   **Invalid.**

*   **(E) Siamese, Himalayan, Siamese, Himalayan, Manx, Siamese, Himalayan**
    *   Sequence: S, H, S",6451,0,6451,1273,0,stop,0,86.2256727218628,0.29424841558951975,3.086734665739604,0.5047770886578029,0.8327851893082201,0.9999999994984345,0.28869211216904567,0.1892017453721272,7.001392841339111,0.4359624321701922,0.07781739265230198,1.2260114710897536,9.0,0.09145868857541467,5.0,6451.0,0.27211822262747465,1.995744768362076,0.45388670108424195,0.841524467186305,0.9999999569962882,0.2780137010810169,0.14959675128760336,1.399292230606079,0.3116205067638251,0.078125,1.1875,4.0,0.109375,2.0,128.0,0.36503508325167,2.70957721189811,0.5758193903498239,0.8085515133625849,0.9999999569962882,0.29905563459567835,0.21593701424957823,3.5151185989379883,0.47270807908836326,0.09375,1.3046875,7.0,0.140625,5.0,256.0,0.38042871459743716,2.70957721189811,0.5787757338382338,0.791307799287359,0.9999999801351975,0.31669944532934835,0.24060821347347144,3.5151185989379883,0.49816130442217,0.1125,1.325,7.0,0.1475,5.0,400.0,0.3209740923712686,2.70957721189811,0.5436854782877465,0.8228507011785979,0.9999999801351975,0.300063845480753,0.20108802191602648,3.5151185989379883,0.45922281912386403,0.091796875,1.2734375,7.0,0.119140625,5.0,512.0,0.3115861817311065,3.086734665739604,0.5275233428296762,0.8273033904274909,0.9999999953013521,0.2932438299573961,0.1981225523558599,3.5151185989379883,0.4534330629756989,0.0830078125,1.24609375,9.0,0.10546875,5.0,1024.0,0.29963192710095937,3.086734665739604,0.5123373810579148,0.8323425765333605,0.9999999953013521,0.2894013012269683,0.18964588990972628,3.5359044075012207,0.4355344248780473,0.07958984375,1.22802734375,9.0,0.09521484375,5.0,2048.0,0.26947830317143423,3.086734665739604,0.49815014141620323,0.8506421350771161,0.9999999953013521,0.2785091629741366,0.1695370142253203,3.5151185989379883,0.42088813309858086,0.07227022780832679,1.208955223880597,9.0,0.09112333071484682,5.0,1273.0,0.27211822262747465,1.995744768362076,0.45388670108424195,0.841524467186305,0.9999999569962882,0.2780137010810169,0.14959675128760336,1.399292230606079,0.3116205067638251,0.078125,1.1875,4.0,0.109375,2.0,128.0,0.36503508325167,2.70957721189811,0.5758193903498239,0.8085515133625849,0.9999999569962882,0.29905563459567835,0.21593701424957823,3.5151185989379883,0.47270807908836326,0.09375,1.3046875,7.0,0.140625,5.0,256.0,0.38042871459743716,2.70957721189811,0.5787757338382338,0.791307799287359,0.9999999801351975,0.31669944532934835,0.24060821347347144,3.5151185989379883,0.49816130442217,0.1125,1.325,7.0,0.1475,5.0,400.0,0.3209740923712686,2.70957721189811,0.5436854782877465,0.8228507011785979,0.9999999801351975,0.300063845480753,0.20108802191602648,3.5151185989379883,0.45922281912386403,0.091796875,1.2734375,7.0,0.119140625,5.0,512.0,0.3115861817311065,3.086734665739604,0.5275233428296762,0.8273033904274909,0.9999999953013521,0.2932438299573961,0.1981225523558599,3.5151185989379883,0.4534330629756989,0.0830078125,1.24609375,9.0,0.10546875,5.0,1024.0,0.26947830317143423,3.086734665739604,0.49815014141620323,0.8506421350771161,0.9999999953013521,0.2785091629741366,0.1695370142253203,3.5151185989379883,0.42088813309858086,0.07227022780832679,1.208955223880597,9.0,0.09112333071484682,5.0,1273.0
19,"On each of exactly seven consecutive days (day 1 though day 7), a pet shop features exactly one of three breeds of kitten—Himalayan, Manx, Siamese—and exactly one of three breeds of puppy—Greyhound, Newfoundland, Rottweiler. The following conditions must apply: Greyhounds are featured on day 1. No breed is featured on any two consecutive days. Any breed featured on day 1 is not featured on day 7. Himalayans are featured on exactly three days, but not on day 1. Rottweilers are not featured on day 7, nor on any day that features Himalayans.Q: If Himalayans are not featured on day 2, which one of the following could be true? Answer Choices: (A)Manx are featured on day 3. (B)Siamese are featured on day 4. (C)Rottweilers are featured on day 5. (D)Himalayans are featured on day 6. (E)Greyhounds are featured on day 7.","On each of exactly seven consecutive days (day 1 though day 7), a pet shop features exactly one of three breeds of kitten—Himalayan, Manx, Siamese—and exactly one of three breeds of puppy—Greyhound, Newfoundland, Rottweiler. The following conditions must apply: Greyhounds are featured on day 1. No breed is featured on any two consecutive days. Any breed featured on day 1 is not featured on day 7. Himalayans are featured on exactly three days, but not on day 1. Rottweilers are not featured on day 7, nor on any day that features Himalayans.Q: If Himalayans are not featured on day 2, which one of the following could be true? Answer Choices: (A)Manx are featured on day 3. (B)Siamese are featured on day 4. (C)Rottweilers are featured on day 5. (D)Himalayans are featured on day 6. (E)Greyhounds are featured on day 7.",,B,Siamese are featured on day 4.,1,,none,0,,,,8012,0,8012,0,1,length,0,100.87921071052551,0.3085112240761462,3.164907875344418,0.5156939291023898,0.825582135125993,0.9999999983896698,0.29243280060243726,0.20133599104010833,4.264803886413574,0.4504500934182305,0.0790064902646031,1.2380179730404393,10.0,0.09286070893659511,5.0,8012.0,0.26680297810418685,2.24156006389646,0.48488059187122323,0.850650072648364,0.9999999301187575,0.2779418489645816,0.1480706935286022,1.545236349105835,0.32434683406642223,0.0546875,1.2109375,5.0,0.078125,2.0,128.0,0.30716940780140534,2.4954125616724347,0.5283493529793464,0.8333308032457897,0.9999999301187575,0.2903440162133949,0.17487895312918184,2.0553245544433594,0.3710554923955317,0.0703125,1.2578125,5.0,0.09375,2.0,256.0,0.2600446645092397,2.4954125616724347,0.48101493148540037,0.8571380763614311,0.9999999600987347,0.26932711113018026,0.1500358766878132,3.0668511390686035,0.3638476227135733,0.06,1.1975,5.0,0.0775,2.0,400.0,0.2961255712749336,2.4954125616724347,0.5175356286751236,0.8366826656701726,0.9999999600987347,0.2882999026872335,0.18976675126883819,3.884369373321533,0.458625641207575,0.078125,1.236328125,5.0,0.095703125,2.0,512.0,0.36528915307546705,2.7543644545597474,0.5543315593306596,0.7982028469220682,0.9999999721115436,0.3075049632323737,0.23644512933187017,3.884369373321533,0.48632600107025814,0.0966796875,1.2919921875,7.0,0.1162109375,3.0,1024.0,0.30303969240085044,2.7543644545597474,0.5112409726877676,0.8316735858762918,0.9999999983896698,0.28615607185485253,0.20013440264270324,4.138068675994873,0.4557673089719992,0.07373046875,1.22998046875,7.0,0.0869140625,3.0,2048.0,,,,,,,,,,,,,,,,,,,,,,,,,,,,,,,,,,,,,,,,,,,,,,,,,,,,,,,,,,,,,,,,,,,,,,,,,,,,,,,,,,,,,,,,,,,,,,,,,,,,,,,,,
20,"On each of exactly seven consecutive days (day 1 though day 7), a pet shop features exactly one of three breeds of kitten—Himalayan, Manx, Siamese—and exactly one of three breeds of puppy—Greyhound, Newfoundland, Rottweiler. The following conditions must apply: Greyhounds are featured on day 1. No breed is featured on any two consecutive days. Any breed featured on day 1 is not featured on day 7. Himalayans are featured on exactly three days, but not on day 1. Rottweilers are not featured on day 7, nor on any day that features Himalayans.Q: Which one of the following could be true? Answer Choices: (A)Greyhounds and Siamese are both featured on day 2. (B)Greyhounds and Himalayans are both featured on day 7. (C)Rottweilers and Himalayans are both featured on day 4. (D)Rottweilers and Manx are both featured on day 5. (E)Newfoundlands and Manx are both featured on day 6.","On each of exactly seven consecutive days (day 1 though day 7), a pet shop features exactly one of three breeds of kitten—Himalayan, Manx, Siamese—and exactly one of three breeds of puppy—Greyhound, Newfoundland, Rottweiler. The following conditions must apply: Greyhounds are featured on day 1. No breed is featured on any two consecutive days. Any breed featured on day 1 is not featured on day 7. Himalayans are featured on exactly three days, but not on day 1. Rottweilers are not featured on day 7, nor on any day that features Himalayans.Q: Which one of the following could be true? Answer Choices: (A)Greyhounds and Siamese are both featured on day 2. (B)Greyhounds and Himalayans are both featured on day 7. (C)Rottweilers and Himalayans are both featured on day 4. (D)Rottweilers and Manx are both featured on day 5. (E)Newfoundlands and Manx are both featured on day 6.",,D,Rottweilers and Manx are both featured on day 5.,3,,none,0,"

To determine which statement could be true, we must analyze the constraints provided in the logic puzzle.

**1. Analyze the Constraints:**
*   **Days:** 1 through 7.
*   **Kittens:** Himalayan (H), Manx (M), Siamese (S).
*   **Puppies:** Greyhound (G), Newfoundland (N), Rottweiler (R).
*   **Rule 1:** Greyhounds are featured on day 1. (Day 1 Puppy = G)
*   **Rule 2:** No breed is featured on any two consecutive days. (Day $i$ breed $\neq$ Day $i+1$ breed).
*   **Rule 3:** Any breed featured on day 1 is not featured on day 7. (Day 1 Puppy $\neq$ Day 7 Puppy; Day 1 Kitten $\neq$ Day 7 Kitten).
*   **Rule 4:** Himalayans are featured on exactly three days, but not on day 1. (Day 1 Kitten $\neq$ H).
*   **Rule 5:** Rottweilers are not featured on day 7, nor on any day that features Himalayans. (Day 7 Puppy $\neq$ R; If Day $i$ Kitten = H, then Day $i$ Puppy $\neq$ R).

**2. Deduce Fixed Positions:**
*   From **Rule 1**, Day 1 Puppy is **Greyhound (G)**.",,"

To determine which statement could be true, we must analyze the constraints provided in the logic puzzle.

**1. Analyze the Constraints:**
*   **Days:** 1 through 7.
*   **Kittens:** Himalayan (H), Manx (M), Siamese (S).
*   **Puppies:** Greyhound (G), Newfoundland (N), Rottweiler (R).
*   **Rule 1:** Greyhounds are featured on day 1. (Day 1 Puppy = G)
*   **Rule 2:** No breed is featured on any two consecutive days. (Day $i$ breed $\neq$ Day $i+1$ breed).
*   **Rule 3:** Any breed featured on day 1 is not featured on day 7. (Day 1 Puppy $\neq$ Day 7 Puppy; Day 1 Kitten $\neq$ Day 7 Kitten).
*   **Rule 4:** Himalayans are featured on exactly three days, but not on day 1. (Day 1 Kitten $\neq$ H).
*   **Rule 5:** Rottweilers are not featured on day 7, nor on any day that features Himalayans. (Day 7 Puppy $\neq$ R; If Day $i$ Kitten = H, then Day $i$ Puppy $\neq$ R).

**2. Deduce Fixed Positions:**
*   From **Rule 1**, Day 1 Puppy is **Greyhound (G)**.",8012,0,8012,0,1,length,0,105.53119468688965,0.36569212056739314,3.158354195060444,0.5539659711345671,0.7968676357708092,0.9999999962655397,0.3083553596589399,0.23685166417968725,5.902813911437988,0.4895193339667597,0.09348477284073889,1.2890664003994008,10.0,0.11432850723914129,4.0,8012.0,0.25257359885588604,1.8877407778640527,0.4415759242507906,0.8411420414908147,0.999999918711147,0.28883742240845006,0.15821099880771078,1.956251859664917,0.34543745329038195,0.0859375,1.171875,3.0,0.09375,2.0,128.0,0.29219730284738876,1.888485625540152,0.4729444986247773,0.8352675615729014,0.999999918711147,0.2775871204918295,0.1777597126564546,2.856344223022461,0.4000176607254569,0.06640625,1.17578125,3.0,0.0703125,2.0,256.0,0.3043552988003199,2.711060074515768,0.5202142456764046,0.832781011542054,0.999999918711147,0.28740183614863296,0.19065073076410477,2.856344223022461,0.4322877583047241,0.075,1.2175,7.0,0.09,4.0,400.0,0.28849927792252367,2.711060074515768,0.5082401405717992,0.841848273174957,0.999999918711147,0.28210177977286216,0.18322612822182494,2.856344223022461,0.42517479495217225,0.0703125,1.212890625,7.0,0.08203125,4.0,512.0,0.3615718429574921,3.158354195060444,0.5598864278828044,0.8090782993572349,0.9999999891689113,0.2958354096464711,0.2287306085751552,5.4448981285095215,0.49672329880962957,0.0771484375,1.2734375,10.0,0.0927734375,4.0,1024.0,0.37820582799987384,3.158354195060444,0.5659928029530961,0.7929735361905108,0.9999999891689113,0.3072894025638203,0.24472677860539277,5.4448981285095215,0.500462595640519,0.0859375,1.302734375,10.0,0.103515625,4.0,2048.0,,,,,,,,,,,,,,,,,,,,,,,,,,,,,,,,,,,,,,,,,,,,,,,,,,,,,,,,,,,,,,,,,,,,,,,,,,,,,,,,,,,,,,,,,,,,,,,,,,,,,,,,,
21,"On each of exactly seven consecutive days (day 1 though day 7), a pet shop features exactly one of three breeds of kitten—Himalayan, Manx, Siamese—and exactly one of three breeds of puppy—Greyhound, Newfoundland, Rottweiler. The following conditions must apply: Greyhounds are featured on day 1. No breed is featured on any two consecutive days. Any breed featured on day 1 is not featured on day 7. Himalayans are featured on exactly three days, but not on day 1. Rottweilers are not featured on day 7, nor on any day that features Himalayans.Q: If Himalayans are not featured on day 7, then which one of the following pairs of days CANNOT feature both the same breed of kitten and the same breed of puppy? Answer Choices: (A)day 1 and day 3 (B)day 2 and day 6 (C)day 3 and day 5 (D)day 4 and day 6 (E)day 5 and day 7","On each of exactly seven consecutive days (day 1 though day 7), a pet shop features exactly one of three breeds of kitten—Himalayan, Manx, Siamese—and exactly one of three breeds of puppy—Greyhound, Newfoundland, Rottweiler. The following conditions must apply: Greyhounds are featured on day 1. No breed is featured on any two consecutive days. Any breed featured on day 1 is not featured on day 7. Himalayans are featured on exactly three days, but not on day 1. Rottweilers are not featured on day 7, nor on any day that features Himalayans.Q: If Himalayans are not featured on day 7, then which one of the following pairs of days CANNOT feature both the same breed of kitten and the same breed of puppy? Answer Choices: (A)day 1 and day 3 (B)day 2 and day 6 (C)day 3 and day 5 (D)day 4 and day 6 (E)day 5 and day 7",,B,day 2 and day 6,1,,none,0,,,,8012,0,8012,0,1,length,0,101.62559747695923,0.3393354386076916,3.267465997515346,0.5401338225079068,0.8119403137697421,0.9999999965076479,0.29877131331244605,0.21285677024337263,5.266528606414795,0.46260922912627656,0.08337493759360959,1.2621068397403894,11.0,0.09985022466300549,4.0,8012.0,0.21270073719621768,1.7737297724153962,0.370605410621952,0.8712429052620345,0.9999998762448253,0.2423614361708722,0.12990189405313646,2.3065907955169678,0.33933791467487306,0.046875,1.1171875,3.0,0.0546875,2.0,128.0,0.20059254741755347,1.9741338086604963,0.3847132577156743,0.8829384867921133,0.9999999057911527,0.23214824268228415,0.11586532011954795,2.3065907955169678,0.3157096339147119,0.0390625,1.11328125,3.0,0.04296875,2.0,256.0,0.35004341737381667,2.66146847319476,0.5585352071387495,0.8146264533099361,0.9999999057911527,0.2936867512730317,0.20507617038928683,2.601513385772705,0.4302176475145475,0.0775,1.2625,6.0,0.09,2.0,400.0,0.34650702810609313,2.66146847319476,0.5469785424617296,0.8133699760875589,0.9999999057911527,0.29534775764694865,0.20762122649610293,5.266528606414795,0.4672276702759174,0.080078125,1.25390625,6.0,0.09765625,2.0,512.0,0.37799893753149605,2.873206425332286,0.5646340488408176,0.7966305211216888,0.9999999923215328,0.3048571198834185,0.22902543643787018,5.266528606414795,0.4738653550441246,0.0947265625,1.28125,9.0,0.1123046875,2.0,1024.0,0.37894913697180516,3.267465997515346,0.5680315357197682,0.7960122726977532,0.9999999960298052,0.30663930267860245,0.22961726229027618,5.266528606414795,0.4703202062679515,0.09423828125,1.2861328125,11.0,0.115234375,4.0,2048.0,,,,,,,,,,,,,,,,,,,,,,,,,,,,,,,,,,,,,,,,,,,,,,,,,,,,,,,,,,,,,,,,,,,,,,,,,,,,,,,,,,,,,,,,,,,,,,,,,,,,,,,,,
22,"On each of exactly seven consecutive days (day 1 though day 7), a pet shop features exactly one of three breeds of kitten—Himalayan, Manx, Siamese—and exactly one of three breeds of puppy—Greyhound, Newfoundland, Rottweiler. The following conditions must apply: Greyhounds are featured on day 1. No breed is featured on any two consecutive days. Any breed featured on day 1 is not featured on day 7. Himalayans are featured on exactly three days, but not on day 1. Rottweilers are not featured on day 7, nor on any day that features Himalayans.Q: Which one of the following could be true? Answer Choices: (A)There are exactly four breeds that are each featured on three days. (B)Greyhounds are featured on every day that Himalayans are. (C)Himalayans are featured on every day that Greyhounds are. (D)Himalayans are featured on every day that Rottweilers are not. (E)Rottweilers are featured on every day that Himalayans are not.","On each of exactly seven consecutive days (day 1 though day 7), a pet shop features exactly one of three breeds of kitten—Himalayan, Manx, Siamese—and exactly one of three breeds of puppy—Greyhound, Newfoundland, Rottweiler. The following conditions must apply: Greyhounds are featured on day 1. No breed is featured on any two consecutive days. Any breed featured on day 1 is not featured on day 7. Himalayans are featured on exactly three days, but not on day 1. Rottweilers are not featured on day 7, nor on any day that features Himalayans.Q: Which one of the following could be true? Answer Choices: (A)There are exactly four breeds that are each featured on three days. (B)Greyhounds are featured on every day that Himalayans are. (C)Himalayans are featured on every day that Greyhounds are. (D)Himalayans are featured on every day that Rottweilers are not. (E)Rottweilers are featured on every day that Himalayans are not.",,A,There are exactly four breeds that are each featured on three days.,0,,none,0,,,,8012,0,8012,0,1,length,0,102.55098557472229,0.36885330618320017,3.0616731858971225,0.5838347338502675,0.8049018920616031,0.9999999992855217,0.30473040885396646,0.24170698091464718,5.973747730255127,0.5208209101706583,0.08374937593609585,1.3091612581128307,10.0,0.10396904643035447,4.0,8012.0,0.2639991759035235,1.5519975469607326,0.3856910151512877,0.8470317423075456,0.999999910058075,0.24270342015592103,0.19538565214023645,3.3194644451141357,0.47071768491820903,0.0390625,1.15625,3.0,0.0390625,1.0,128.0,0.2909039322505351,2.232617696103845,0.4732131218424911,0.844309893055515,0.999999910058075,0.2597553579557382,0.19692566256538424,3.3194644451141357,0.4682284585895661,0.05859375,1.1875,4.0,0.05859375,1.0,256.0,0.2543229554237203,2.232617696103845,0.4572399548958022,0.8606889459169187,0.9999999674169894,0.25694735201440555,0.1777595330409322,3.3777430057525635,0.4615621441596574,0.0575,1.165,4.0,0.065,3.0,400.0,0.23302653361631,2.232617696103845,0.43568376644287077,0.869009792181108,0.9999999812081294,0.2511000487950969,0.16212468417292764,3.3777430057525635,0.43673308805268607,0.052734375,1.150390625,4.0,0.05859375,3.0,512.0,0.26549222522098354,2.7320937780690233,0.4733158090916775,0.851220667464177,0.9999999992855217,0.26944062615153735,0.17708601989062048,3.3777430057525635,0.4358936258867609,0.06640625,1.19140625,7.0,0.0771484375,3.0,1024.0,0.39954916514473593,2.9744458642455207,0.6067398980196375,0.7914847606813196,0.9999999992855217,0.313954433409824,0.2650967408576889,3.3777430057525635,0.524993423168551,0.09619140625,1.33984375,10.0,0.11669921875,4.0,2048.0,,,,,,,,,,,,,,,,,,,,,,,,,,,,,,,,,,,,,,,,,,,,,,,,,,,,,,,,,,,,,,,,,,,,,,,,,,,,,,,,,,,,,,,,,,,,,,,,,,,,,,,,,
23,"On each of exactly seven consecutive days (day 1 though day 7), a pet shop features exactly one of three breeds of kitten—Himalayan, Manx, Siamese—and exactly one of three breeds of puppy—Greyhound, Newfoundland, Rottweiler. The following conditions must apply: Greyhounds are featured on day 1. No breed is featured on any two consecutive days. Any breed featured on day 1 is not featured on day 7. Himalayans are featured on exactly three days, but not on day 1. Rottweilers are not featured on day 7, nor on any day that features Himalayans.Q: If Himalayans are not featured on day 7, which one of the following could be true? Answer Choices: (A)Greyhounds are featured on days 3 and 5. (B)Newfoundlands are featured on day 3. (C)Rottweilers are featured on day 6. (D)Rottweilers are featured only on day 3. (E)Rottweilers are featured on exactly three days.","On each of exactly seven consecutive days (day 1 though day 7), a pet shop features exactly one of three breeds of kitten—Himalayan, Manx, Siamese—and exactly one of three breeds of puppy—Greyhound, Newfoundland, Rottweiler. The following conditions must apply: Greyhounds are featured on day 1. No breed is featured on any two consecutive days. Any breed featured on day 1 is not featured on day 7. Himalayans are featured on exactly three days, but not on day 1. Rottweilers are not featured on day 7, nor on any day that features Himalayans.Q: If Himalayans are not featured on day 7, which one of the following could be true? Answer Choices: (A)Greyhounds are featured on days 3 and 5. (B)Newfoundlands are featured on day 3. (C)Rottweilers are featured on day 6. (D)Rottweilers are featured only on day 3. (E)Rottweilers are featured on exactly three days.",,D,Rottweilers are featured only on day 3.,3,,none,0,,,,8012,0,8012,0,1,length,0,105.83761548995972,0.3674591332127624,3.1824795280344036,0.5597861630170864,0.7961932007218383,0.9999999982998232,0.3077706383373472,0.23965949361058067,5.741858005523682,0.5059730878868874,0.09048926610084873,1.2968047928107838,10.0,0.11120818771842236,5.0,8012.0,0.2821445409838908,1.7171461624580662,0.4440285211019593,0.8335640444796869,0.9999999598462249,0.2798806752902095,0.14498352132622838,1.606730580329895,0.2946281859450273,0.0703125,1.1796875,3.0,0.0703125,1.0,128.0,0.3839482640561031,3.1824795280344036,0.5883676081926281,0.798462906333134,0.9999999598462249,0.3053617447179071,0.2061937722474288,2.4679269790649414,0.40480856831487394,0.08203125,1.32421875,9.0,0.0859375,2.0,256.0,0.32817477578290194,3.1824795280344036,0.5501519170882747,0.8199650094206495,0.9999999598462249,0.2971168864267699,0.19005173320376664,2.4679269790649414,0.4061318736531021,0.08,1.2775,9.0,0.09,2.0,400.0,0.36121243089952493,3.1824795280344036,0.5701716569711982,0.8071665280863651,0.9999999598462249,0.30246812436329834,0.21445949125967873,5.741858005523682,0.48139696369043083,0.087890625,1.287109375,9.0,0.099609375,2.0,512.0,0.4363887122116651,3.1824795280344036,0.6332676165975138,0.7716948951212947,0.9999999782189367,0.32175271122791743,0.27828674540127807,5.741858005523682,0.5525810391907958,0.10546875,1.38671875,10.0,0.1328125,3.0,1024.0,0.43037820870684246,3.1824795280344036,0.5999611464487931,0.767584240670675,0.9999999801369068,0.3185692023846135,0.2738477679884198,5.741858005523682,0.5316726905059294,0.10205078125,1.357421875,10.0,0.126953125,3.0,2048.0,,,,,,,,,,,,,,,,,,,,,,,,,,,,,,,,,,,,,,,,,,,,,,,,,,,,,,,,,,,,,,,,,,,,,,,,,,,,,,,,,,,,,,,,,,,,,,,,,,,,,,,,,
24,"A panel of five scientists will be formed. The panelists will be selected from among three botanists—F, G, and H—three chemists—K, L, and M—and three zoologists—P, Q, and R. Selection is governed by the following conditions: The panel must include at least one scientist of each of the three types. If more than one botanist is selected, then at most one zoologist is selected. F and K cannot both be selected. K and M cannot both be selected. If M is selected, both P and R must be selected.Q: Which one of the following is an acceptable selection of scientists for the panel? Answer Choices: (A)F, G, K, P, Q (B)G, H, K, L, M (C)G, H, K, L, R (D)H, K, M, P, R (E)H, L, M, P, Q","A panel of five scientists will be formed. The panelists will be selected from among three botanists—F, G, and H—three chemists—K, L, and M—and three zoologists—P, Q, and R. Selection is governed by the following conditions: The panel must include at least one scientist of each of the three types. If more than one botanist is selected, then at most one zoologist is selected. F and K cannot both be selected. K and M cannot both be selected. If M is selected, both P and R must be selected.Q: Which one of the following is an acceptable selection of scientists for the panel? Answer Choices: (A)F, G, K, P, Q (B)G, H, K, L, M (C)G, H, K, L, R (D)H, K, M, P, R (E)H, L, M, P, Q",,C,"G, H, K, L, R",2,C,final_answer,1,"

To determine the acceptable selection of scientists, we must evaluate each answer choice against the given conditions.

**The Conditions:**
1.  **Panel Size:** 5 scientists.
2.  **Type Requirement:** At least one Botanist (B), one Chemist (C), and one Zoologist (Z).
3.  **Botanist/Zoologist Constraint:** If Botanists > 1, then Zoologists $\le$ 1.
4.  **F/K Constraint:** F and K cannot both be selected.
5.  **K/M Constraint:** K and M cannot both be selected.
6.  **M/P/R Constraint:** If M is selected, then P and R must both be selected.

**Evaluation of Answer Choices:**

*   **(A) F, G, K, P, Q**
    *   **Types:** Botanists (F, G) = 2, Chemists (K) = 1, Zoologists (P, Q) = 2.
    *   **Check Condition 2:** At least one of each? Yes.
    *   **Check Condition 3:** Botanists = 2 (which is > 1). This requires Zoologists $\le$ 1. Here, Zoologists = 2.
    *   **Result:** **Invalid**.

*   **(B) G, H, K, L, M**
    *   **Types:** Botanists (G, H) = 2, Chemists (K, L, M) = 3, Zoologists = 0.
    *   **Check Condition 2:** At least one of each type? No, there are no Zoologists.
    *   **Result:** **Invalid**.

*   **(C) G, H, K, L, R**
    *   **Types:** Botanists (G, H) = 2, Chemists (K, L) = 2, Zoologists (R) = 1.
    *   **Check Condition 2:** At least one of each? Yes.
    *   **Check Condition 3:** Botanists = 2 (> 1). Zoologists = 1 ($\le$ 1). Condition satisfied.
    *   **Check Condition 4:** F and K? F is not selected. Condition satisfied.
    *   **Check Condition 5:** K and M? K is selected, M is not. Condition satisfied.
    *   **Check Condition 6:** If M is selected... M is not selected. Condition satisfied.
    *   **Result:** **Valid**.

*   **(D) H, K, M, P, R**
    *   **Types:** Botanists (H) = 1, Chemists (K, M) = 2, Zoologists (P, R) = 2.
    *   **Check Condition 5:** K and M cannot both be selected. Both are present in this list.
    *   **Result:** **Invalid**.

*   **(E) H, L, M, P, Q**
    *   **Types:** Botanists (H) = 1, Chemists (L, M) = 2, Zoologists (P, Q) = 2.
    *   **Check Condition 6:** If M is selected, both P and R must be selected. M is selected. P is selected. R is **not** selected.
    *   **Result:** **Invalid**.

Only choice (C) satisfies all the conditions.

Final Answer: C",,"

To determine the acceptable selection of scientists, we must evaluate each answer choice against the given conditions.

**The Conditions:**
1.  **Panel Size:** 5 scientists.
2.  **Type Requirement:** At least one Botanist (B), one Chemist (C), and one Zoologist (Z).
3.  **Botanist/Zoologist Constraint:** If Botanists > 1, then Zoologists $\le$ 1.
4.  **F/K Constraint:** F and K cannot both be selected.
5.  **K/M Constraint:** K and M cannot both be selected.
6.  **M/P/R Constraint:** If M is selected, then P and R must both be selected.

**Evaluation of Answer Choices:**

*   **(A) F, G, K, P, Q**
    *   **Types:** Botanists (F, G) = 2, Chemists (K) = 1, Zoologists (P, Q) = 2.
    *   **Check Condition 2:** At least one of each? Yes.
    *   **Check Condition 3:** Botanists = 2 (which is > 1). This requires Zoologists $\le$ 1. Here, Zoologists = 2.
    *   **Result:** **Invalid**.

*   **(B) G, H, K, L, M**
    *   **Types:** Botanists (G, H) = 2, Chemists (K, L, M) = 3, Zoologists = 0.
    *   **Check Condition 2:** At least one of each type? No, there are no Zoologists.
    *   **Result:** **Invalid**.

*   **(C) G, H, K, L, R**
    *   **Types:** Botanists (G, H) = 2, Chemists (K, L) = 2, Zoologists (R) = 1.
    *   **Check Condition 2:** At least one of each? Yes.
    *   **Check Condition 3:** Botanists = 2 (> 1). Zoologists = 1 ($\le$ 1). Condition satisfied.
    *   **Check Condition 4:** F and K? F is not selected. Condition satisfied.
    *   **Check Condition 5:** K and M? K is selected, M is not. Condition satisfied.
    *   **Check Condition 6:** If M is selected... M is not selected. Condition satisfied.
    *   **Result:** **Valid**.

*   **(D) H, K, M, P, R**
    *   **Types:** Botanists (H) = 1, Chemists (K, M) = 2, Zoologists (P, R) = 2.
    *   **Check Condition 5:** K and M cannot both be selected. Both are present in this list.
    *   **Result:** **Invalid**.

*   **(E) H, L, M, P, Q**
    *   **Types:** Botanists (H) = 1, Chemists (L, M) = 2",4315,0,4315,926,0,stop,0,67.58864402770996,0.17328864958041054,2.782027319253569,0.38587733520296913,0.897010309412533,0.9999999962130431,0.23442752890265336,0.11236069710466283,5.453835487365723,0.3391586155309037,0.04148319814600232,1.1198146002317497,7.0,0.05052143684820394,3.0,4315.0,0.32596742874253576,2.606159900601666,0.5527351058229969,0.8062094105463429,0.9999996932224489,0.311402788971237,0.2012526953530866,2.323160409927368,0.41786887873307765,0.09375,1.296875,7.0,0.1015625,2.0,128.0,0.281066513702582,2.606159900601666,0.5101888618983618,0.8313881256131995,0.9999999956129548,0.29702982039854764,0.18178789543256968,2.323160409927368,0.40309472448553046,0.0859375,1.23046875,7.0,0.1015625,2.0,256.0,0.2915408370564679,2.782027319253569,0.5230207819203804,0.8351019360353217,0.9999999956129548,0.2904562531453112,0.19460154006674962,3.264674663543701,0.4540945425707137,0.075,1.2375,7.0,0.095,3.0,400.0,0.2443821112824105,2.782027319253569,0.48071134689991535,0.8621360018917706,0.9999999962130431,0.2683229972491201,0.16223820959028018,3.264674663543701,0.41867986942530283,0.060546875,1.1875,7.0,0.076171875,3.0,512.0,0.21351627814374036,2.782027319253569,0.44916583282138023,0.8792282338237984,0.9999999962130431,0.25375931560534215,0.1398175126504695,5.453835487365723,0.4036778392373553,0.0517578125,1.162109375,7.0,0.0615234375,3.0,1024.0,0.18080992176147204,2.782027319253569,0.4032186378352214,0.8949593461653925,0.9999999962130431,0.23859000921433757,0.11688279178001681,5.453835487365723,0.3566914523599949,0.04736328125,1.12841796875,7.0,0.0576171875,3.0,2048.0,0.2131995612474579,2.782027319253569,0.4546691424425083,0.8797041755916115,0.9999999962130431,0.25478247013375555,0.13886269322694544,5.453835487365723,0.4060697916838437,0.05183585313174946,1.1652267818574513,7.0,0.06263498920086392,3.0,926.0,0.32596742874253576,2.606159900601666,0.5527351058229969,0.8062094105463429,0.9999996932224489,0.311402788971237,0.2012526953530866,2.323160409927368,0.41786887873307765,0.09375,1.296875,7.0,0.1015625,2.0,128.0,0.281066513702582,2.606159900601666,0.5101888618983618,0.8313881256131995,0.9999999956129548,0.29702982039854764,0.18178789543256968,2.323160409927368,0.40309472448553046,0.0859375,1.23046875,7.0,0.1015625,2.0,256.0,0.2915408370564679,2.782027319253569,0.5230207819203804,0.8351019360353217,0.9999999956129548,0.2904562531453112,0.19460154006674962,3.264674663543701,0.4540945425707137,0.075,1.2375,7.0,0.095,3.0,400.0,0.2443821112824105,2.782027319253569,0.48071134689991535,0.8621360018917706,0.9999999962130431,0.2683229972491201,0.16223820959028018,3.264674663543701,0.41867986942530283,0.060546875,1.1875,7.0,0.076171875,3.0,512.0,0.2131995612474579,2.782027319253569,0.4546691424425083,0.8797041755916115,0.9999999962130431,0.25478247013375555,0.13886269322694544,5.453835487365723,0.4060697916838437,0.05183585313174946,1.1652267818574513,7.0,0.06263498920086392,3.0,926.0,0.2131995612474579,2.782027319253569,0.4546691424425083,0.8797041755916115,0.9999999962130431,0.25478247013375555,0.13886269322694544,5.453835487365723,0.4060697916838437,0.05183585313174946,1.1652267818574513,7.0,0.06263498920086392,3.0,926.0
25,"A panel of five scientists will be formed. The panelists will be selected from among three botanists—F, G, and H—three chemists—K, L, and M—and three zoologists—P, Q, and R. Selection is governed by the following conditions: The panel must include at least one scientist of each of the three types. If more than one botanist is selected, then at most one zoologist is selected. F and K cannot both be selected. K and M cannot both be selected. If M is selected, both P and R must be selected.Q: If M is the only chemist selected for the panel, which one of the following must be true? Answer Choices: (A)F and G are both selected. (B)G and H are both selected. (C)H and P are both selected. (D)F, G, and H are all selected. (E)P, Q, and R are all selected.","A panel of five scientists will be formed. The panelists will be selected from among three botanists—F, G, and H—three chemists—K, L, and M—and three zoologists—P, Q, and R. Selection is governed by the following conditions: The panel must include at least one scientist of each of the three types. If more than one botanist is selected, then at most one zoologist is selected. F and K cannot both be selected. K and M cannot both be selected. If M is selected, both P and R must be selected.Q: If M is the only chemist selected for the panel, which one of the following must be true? Answer Choices: (A)F and G are both selected. (B)G and H are both selected. (C)H and P are both selected. (D)F, G, and H are all selected. (E)P, Q, and R are all selected.",,E,"P, Q, and R are all selected.",4,E,final_answer,1,"

Here is the step-by-step logical deduction:

1.  **Analyze the Given Condition:**
    The problem states: ""M is the only chemist selected for the panel.""
    -   **Chemists:** M is selected. K and L are NOT selected.

2.  **Apply Constraints Related to Chemists and M:**
    -   **Constraint:** ""If M is selected, both P and R must be selected.""
        -   Since M is selected, **P** and **R** must be selected.
    -   **Constraint:** ""K and M cannot both be selected.""
        -   Since M is selected, K cannot be selected. (This is consistent with M being the only chemist).
    -   **Constraint:** ""F and K cannot both be selected.""
        -   Since K is not selected, this constraint does not prevent F from being selected.

3.  **Determine the Number of Zoologists:**
    -   We currently have selected **P** and **R**. This means at least 2 Zoologists are selected.
    -   **Constraint:** ""The panel must include at least one scientist of each of the three types.""
        -   We need at least 1 Botanist.
    -   **Constraint:** ""If more than one botanist is selected, then at most one zoologist is selected.""
        -   Let $B$ be the number of Botanists and $Z$ be the number of Zoologists.
        -   The rule is: $B > 1 \implies Z \le 1$.
        -   The contrapositive is: $Z \ge 2 \implies B \le 1$.
        -   Since we have established that $Z \ge 2$ (because P and R are selected), it must be that $B \le 1$.
    -   Combining $B \le 1$ with the requirement that $B \ge 1$ (at least one Botanist), we conclude that **exactly 1 Botanist** is selected.

4.  **Calculate the Total Panel Composition:**
    -   The panel size is 5 scientists.
    -   Current Counts:
        -   Chemists: 1 (M)
        -   Botanists: 1 (Unknown which one)
        -   Zoologists: $Z$
    -   Equation: $1 (\text{Chemist}) + 1 (\text{Botanist}) + Z (\text{Zoologists}) = 5$.
    -   Solving for $Z$: $2 + Z = 5 \implies Z = 3$.
    -   So, **exactly 3 Zoologists** must be selected.

5.  **Identify the Selected Zoologists:**
    -   The available Zoologists are P, Q, and R.
    -   Since exactly 3 Zoologists must be selected, **P, Q, and R must all be selected**.
    -   (Note: We already knew P and R were selected from the M condition. This deduction confirms that Q must also be selected).

6.  **Evaluate the Answer Choices:**
    -   (A) F and G are both selected: False. Only 1 Botanist is selected.
    -   (B) G and H are both selected: False. Only 1 Botanist is selected.
    -   (C) H and P are both selected: P is selected, but H is not necessarily the Botanist (could be F or G).
    -   (D) F, G, and H are all selected: False. Only 1 Botanist is selected.
    -   (E) P, Q, and R are all selected: True. Since 3 Zoologists are required, all available Zoologists must be on the panel.

Final Answer: E",,"

Here is the step-by-step logical deduction:

1.  **Analyze the Given Condition:**
    The problem states: ""M is the only chemist selected for the panel.""
    -   **Chemists:** M is selected. K and L are NOT selected.

2.  **Apply Constraints Related to Chemists and M:**
    -   **Constraint:** ""If M is selected, both P and R must be selected.""
        -   Since M is selected, **P** and **R** must be selected.
    -   **Constraint:** ""K and M cannot both be selected.""
        -   Since M is selected, K cannot be selected. (This is consistent with M being the only chemist).
    -   **Constraint:** ""F and K cannot both be selected.""
        -   Since K is not selected, this constraint does not prevent F from being selected.

3.  **Determine the Number of Zoologists:**
    -   We currently have selected **P** and **R**. This means at least 2 Zoologists are selected.
    -   **Constraint:** ""The panel must include at least one scientist of each of the three types.""
        -   We need at least 1 Botanist.
    -   **Constraint:** ""If more than one botanist is selected, then at most one zoologist is selected.""
        -   Let $B$ be the number of Botanists and $Z$ be the number of Zoologists.
        -   The rule is: $B > 1 \implies Z \le 1$.
        -   The contrapositive is: $Z \ge 2 \implies B \le 1$.
        -   Since we have established that $Z \ge 2$ (because P and R are selected), it must be that $B \le 1$.
    -   Combining $B \le 1$ with the requirement that $B \ge 1$ (at least one Botanist), we conclude that **exactly 1 Botanist** is selected.

4.  **Calculate the Total Panel Composition:**
    -   The panel size is 5 scientists.
    -   Current Counts:
        -   Chemists: 1 (M)
        -   Botanists: 1 (Unknown which one)
        -   Zoologists: $Z$
    -   Equation: $1 (\text{Chemist}) + 1 (\text{Botanist}) + Z (\text{Zoologists}) = 5$.
    -   Solving for $Z$: $2 + Z = 5 \implies Z = 3$.
    -   So, **exactly 3 Zoologists** must be selected.

5.  **Identif",4754,0,4754,867,0,stop,0,64.85539841651917,0.31025425246532073,2.9673507057796975,0.5044130124591305,0.819639279260467,0.9999999982497757,0.295896296789255,0.20395053377338257,5.635986804962158,0.4716582447806979,0.08329827513672697,1.2366428270929744,9.0,0.10328144720235591,4.0,4754.0,0.2776474871942606,2.0231314075904114,0.4272404788059872,0.8226995588594092,0.9999994933325708,0.28899231978783135,0.16021796387792064,1.406282901763916,0.3079285806440382,0.1015625,1.1875,3.0,0.109375,2.0,128.0,0.23974901315968744,2.105263965433855,0.4219944334360147,0.8524571286473431,0.9999999873527055,0.2695984967759078,0.14313882051334625,1.6026606559753418,0.3154470280069797,0.078125,1.16015625,4.0,0.09765625,4.0,256.0,0.26488545101277816,2.5991214739390442,0.46254665592114996,0.8380896549546876,0.9999999873527055,0.2863237814060859,0.16049993748806324,2.1804282665252686,0.35033337995952374,0.0875,1.1975,6.0,0.1075,4.0,400.0,0.2778475690938096,2.5991214739390442,0.46877325187297675,0.8335035683887149,0.9999999873527055,0.2846465350573384,0.17254395648748994,4.179338455200195,0.4111976403174916,0.080078125,1.20703125,6.0,0.095703125,4.0,512.0,0.3226750881821931,2.5991214739390442,0.5026127862484192,0.8094170971955593,0.9999999873527055,0.3014996039619862,0.20360229277783354,5.635986804962158,0.46187002708897046,0.08984375,1.2373046875,6.0,0.1083984375,4.0,1024.0,0.30286272913635764,2.676210821298822,0.4836913294135776,0.8224137519196999,0.9999999951115807,0.29059549669194856,0.1901440501789045,5.635986804962158,0.4367349012460787,0.0810546875,1.212890625,6.0,0.09814453125,4.0,2048.0,0.3308202299127413,2.5991214739390442,0.5090964487083106,0.8037419585938586,0.9999999873527055,0.3058485766537416,0.20842163546609502,5.635986804962158,0.4698524202516624,0.09457900807381776,1.2479815455594003,6.0,0.11418685121107267,4.0,867.0,0.2776474871942606,2.0231314075904114,0.4272404788059872,0.8226995588594092,0.9999994933325708,0.28899231978783135,0.16021796387792064,1.406282901763916,0.3079285806440382,0.1015625,1.1875,3.0,0.109375,2.0,128.0,0.23974901315968744,2.105263965433855,0.4219944334360147,0.8524571286473431,0.9999999873527055,0.2695984967759078,0.14313882051334625,1.6026606559753418,0.3154470280069797,0.078125,1.16015625,4.0,0.09765625,4.0,256.0,0.26488545101277816,2.5991214739390442,0.46254665592114996,0.8380896549546876,0.9999999873527055,0.2863237814060859,0.16049993748806324,2.1804282665252686,0.35033337995952374,0.0875,1.1975,6.0,0.1075,4.0,400.0,0.2778475690938096,2.5991214739390442,0.46877325187297675,0.8335035683887149,0.9999999873527055,0.2846465350573384,0.17254395648748994,4.179338455200195,0.4111976403174916,0.080078125,1.20703125,6.0,0.095703125,4.0,512.0,0.3308202299127413,2.5991214739390442,0.5090964487083106,0.8037419585938586,0.9999999873527055,0.3058485766537416,0.20842163546609502,5.635986804962158,0.4698524202516624,0.09457900807381776,1.2479815455594003,6.0,0.11418685121107267,4.0,867.0,0.3308202299127413,2.5991214739390442,0.5090964487083106,0.8037419585938586,0.9999999873527055,0.3058485766537416,0.20842163546609502,5.635986804962158,0.4698524202516624,0.09457900807381776,1.2479815455594003,6.0,0.11418685121107267,4.0,867.0
26,"A panel of five scientists will be formed. The panelists will be selected from among three botanists—F, G, and H—three chemists—K, L, and M—and three zoologists—P, Q, and R. Selection is governed by the following conditions: The panel must include at least one scientist of each of the three types. If more than one botanist is selected, then at most one zoologist is selected. F and K cannot both be selected. K and M cannot both be selected. If M is selected, both P and R must be selected.Q: If four of the scientists selected are F, L, Q, and R, which one of the following must be the fifth scientist selected? Answer Choices: (A)G (B)H (C)K (D)M (E)P","A panel of five scientists will be formed. The panelists will be selected from among three botanists—F, G, and H—three chemists—K, L, and M—and three zoologists—P, Q, and R. Selection is governed by the following conditions: The panel must include at least one scientist of each of the three types. If more than one botanist is selected, then at most one zoologist is selected. F and K cannot both be selected. K and M cannot both be selected. If M is selected, both P and R must be selected.Q: If four of the scientists selected are F, L, Q, and R, which one of the following must be the fifth scientist selected? Answer Choices: (A)G (B)H (C)K (D)M (E)P",,E,P,4,E,final_answer,1,"

The problem asks us to determine the fifth scientist selected for a panel of five, given that F, L, Q, and R are already selected. Let's analyze the constraints and the current selection.

**1. Analyze the Current Selection:**
*   **Selected Scientists:** F, L, Q, R
*   **Panel Size:** 5 (Need 1 more)
*   **Types:**
    *   Botanists: F (1)
    *   Chemists: L (1)
    *   Zoologists: Q, R (2)

**2. Evaluate Constraint 2:**
*   **Rule:** ""If more than one botanist is selected, then at most one zoologist is selected.""
*   **Current Status:** We have selected 2 zoologists (Q and R).
*   **Implication:** Since the number of zoologists is greater than 1, the number of botanists selected must be 1 or fewer ($B \le 1$).
*   **Application:** We currently have 1 botanist (F). Therefore, we cannot select any more botanists.
*   **Result:** Botanists G and H cannot be selected. This eliminates options (A) and (B).

**3. Evaluate Constraint 3 (F and K):**
*   **Rule:** ""F and K cannot both be selected.""
*   **Current Status:** F is selected.
*   **Implication:** K cannot be selected.
*   **Result:** Chemist K cannot be the fifth scientist. This eliminates option (C).

**4. Evaluate Constraint 4 (M, P, R):**
*   **Rule:** ""If M is selected, both P and R must be selected.""
*   **Current Status:** We have 1 spot left in the panel.
*   **Implication:** If we were to select M, we would also be required to select P. This would require adding 2 scientists (M and P) to the existing 4, resulting in a panel of 6 scientists.
*   **Application:** Since the panel size is limited to 5, M cannot be selected.
*   **Result:** Chemist M cannot be the fifth scientist. This eliminates option (D).

**5. Determine the Fifth Scientist:**
*   The available scientists to choose from were G, H, K, M, and P.
*   G and H are eliminated due to the Botanist/Zoologist constraint.
*   K is eliminated because F is selected.
*   M is eliminated because it requires P to be selected, exceeding the panel size.
*   **Remaining Option:** P.

**6. Verify the Final Selection:**
*   **Panel:** F, L, Q, R, P
*   **Types:** 1 Botanist (F), 1 Chemist (L), 3 Zoologists (Q, R, P).
*   **Constraints Check:**
    *   At least one of each type? Yes.
    *   If $B > 1$ then $Z \le 1$? $B=1$, so the condition is satisfied.
    *   F and K not both? F is in, K is out. Yes.
    *   K and M not both? Both are out. Yes.
    *   If M then P and R? M is out. Yes.

The fifth scientist must be P.

Final Answer: E",,"

The problem asks us to determine the fifth scientist selected for a panel of five, given that F, L, Q, and R are already selected. Let's analyze the constraints and the current selection.

**1. Analyze the Current Selection:**
*   **Selected Scientists:** F, L, Q, R
*   **Panel Size:** 5 (Need 1 more)
*   **Types:**
    *   Botanists: F (1)
    *   Chemists: L (1)
    *   Zoologists: Q, R (2)

**2. Evaluate Constraint 2:**
*   **Rule:** ""If more than one botanist is selected, then at most one zoologist is selected.""
*   **Current Status:** We have selected 2 zoologists (Q and R).
*   **Implication:** Since the number of zoologists is greater than 1, the number of botanists selected must be 1 or fewer ($B \le 1$).
*   **Application:** We currently have 1 botanist (F). Therefore, we cannot select any more botanists.
*   **Result:** Botanists G and H cannot be selected. This eliminates options (A) and (B).

**3. Evaluate Constraint 3 (F and K):**
*   **Rule:** ""F and K cannot both be selected.""
*   **Current Status:** F is selected.
*   **Implication:** K cannot be selected.
*   **Result:** Chemist K cannot be the fifth scientist. This eliminates option (C).

**4. Evaluate Constraint 4 (M, P, R):**
*   **Rule:** ""If M is selected, both P and R must be selected.""
*   **Current Status:** We have 1 spot left in the panel.
*   **Implication:** If we were to select M, we would also be required to select P. This would require adding 2 scientists (M and P) to the existing 4, resulting in a panel of 6 scientists.
*   **Application:** Since the panel size is limited to 5, M cannot be selected.
*   **Result:** Chemist M cannot be the fifth scientist. This eliminates option (D).

**5. Determine the Fifth Scientist:**
*   The available scientists to choose from were G, H, K, M, and P.
*   G and H are eliminated due to the Botanist/Zoologist constraint.
*   K is eliminated because F is selected.
*   M is eliminated because it requires P to be selected, exceeding the panel size.
*",3438,0,3438,796,0,stop,0,44.50687837600708,0.2872879009378427,2.705844896150654,0.4799899580395553,0.8329421893516346,0.999999993144251,0.28515126134069185,0.18363896244174313,4.213168144226074,0.42078964999452095,0.07038976148923792,1.2056428155904595,6.0,0.08580570098894706,4.0,3438.0,0.254502104420413,2.546390708078616,0.4819493518552105,0.8420305939391365,0.9999997354058958,0.2912796301589353,0.20146009853792018,4.192775726318359,0.5329235942487995,0.09375,1.2109375,6.0,0.09375,1.0,128.0,0.20222548267800103,2.546390708078616,0.45151619295630885,0.878794899404939,0.9999999593172698,0.2642095535005795,0.14809915432386805,4.192775726318359,0.43749984668334296,0.0703125,1.171875,6.0,0.08203125,3.0,256.0,0.2750258289600315,2.546390708078616,0.49733924555079656,0.8422940817659823,0.9999999593172698,0.28176833180030886,0.18474753934232666,4.192775726318359,0.4509684632263332,0.0625,1.22,6.0,0.075,3.0,400.0,0.27636103801371187,2.546390708078616,0.5010610965779129,0.8413825782617226,0.9999999593172698,0.28456720918164663,0.17980062362131505,4.192775726318359,0.4339233016810691,0.068359375,1.224609375,6.0,0.0859375,3.0,512.0,0.31480339521508366,2.705844896150654,0.5045841195600447,0.8204221388338713,0.99999997522999,0.29055843706187173,0.19936287951402235,4.192775726318359,0.4364043894098046,0.07421875,1.23828125,6.0,0.0908203125,3.0,1024.0,0.30194099943053254,2.705844896150654,0.4924187964041925,0.8248575160034707,0.999999990889819,0.2896553442627214,0.18902173981549855,4.192775726318359,0.4146265450879964,0.07373046875,1.22509765625,6.0,0.09130859375,4.0,2048.0,0.3015581709415789,2.705844896150654,0.5058047218006517,0.8274905929243753,0.99999997522999,0.28813332239028033,0.18899345794522737,4.192775726318359,0.4215392957074678,0.0678391959798995,1.236180904522613,6.0,0.08793969849246232,3.0,796.0,0.254502104420413,2.546390708078616,0.4819493518552105,0.8420305939391365,0.9999997354058958,0.2912796301589353,0.20146009853792018,4.192775726318359,0.5329235942487995,0.09375,1.2109375,6.0,0.09375,1.0,128.0,0.20222548267800103,2.546390708078616,0.45151619295630885,0.878794899404939,0.9999999593172698,0.2642095535005795,0.14809915432386805,4.192775726318359,0.43749984668334296,0.0703125,1.171875,6.0,0.08203125,3.0,256.0,0.2750258289600315,2.546390708078616,0.49733924555079656,0.8422940817659823,0.9999999593172698,0.28176833180030886,0.18474753934232666,4.192775726318359,0.4509684632263332,0.0625,1.22,6.0,0.075,3.0,400.0,0.27636103801371187,2.546390708078616,0.5010610965779129,0.8413825782617226,0.9999999593172698,0.28456720918164663,0.17980062362131505,4.192775726318359,0.4339233016810691,0.068359375,1.224609375,6.0,0.0859375,3.0,512.0,0.3015581709415789,2.705844896150654,0.5058047218006517,0.8274905929243753,0.99999997522999,0.28813332239028033,0.18899345794522737,4.192775726318359,0.4215392957074678,0.0678391959798995,1.236180904522613,6.0,0.08793969849246232,3.0,796.0,0.3015581709415789,2.705844896150654,0.5058047218006517,0.8274905929243753,0.99999997522999,0.28813332239028033,0.18899345794522737,4.192775726318359,0.4215392957074678,0.0678391959798995,1.236180904522613,6.0,0.08793969849246232,3.0,796.0
27,"A panel of five scientists will be formed. The panelists will be selected from among three botanists—F, G, and H—three chemists—K, L, and M—and three zoologists—P, Q, and R. Selection is governed by the following conditions: The panel must include at least one scientist of each of the three types. If more than one botanist is selected, then at most one zoologist is selected. F and K cannot both be selected. K and M cannot both be selected. If M is selected, both P and R must be selected.Q: If P is the only zoologist selected, which one of the following must be true? Answer Choices: (A)If K is selected, G cannot be selected. (B)If L is selected, F cannot be selected. (C)If exactly one chemist is selected, it must be K. (D)If exactly two chemists are selected, F cannot be selected. (E)If exactly two chemists are selected, G cannot be selected.","A panel of five scientists will be formed. The panelists will be selected from among three botanists—F, G, and H—three chemists—K, L, and M—and three zoologists—P, Q, and R. Selection is governed by the following conditions: The panel must include at least one scientist of each of the three types. If more than one botanist is selected, then at most one zoologist is selected. F and K cannot both be selected. K and M cannot both be selected. If M is selected, both P and R must be selected.Q: If P is the only zoologist selected, which one of the following must be true? Answer Choices: (A)If K is selected, G cannot be selected. (B)If L is selected, F cannot be selected. (C)If exactly one chemist is selected, it must be K. (D)If exactly two chemists are selected, F cannot be selected. (E)If exactly two chemists are selected, G cannot be selected.",,D,"If exactly two chemists are selected, F cannot be selected.",3,D,final_answer,1,"

The problem asks us to determine which statement must be true given that P is the only zoologist selected.

**1. Analyze the Constraints and Scenario:**
*   **Panel Size:** 5 scientists.
*   **Types:** Botanists (F, G, H), Chemists (K, L, M), Zoologists (P, Q, R).
*   **Diversity:** At least one of each type (B $\ge$ 1, C $\ge$ 1, Z $\ge$ 1).
*   **Constraint 1:** If $B > 1$, then $Z \le 1$.
*   **Constraint 2:** Not (F and K).
*   **Constraint 3:** Not (K and M).
*   **Constraint 4:** If M is selected, then P and R are selected ($M \implies (P \land R)$).
*   **Scenario:** P is the only zoologist selected.
    *   This means $Z = 1$ and the zoologist is P.
    *   Therefore, Q and R are not selected.

**2. Deductions from the Scenario:**
*   Since R is not selected, the condition for M ($M \implies P \land R$) cannot be met (the consequent is false). Thus, **M cannot be selected**.
*   With M out, the available Chemists are **K and L**.
*   The available Botanists are **F, G, and H**.
*   We need to select 5 scientists total. We have already selected 1 Zoologist (P).
*   Remaining spots to fill: $5 - 1 = 4$.
*   Remaining pool of candidates: {F, G, H, K, L} (5 scientists).
*   We must select 4 scientists from this pool to fill the remaining spots.
*   Also, we must satisfy the diversity rule (at least one Botanist and at least one Chemist).
*   Since we are selecting 4 from 5, we are excluding exactly 1 scientist from the pool {F, G, H, K, L}.

**3. Evaluate Possible Combinations:**
Let's test each exclusion to see if it forms a valid panel.

*   **Exclude F:** Selection is {G, H, K, L}.
    *   Botanists: G, H (2).
    *   Chemists: K, L (2).
    *   Zoologists: P (1).
    *   Total: 5.
    *   Constraints Check:
        *   Diversity: Yes (2, 2, 1).
        *   $B > 1 \implies Z \le 1$: $2 > 1$, $1 \le 1$. Yes.
        *   Not (F and K): F is out. Yes.
        *   Not (K and M): M is out. Yes.
        *   M $\implies$ P and R: M is out. Yes.
    *   **Valid.**
    *   In this case, exactly two chemists (K, L) are selected. F is not selected. G is selected.

*   **Exclude G:** Selection is {F, H, K, L}.
    *   Botanists: F, H (2).
    *   Chemists: K, L (2).
    *   Constraints Check:
        *   Not (F and K): Both F and K are selected. **Invalid.**

*   **Exclude H:** Selection is {F, G, K, L}.
    *   Botanists: F, G (2).
    *   Chemists: K, L (2).
    *   Constraints Check:
        *   Not (F and K): Both F and K are selected. **Invalid.**

*   **Exclude K:** Selection is {F, G, H, L}.
    *   Botanists: F, G, H (3).
    *   Chemists: L (1).
    *   Zoologists: P (1).
    *   Total: 5.
    *   Constraints Check:
        *   Diversity: Yes (3, 1, 1).
        *   $B > 1 \implies Z \le 1$: $3 > 1$, $1 \le 1$. Yes.
        *   Not (F and K): K is out. Yes.
        *   Not (K and M): M is out. Yes.
        *   M $\implies$ P and R: M is out. Yes.
    *   **Valid.**
    *   In this case, exactly one chemist (L) is selected. F is selected. G is selected.

*   **Exclude L:** Selection is {F, G, H, K}.
    *   Botanists: F, G, H (3).
    *   Chemists: K (1).
    *   Constraints Check:
        *   Not (F and K): Both F and K are selected. **Invalid.**

**4. Analyze the Valid Scenarios:**
There are only two valid scenarios:
1.  **Scenario 1:** Botanists {F, G, H}, Chemist {L}, Zoologist {P}. (1 Chemist selected: L).
2.  **Scenario 2:** Botanists {G, H}, Chemists {K, L}, Zoologist {P}. (2 Chemists selected: K, L).

**5. Evaluate the Answer Choices:**
*   **(A) If K is selected, G cannot be selected.**
    *   In Scenario 2, K is selected, and G is selected. This statement is false.
*   **(B) If L is selected, F cannot be selected.**
    *   In Scenario 1, L is selected, and F is selected. This statement is false.
*   **(C) If exactly one chemist is selected, it must be K.**
    *   In Scenario 1, exactly one chemist is selected, but it is L. This statement is false.
*   **(D) If exactly two chemists are selected, F cannot be sel",,"

The problem asks us to determine which statement must be true given that P is the only zoologist selected.

**1. Analyze the Constraints and Scenario:**
*   **Panel Size:** 5 scientists.
*   **Types:** Botanists (F, G, H), Chemists (K, L, M), Zoologists (P, Q, R).
*   **Diversity:** At least one of each type (B $\ge$ 1, C $\ge$ 1, Z $\ge$ 1).
*   **Constraint 1:** If $B > 1$, then $Z \le 1$.
*   **Constraint 2:** Not (F and K).
*   **Constraint 3:** Not (K and M).
*   **Constraint 4:** If M is selected, then P and R are selected ($M \implies (P \land R)$).
*   **Scenario:** P is the only zoologist selected.
    *   This means $Z = 1$ and the zoologist is P.
    *   Therefore, Q and R are not selected.

**2. Deductions from the Scenario:**
*   Since R is not selected, the condition for M ($M \implies P \land R$) cannot be met (the consequent is false). Thus, **M cannot be selected**.
*   With M out, the available Chemists are **K and L**.
*   The available Botanists are **F, G, and H**.
*   We need to select 5 scientists total. We have already selected 1 Zoologist (P).
*   Remaining spots to fill: $5 - 1 = 4$.
*   Remaining pool of candidates: {F, G, H, K, L} (5 scientists).
*   We must select 4 scientists from this pool to fill the remaining spots.
*   Also, we must satisfy the diversity rule (at least one Botanist and at least one Chemist).
*   Since we are selecting 4 from 5, we are excluding exactly 1 scientist from the pool {F, G, H, K, L}.

**3. Evaluate Possible Combinations:**
Let's test each exclusion to see if it forms a valid panel.

*   **Exclude F:** Selection is {G, H, K, L}.
    *   Botanists: G, H (2).
    *   Chemists: K, L (2).
    *   Zoologists: P (1).
    *   Total: 5.
    *   Constraints Check:
        *   Diversity: Yes (2, 2, 1).
        *   $B > 1 \implies Z \le 1$: $2 > 1$, $1 \le 1$. Yes.
        *   Not (F and K): F is out. Yes.
        *   Not (K and M): M is out. Yes.
        *   M $\implies$ P and R: M is out. Yes.
    *   **Valid.**
",7171,0,7171,1609,0,stop,0,87.81651043891907,0.2861090424093663,2.9538741776548036,0.5022701868294951,0.8370812079190436,0.9999999971911476,0.28662900323967744,0.1825334190083745,4.280203342437744,0.4329815201178132,0.07404824989541207,1.2232603542044345,9.0,0.0892483614558639,4.0,7171.0,0.30177886381247737,2.183259114400955,0.5009925141635743,0.8123975038853836,0.9999996595515859,0.3098844147260565,0.22315493629632338,3.398275375366211,0.49584307155009916,0.1015625,1.2265625,4.0,0.109375,2.0,128.0,0.23752811236299812,2.183259114400955,0.4382468300083027,0.8609061252520174,0.9999999911139702,0.26557699873083485,0.15235510988672396,3.398275375366211,0.39102509967072513,0.0625,1.15234375,4.0,0.06640625,2.0,256.0,0.22895479260155313,2.3001167190674874,0.43531331155368375,0.8638911134315734,0.9999999911139702,0.2668779435221714,0.14179662244721652,3.398275375366211,0.37166195384456435,0.065,1.1575,5.0,0.0775,2.0,400.0,0.23766229951612144,2.3001167190674874,0.4342709904888556,0.8527166458662138,0.9999999911139702,0.2780087598856936,0.14303528735062215,3.398275375366211,0.3528759320918734,0.072265625,1.166015625,5.0,0.08203125,2.0,512.0,0.3286408136919229,2.9538741776548036,0.5320081023619077,0.8133708677954393,0.9999999911139702,0.3014511358548623,0.20436598538390152,4.102643013000488,0.4488262152301283,0.0859375,1.2548828125,8.0,0.1025390625,3.0,1024.0,0.32929496558258137,2.9538741776548036,0.5284437747392889,0.8116235808972201,0.9999999911139702,0.30256830026844017,0.20392469941274088,4.102643013000488,0.4388427292383893,0.087890625,1.26123046875,9.0,0.10595703125,4.0,2048.0,0.34058818470239216,2.9538741776548036,0.5338689154080841,0.8049916228376784,0.9999999911139702,0.30601100033450146,0.21381017824120316,4.102643013000488,0.45762484798227726,0.08949658172778123,1.2672467371037912,8.0,0.1093847110006215,4.0,1609.0,0.30177886381247737,2.183259114400955,0.5009925141635743,0.8123975038853836,0.9999996595515859,0.3098844147260565,0.22315493629632338,3.398275375366211,0.49584307155009916,0.1015625,1.2265625,4.0,0.109375,2.0,128.0,0.23752811236299812,2.183259114400955,0.4382468300083027,0.8609061252520174,0.9999999911139702,0.26557699873083485,0.15235510988672396,3.398275375366211,0.39102509967072513,0.0625,1.15234375,4.0,0.06640625,2.0,256.0,0.22895479260155313,2.3001167190674874,0.43531331155368375,0.8638911134315734,0.9999999911139702,0.2668779435221714,0.14179662244721652,3.398275375366211,0.37166195384456435,0.065,1.1575,5.0,0.0775,2.0,400.0,0.23766229951612144,2.3001167190674874,0.4342709904888556,0.8527166458662138,0.9999999911139702,0.2780087598856936,0.14303528735062215,3.398275375366211,0.3528759320918734,0.072265625,1.166015625,5.0,0.08203125,2.0,512.0,0.3286408136919229,2.9538741776548036,0.5320081023619077,0.8133708677954393,0.9999999911139702,0.3014511358548623,0.20436598538390152,4.102643013000488,0.4488262152301283,0.0859375,1.2548828125,8.0,0.1025390625,3.0,1024.0,0.34058818470239216,2.9538741776548036,0.5338689154080841,0.8049916228376784,0.9999999911139702,0.30601100033450146,0.21381017824120316,4.102643013000488,0.45762484798227726,0.08949658172778123,1.2672467371037912,8.0,0.1093847110006215,4.0,1609.0
28,"A panel of five scientists will be formed. The panelists will be selected from among three botanists—F, G, and H—three chemists—K, L, and M—and three zoologists—P, Q, and R. Selection is governed by the following conditions: The panel must include at least one scientist of each of the three types. If more than one botanist is selected, then at most one zoologist is selected. F and K cannot both be selected. K and M cannot both be selected. If M is selected, both P and R must be selected.Q: If both G and H are among the scientists selected, then the panel must include either Answer Choices: (A)F or else K (B)F or else M (C)K or else M (D)M or else Q (E)P or else Q","A panel of five scientists will be formed. The panelists will be selected from among three botanists—F, G, and H—three chemists—K, L, and M—and three zoologists—P, Q, and R. Selection is governed by the following conditions: The panel must include at least one scientist of each of the three types. If more than one botanist is selected, then at most one zoologist is selected. F and K cannot both be selected. K and M cannot both be selected. If M is selected, both P and R must be selected.Q: If both G and H are among the scientists selected, then the panel must include either Answer Choices: (A)F or else K (B)F or else M (C)K or else M (D)M or else Q (E)P or else Q",,A,F or else K,0,,none,0,,,,8012,0,8012,0,1,length,0,97.50630760192871,0.47161965671938305,3.6539920625357456,0.6263163175515944,0.7468441092533212,0.9999999959469554,0.3309792919659004,0.3103365565128941,6.358645439147949,0.5721162377856446,0.1183225162256615,1.4011482775836246,15.0,0.14677983025461808,6.0,8012.0,0.30491698094515535,2.077446939318031,0.4873294658198583,0.824152253154763,0.9999997273486344,0.2947805356285565,0.18395876145970086,2.941929340362549,0.4279289484991222,0.0859375,1.2109375,4.0,0.109375,3.0,128.0,0.20821074629064293,2.077446939318031,0.40405827073747497,0.8763747644939346,0.9999999655922134,0.2525843607191146,0.12842987366253672,2.941929340362549,0.37118889349881895,0.0546875,1.1328125,4.0,0.06640625,3.0,256.0,0.22377025952918628,2.8196900029022096,0.4457316611855687,0.8714692051110927,0.9999999655922134,0.26041857642027466,0.14817887238190136,4.468745231628418,0.44730458540879037,0.0625,1.1625,8.0,0.07,3.0,400.0,0.23923937362277012,2.8196900029022096,0.4535445535038554,0.8622504969193514,0.9999999655922134,0.2653013775069565,0.1500816969109104,4.468745231628418,0.4236871310241506,0.060546875,1.173828125,8.0,0.06640625,3.0,512.0,0.2991037579424444,2.8196900029022096,0.4856941541825696,0.8240265518051451,0.9999999914971228,0.29048163730377274,0.19502698301555146,4.468745231628418,0.454561588694165,0.083984375,1.2197265625,8.0,0.091796875,3.0,1024.0,0.34991661186049533,3.128986987777762,0.5276233795556738,0.8012596063402088,0.9999999937242607,0.3027760563130866,0.22917110763253232,6.358645439147949,0.5069233474927329,0.08447265625,1.26513671875,9.0,0.09716796875,4.0,2048.0,,,,,,,,,,,,,,,,,,,,,,,,,,,,,,,,,,,,,,,,,,,,,,,,,,,,,,,,,,,,,,,,,,,,,,,,,,,,,,,,,,,,,,,,,,,,,,,,,,,,,,,,,
29,"A loading dock consists of exactly six bays numbered 1 through 6 consecutively from one side of the dock to the other. Each bay is holding a different one of exactly six types of cargo—fuel, grain, livestock, machinery, produce, or textiles. The following apply: The bay holding grain has a higher number than the bay holding livestock. The bay holding livestock has a higher number than the bay holding textiles. The bay holding produce has a higher number than the bay holding fuel. The bay holding textiles is next to the bay holding produce.Q: Which one of the following lists could accurately identify the cargo held in each of the loading dock's first three bays, listed in order from bay 1 to bay 3? Answer Choices: (A)fuel, machinery, textiles (B)grain, machinery, fuel (C)machinery, livestock, fuel (D)machinery, textiles, fuel (E)machinery, textiles, produce","A loading dock consists of exactly six bays numbered 1 through 6 consecutively from one side of the dock to the other. Each bay is holding a different one of exactly six types of cargo—fuel, grain, livestock, machinery, produce, or textiles. The following apply: The bay holding grain has a higher number than the bay holding livestock. The bay holding livestock has a higher number than the bay holding textiles. The bay holding produce has a higher number than the bay holding fuel. The bay holding textiles is next to the bay holding produce.Q: Which one of the following lists could accurately identify the cargo held in each of the loading dock's first three bays, listed in order from bay 1 to bay 3? Answer Choices: (A)fuel, machinery, textiles (B)grain, machinery, fuel (C)machinery, livestock, fuel (D)machinery, textiles, fuel (E)machinery, textiles, produce",,A,"fuel, machinery, textiles",0,A,final_answer,1,"

The problem asks us to determine the cargo in bays 1, 2, and 3 based on a set of constraints. Let's denote the bay number for a specific cargo type as $P(\text{Cargo})$. The bays are numbered 1 through 6. The cargo types are fuel (F), grain (G), livestock (L), machinery (M), produce (P), and textiles (T).

The constraints are:
1.  $P(\text{Grain}) > P(\text{Livestock})$
2.  $P(\text{Livestock}) > P(\text{Textiles})$
    Combining 1 and 2, we get: $P(\text{Grain}) > P(\text{Livestock}) > P(\text{Textiles})$.
3.  $P(\text{Produce}) > P(\text{Fuel})$
4.  $|P(\text{Textiles}) - P(\text{Produce})| = 1$ (Textiles is next to Produce)

We analyze each option to see if it can lead to a valid assignment for all six bays.

**Option (A): fuel, machinery, textiles**
- Bay 1: Fuel ($P(\text{Fuel}) = 1$)
- Bay 2: Machinery ($P(\text{Machinery}) = 2$)
- Bay 3: Textiles ($P(\text{Textiles}) = 3$)
- From constraint 4, Produce must be next to Textiles (Bay 3). So Produce is at Bay 2 or Bay 4. Bay 2 is occupied by Machinery, so Produce must be at Bay 4 ($P(\text{Produce}) = 4$).
- Check constraint 3: $P(\text{Produce}) > P(\text{Fuel}) \Rightarrow 4 > 1$. This holds.
- Remaining bays: 5, 6. Remaining cargo: Grain, Livestock.
- From constraints 1 and 2: $P(\text{Grain}) > P(\text{Livestock}) > P(\text{Textiles})$.
- We know $P(\text{Textiles}) = 3$. So $P(\text{Livestock})$ must be greater than 3. The available bays are 5 and 6.
- To satisfy $P(\text{Grain}) > P(\text{Livestock})$, we must assign Livestock to Bay 5 and Grain to Bay 6.
- Check: $P(\text{Livestock}) = 5 > 3$ (Textiles). $P(\text{Grain}) = 6 > 5$ (Livestock).
- This assignment works perfectly:
  - 1: Fuel
  - 2: Machinery
  - 3: Textiles
  - 4: Produce
  - 5: Livestock
  - 6: Grain
- All constraints are satisfied.

**Option (B): grain, machinery, fuel**
- Bay 1: Grain ($P(\text{Grain}) = 1$)
- From constraint 1: $P(\text{Grain}) > P(\text{Livestock})$.
- This implies $1 > P(\text{Livestock})$, which is impossible since the lowest bay number is 1.
- **Invalid.**

**Option (C): machinery, livestock, fuel**
- Bay 2: Livestock ($P(\text{Livestock}) = 2$)
- From constraint 2: $P(\text{Livestock}) > P(\text{Textiles})$.
- This implies $2 > P(\text{Textiles})$, so $P(\text{Textiles})$ must be 1.
- However, Bay 1 is occupied by Machinery.
- **Invalid.**

**Option (D): machinery, textiles, fuel**
- Bay 2: Textiles ($P(\text{Textiles}) = 2$)
- Bay 3: Fuel ($P(\text{Fuel}) = 3$)
- From constraint 4: Produce must be next to Textiles (Bay 2). So Produce is at Bay 1 or Bay 3.
- Bay 1 is Machinery. Bay 3 is Fuel.
- There is no available bay for Produce.
- **Invalid.**

**Option (E): machinery, textiles, produce**
- Bay 2: Textiles ($P(\text{Textiles}) = 2$)
- Bay 3: Produce ($P(\text{Produce}) = 3$)
- From constraint 3: $P(\text{Produce}) > P(\text{Fuel})$.
- This implies $3 > P(\text{Fuel})$, so $P(\text{Fuel})$ must be 1 or 2.
- Bay 1 is Machinery. Bay 2 is Textiles.
- There is no available bay for Fuel.
- **Invalid.**

Only Option (A) allows for a valid configuration of all cargo types in the six bays.

Final Answer: A",,"

The problem asks us to determine the cargo in bays 1, 2, and 3 based on a set of constraints. Let's denote the bay number for a specific cargo type as $P(\text{Cargo})$. The bays are numbered 1 through 6. The cargo types are fuel (F), grain (G), livestock (L), machinery (M), produce (P), and textiles (T).

The constraints are:
1.  $P(\text{Grain}) > P(\text{Livestock})$
2.  $P(\text{Livestock}) > P(\text{Textiles})$
    Combining 1 and 2, we get: $P(\text{Grain}) > P(\text{Livestock}) > P(\text{Textiles})$.
3.  $P(\text{Produce}) > P(\text{Fuel})$
4.  $|P(\text{Textiles}) - P(\text{Produce})| = 1$ (Textiles is next to Produce)

We analyze each option to see if it can lead to a valid assignment for all six bays.

**Option (A): fuel, machinery, textiles**
- Bay 1: Fuel ($P(\text{Fuel}) = 1$)
- Bay 2: Machinery ($P(\text{Machinery}) = 2$)
- Bay 3: Textiles ($P(\text{Textiles}) = 3$)
- From constraint 4, Produce must be next to Textiles (Bay 3). So Produce is at Bay 2 or Bay 4. Bay 2 is occupied by Machinery, so Produce must be at Bay 4 ($P(\text{Produce}) = 4$).
- Check constraint 3: $P(\text{Produce}) > P(\text{Fuel}) \Rightarrow 4 > 1$. This holds.
- Remaining bays: 5, 6. Remaining cargo: Grain, Livestock.
- From constraints 1 and 2: $P(\text{Grain}) > P(\text{Livestock}) > P(\text{Textiles})$.
- We know $P(\text{Textiles}) = 3$. So $P(\text{Livestock})$ must be greater than 3. The available bays are 5 and 6.
- To satisfy $P(\text{Grain}) > P(\text{Livestock})$, we must assign Livestock to Bay 5 and Grain to Bay 6.
- Check: $P(\text{Livestock}) = 5 > 3$ (Textiles). $P(\text{Grain}) = 6 > 5$ (Livestock).
- This assignment works perfectly:
  - 1: Fuel
  - 2: Machinery
  - 3: Textiles
  - 4: Produce
  - 5: Livestock
  - 6: Grain
- All constraints are satisfied.

**Option (B): grain, machinery, fuel**
- Bay 1: Grain ($P(\text{Grain}) = 1$)
- From constraint 1: $P(\text{Grain}) > P(\text{Livestock})$.
- This implies $1 > P(\text{Livestock})$, which is impossible since t",4536,0,4536,1108,0,stop,0,66.96973824501038,0.209173692278828,2.9327287880800013,0.4257683858501626,0.8760394797494203,0.9999999982472362,0.2569596707619242,0.13356879082019152,5.10350227355957,0.3648114522395622,0.05709876543209876,1.152557319223986,8.0,0.06525573192239859,3.0,4536.0,0.25488288615499893,2.1840327067269683,0.4313382372790607,0.8504202207934807,0.9999992566370984,0.2675077670409647,0.14068028487303197,1.6557843685150146,0.3140816250604901,0.0703125,1.1640625,4.0,0.0859375,3.0,128.0,0.3298144471197197,2.1840327067269683,0.5176220902072981,0.809881379495113,0.9999992566370984,0.3075956404887683,0.1993434496293378,2.523714542388916,0.40927459222345886,0.10546875,1.234375,4.0,0.125,3.0,256.0,0.28293403291275754,2.1840327067269683,0.4828360470393757,0.8356057409046446,0.9999999635075932,0.28980953418238,0.17360283269921034,2.523714542388916,0.3824224804949142,0.0925,1.2025,4.0,0.1075,3.0,400.0,0.25164687875993125,2.1840327067269683,0.45766546217396203,0.8531099677896642,0.9999999774804009,0.2770820804293427,0.16148993468625258,3.5734126567840576,0.394745871513024,0.078125,1.177734375,4.0,0.08984375,3.0,512.0,0.2422102761925114,2.4168493376264713,0.45266203217012524,0.855834259490775,0.999999989704873,0.2766943954027239,0.16614199405789903,5.10350227355957,0.43556881792157925,0.076171875,1.1728515625,4.0,0.083984375,3.0,1024.0,0.21587470222443583,2.9327287880800013,0.4304374460500836,0.8716087289302238,0.9999999940626004,0.2630349774072851,0.14163199629089124,5.10350227355957,0.3850357683150747,0.06591796875,1.154296875,8.0,0.07275390625,3.0,2048.0,0.23987024291721493,2.9327287880800013,0.45344469830166917,0.8569893047184454,0.999999989704873,0.27625998838770116,0.1625602704498306,5.10350227355957,0.426866524111883,0.07671480144404332,1.174187725631769,8.0,0.08483754512635379,3.0,1108.0,0.25488288615499893,2.1840327067269683,0.4313382372790607,0.8504202207934807,0.9999992566370984,0.2675077670409647,0.14068028487303197,1.6557843685150146,0.3140816250604901,0.0703125,1.1640625,4.0,0.0859375,3.0,128.0,0.3298144471197197,2.1840327067269683,0.5176220902072981,0.809881379495113,0.9999992566370984,0.3075956404887683,0.1993434496293378,2.523714542388916,0.40927459222345886,0.10546875,1.234375,4.0,0.125,3.0,256.0,0.28293403291275754,2.1840327067269683,0.4828360470393757,0.8356057409046446,0.9999999635075932,0.28980953418238,0.17360283269921034,2.523714542388916,0.3824224804949142,0.0925,1.2025,4.0,0.1075,3.0,400.0,0.25164687875993125,2.1840327067269683,0.45766546217396203,0.8531099677896642,0.9999999774804009,0.2770820804293427,0.16148993468625258,3.5734126567840576,0.394745871513024,0.078125,1.177734375,4.0,0.08984375,3.0,512.0,0.2422102761925114,2.4168493376264713,0.45266203217012524,0.855834259490775,0.999999989704873,0.2766943954027239,0.16614199405789903,5.10350227355957,0.43556881792157925,0.076171875,1.1728515625,4.0,0.083984375,3.0,1024.0,0.23987024291721493,2.9327287880800013,0.45344469830166917,0.8569893047184454,0.999999989704873,0.27625998838770116,0.1625602704498306,5.10350227355957,0.426866524111883,0.07671480144404332,1.174187725631769,8.0,0.08483754512635379,3.0,1108.0
30,"A loading dock consists of exactly six bays numbered 1 through 6 consecutively from one side of the dock to the other. Each bay is holding a different one of exactly six types of cargo—fuel, grain, livestock, machinery, produce, or textiles. The following apply: The bay holding grain has a higher number than the bay holding livestock. The bay holding livestock has a higher number than the bay holding textiles. The bay holding produce has a higher number than the bay holding fuel. The bay holding textiles is next to the bay holding produce.Q: Which one of the following CANNOT be the type of cargo held in bay 4? Answer Choices: (A)grain (B)livestock (C)machinery (D)produce (E)textiles","A loading dock consists of exactly six bays numbered 1 through 6 consecutively from one side of the dock to the other. Each bay is holding a different one of exactly six types of cargo—fuel, grain, livestock, machinery, produce, or textiles. The following apply: The bay holding grain has a higher number than the bay holding livestock. The bay holding livestock has a higher number than the bay holding textiles. The bay holding produce has a higher number than the bay holding fuel. The bay holding textiles is next to the bay holding produce.Q: Which one of the following CANNOT be the type of cargo held in bay 4? Answer Choices: (A)grain (B)livestock (C)machinery (D)produce (E)textiles",,A,grain,0,A,final_answer,1,"

To determine which cargo type cannot be in bay 4, we analyze the constraints provided:

1.  **Bay numbers:** 1, 2, 3, 4, 5, 6.
2.  **Cargo types:** Fuel, Grain, Livestock, Machinery, Produce, Textiles.
3.  **Constraints:**
    *   Grain > Livestock (Bay number of Grain > Bay number of Livestock)
    *   Livestock > Textiles (Bay number of Livestock > Bay number of Textiles)
    *   Produce > Fuel (Bay number of Produce > Bay number of Fuel)
    *   Textiles and Produce are adjacent (|Bay Textiles - Bay Produce| = 1)

Combining the first two constraints, we have the order: **Textiles < Livestock < Grain**.
This means the bay number for Textiles must be lower than Livestock, which must be lower than Grain.

Let's test each option to see if it is possible for that cargo to be in Bay 4.

**Option (A): Grain in Bay 4**
If Grain is in Bay 4, then Livestock must be in a bay with a lower number (2 or 3, since it must be greater than Textiles). Textiles must be in an even lower number.
*   **Case 1: Livestock is in Bay 3.**
    Then Textiles must be in Bay 1 or 2.
    *   If Textiles is in Bay 2: Produce must be adjacent to Textiles (Bay 1 or 3). Since Livestock is in Bay 3, Produce must be in Bay 1. However, Produce > Fuel, so Fuel must be in a lower number than Bay 1, which is impossible.
    *   If Textiles is in Bay 1: Produce must be adjacent to Textiles (Bay 2). So Produce is in Bay 2. Since Produce > Fuel, Fuel must be in Bay 1. But Textiles is already in Bay 1. This is a conflict.
*   **Case 2: Livestock is in Bay 2.**
    Then Textiles must be in Bay 1. Produce must be adjacent to Textiles (Bay 2). But Livestock is in Bay 2. This is a conflict.

Since all possible arrangements lead to a contradiction, **Grain cannot be in Bay 4**.

**Verification of other options (to ensure they are possible):**
*   **Livestock in Bay 4:** Possible (e.g., Textiles=2, Produce=3, Fuel=1, Machinery=5, Grain=6).
*   **Machinery in Bay 4:** Possible (e.g., Textiles=2, Produce=3, Fuel=1, Livestock=5, Grain=6).
*   **Produce in Bay 4:** Possible (e.g., Textiles=3, Livestock=5, Grain=6, Fuel=1, Machinery=2).
*   **Textiles in Bay 4:** Possible (e.g., Textiles=4, Livestock=5, Grain=6, Produce=3, Fuel=1, Machinery=2).

Since Grain is the only option that leads to a contradiction, it is the correct answer.

Final Answer: A",,"

To determine which cargo type cannot be in bay 4, we analyze the constraints provided:

1.  **Bay numbers:** 1, 2, 3, 4, 5, 6.
2.  **Cargo types:** Fuel, Grain, Livestock, Machinery, Produce, Textiles.
3.  **Constraints:**
    *   Grain > Livestock (Bay number of Grain > Bay number of Livestock)
    *   Livestock > Textiles (Bay number of Livestock > Bay number of Textiles)
    *   Produce > Fuel (Bay number of Produce > Bay number of Fuel)
    *   Textiles and Produce are adjacent (|Bay Textiles - Bay Produce| = 1)

Combining the first two constraints, we have the order: **Textiles < Livestock < Grain**.
This means the bay number for Textiles must be lower than Livestock, which must be lower than Grain.

Let's test each option to see if it is possible for that cargo to be in Bay 4.

**Option (A): Grain in Bay 4**
If Grain is in Bay 4, then Livestock must be in a bay with a lower number (2 or 3, since it must be greater than Textiles). Textiles must be in an even lower number.
*   **Case 1: Livestock is in Bay 3.**
    Then Textiles must be in Bay 1 or 2.
    *   If Textiles is in Bay 2: Produce must be adjacent to Textiles (Bay 1 or 3). Since Livestock is in Bay 3, Produce must be in Bay 1. However, Produce > Fuel, so Fuel must be in a lower number than Bay 1, which is impossible.
    *   If Textiles is in Bay 1: Produce must be adjacent to Textiles (Bay 2). So Produce is in Bay 2. Since Produce > Fuel, Fuel must be in Bay 1. But Textiles is already in Bay 1. This is a conflict.
*   **Case 2: Livestock is in Bay 2.**
    Then Textiles must be in Bay 1. Produce must be adjacent to Textiles (Bay 2). But Livestock is in Bay 2. This is a conflict.

Since all possible arrangements lead to a contradiction, **Grain cannot be in Bay 4**.

**Verification of other options (to ensure they are possible):**
*   **Livestock in Bay 4:** Possible (e.g., Textiles=2, Produce=3, Fuel=1, Machinery=5, Grain=6).
*   **Machinery in Bay 4:** Possible (e.g., Textiles=2, Produce=3, Fuel=1",7131,0,7131,890,0,stop,0,99.11013913154602,0.2721261574253479,2.8105567741197146,0.4700076444727448,0.8381807911182503,0.999999999634052,0.2839213500625825,0.1770634013389586,5.339308261871338,0.41719140458728715,0.0723601177955406,1.1998317206562894,7.0,0.08413967185527976,4.0,7131.0,0.23900880960980564,1.8315418988460488,0.3826939217233486,0.8464410563704245,0.9999999577923211,0.26764794772209316,0.1832515734327217,2.7468929290771484,0.4444399050533815,0.0546875,1.1328125,3.0,0.0546875,1.0,128.0,0.21016237068330113,1.8315418988460488,0.388829527563491,0.8652083211469368,0.9999999577923211,0.26647752589680485,0.14762851490831874,2.7468929290771484,0.37917953145882205,0.05859375,1.1328125,4.0,0.06640625,3.0,256.0,0.2931748309750272,2.399138815666053,0.48661791661470655,0.8241185253730552,0.9999999577923211,0.29708370829921765,0.19559371744565923,2.7468929290771484,0.41699509171681065,0.0775,1.2175,5.0,0.095,3.0,400.0,0.327045193842187,2.5195018311437245,0.5129317427456972,0.8044848246891904,0.9999999577923211,0.30955075655373876,0.21385000569243923,3.2159361839294434,0.43643817577271965,0.091796875,1.25390625,6.0,0.111328125,3.0,512.0,0.3365914059804688,2.5195018311437245,0.48724251890518233,0.7887328757269674,0.9999999879893042,0.31308799040576585,0.2284641696257534,3.2159361839294434,0.4421096266222604,0.0966796875,1.2509765625,6.0,0.1142578125,3.0,1024.0,0.2762435690861722,2.7765508055392067,0.4600077053799721,0.8313969483252427,0.9999999992395909,0.2875764011497775,0.18680584829892313,4.374907493591309,0.42887887577216366,0.0703125,1.2021484375,7.0,0.08349609375,3.0,2048.0,0.3203595109487262,2.5195018311437245,0.4810268719339467,0.800693595288485,0.9999999879893042,0.3067233145179103,0.21755724504819948,3.2159361839294434,0.4341366674171068,0.09101123595505618,1.2382022471910112,6.0,0.10674157303370786,3.0,890.0,0.23900880960980564,1.8315418988460488,0.3826939217233486,0.8464410563704245,0.9999999577923211,0.26764794772209316,0.1832515734327217,2.7468929290771484,0.4444399050533815,0.0546875,1.1328125,3.0,0.0546875,1.0,128.0,0.21016237068330113,1.8315418988460488,0.388829527563491,0.8652083211469368,0.9999999577923211,0.26647752589680485,0.14762851490831874,2.7468929290771484,0.37917953145882205,0.05859375,1.1328125,4.0,0.06640625,3.0,256.0,0.2931748309750272,2.399138815666053,0.48661791661470655,0.8241185253730552,0.9999999577923211,0.29708370829921765,0.19559371744565923,2.7468929290771484,0.41699509171681065,0.0775,1.2175,5.0,0.095,3.0,400.0,0.327045193842187,2.5195018311437245,0.5129317427456972,0.8044848246891904,0.9999999577923211,0.30955075655373876,0.21385000569243923,3.2159361839294434,0.43643817577271965,0.091796875,1.25390625,6.0,0.111328125,3.0,512.0,0.3203595109487262,2.5195018311437245,0.4810268719339467,0.800693595288485,0.9999999879893042,0.3067233145179103,0.21755724504819948,3.2159361839294434,0.4341366674171068,0.09101123595505618,1.2382022471910112,6.0,0.10674157303370786,3.0,890.0,0.3203595109487262,2.5195018311437245,0.4810268719339467,0.800693595288485,0.9999999879893042,0.3067233145179103,0.21755724504819948,3.2159361839294434,0.4341366674171068,0.09101123595505618,1.2382022471910112,6.0,0.10674157303370786,3.0,890.0
31,"A loading dock consists of exactly six bays numbered 1 through 6 consecutively from one side of the dock to the other. Each bay is holding a different one of exactly six types of cargo—fuel, grain, livestock, machinery, produce, or textiles. The following apply: The bay holding grain has a higher number than the bay holding livestock. The bay holding livestock has a higher number than the bay holding textiles. The bay holding produce has a higher number than the bay holding fuel. The bay holding textiles is next to the bay holding produce.Q: If there is exactly one bay between the bay holding machinery and the bay holding grain, then for exactly how many of the six bays is the type of cargo that bay is holding completely determined? Answer Choices: (A)two (B)three (C)four (D)five (E)six","A loading dock consists of exactly six bays numbered 1 through 6 consecutively from one side of the dock to the other. Each bay is holding a different one of exactly six types of cargo—fuel, grain, livestock, machinery, produce, or textiles. The following apply: The bay holding grain has a higher number than the bay holding livestock. The bay holding livestock has a higher number than the bay holding textiles. The bay holding produce has a higher number than the bay holding fuel. The bay holding textiles is next to the bay holding produce.Q: If there is exactly one bay between the bay holding machinery and the bay holding grain, then for exactly how many of the six bays is the type of cargo that bay is holding completely determined? Answer Choices: (A)two (B)three (C)four (D)five (E)six",,C,four,2,,none,0,,,,8012,0,8012,0,1,length,0,109.8204710483551,0.25850813317326604,2.913082834907677,0.45313429445964615,0.8459375179856522,0.99999999938187,0.2756905487244741,0.175484210516503,5.879948139190674,0.4350321872085892,0.06814777833250125,1.1845981028457313,8.0,0.07938092860708937,6.0,8012.0,0.29893198552860245,2.1958227637961145,0.4721244906313337,0.8305088360650824,0.999999975632803,0.27287844707724584,0.1874005285967551,2.07478928565979,0.39155926965295024,0.046875,1.1875,4.0,0.046875,1.0,128.0,0.249216884987218,2.1958227637961145,0.4275487942747807,0.8536942946144875,0.999999975632803,0.258119674380352,0.16396696014105963,2.07478928565979,0.37562863942627306,0.0390625,1.15625,4.0,0.046875,3.0,256.0,0.3185209477243058,2.5318561572601905,0.5040414919282716,0.8170805969975576,0.999999975632803,0.2906189593680044,0.20488668390935666,2.8833770751953125,0.423122301963018,0.075,1.2425,6.0,0.105,6.0,400.0,0.34439203525369966,2.5318561572601905,0.508704041437696,0.802098482162014,0.999999975632803,0.29762590974853464,0.225742502513622,2.8833770751953125,0.44773367901254374,0.083984375,1.248046875,6.0,0.111328125,6.0,512.0,0.32787746150110425,2.5318561572601905,0.4792825212428504,0.8032907160020094,0.999999975632803,0.295502716512462,0.22392561664652905,4.487246513366699,0.4687736755954061,0.083984375,1.224609375,6.0,0.1064453125,6.0,1024.0,0.2793200594050569,2.5318561572601905,0.4574566996943462,0.8320179889831897,0.9999999980287161,0.28261261421843525,0.19071245638936832,4.487246513366699,0.4463331364384955,0.0712890625,1.19580078125,6.0,0.0859375,6.0,2048.0,,,,,,,,,,,,,,,,,,,,,,,,,,,,,,,,,,,,,,,,,,,,,,,,,,,,,,,,,,,,,,,,,,,,,,,,,,,,,,,,,,,,,,,,,,,,,,,,,,,,,,,,,
32,"A loading dock consists of exactly six bays numbered 1 through 6 consecutively from one side of the dock to the other. Each bay is holding a different one of exactly six types of cargo—fuel, grain, livestock, machinery, produce, or textiles. The following apply: The bay holding grain has a higher number than the bay holding livestock. The bay holding livestock has a higher number than the bay holding textiles. The bay holding produce has a higher number than the bay holding fuel. The bay holding textiles is next to the bay holding produce.Q: Which one of the following could be the bay holding livestock? Answer Choices: (A)bay 1 (B)bay 2 (C)bay 3 (D)bay 5 (E)bay 6","A loading dock consists of exactly six bays numbered 1 through 6 consecutively from one side of the dock to the other. Each bay is holding a different one of exactly six types of cargo—fuel, grain, livestock, machinery, produce, or textiles. The following apply: The bay holding grain has a higher number than the bay holding livestock. The bay holding livestock has a higher number than the bay holding textiles. The bay holding produce has a higher number than the bay holding fuel. The bay holding textiles is next to the bay holding produce.Q: Which one of the following could be the bay holding livestock? Answer Choices: (A)bay 1 (B)bay 2 (C)bay 3 (D)bay 5 (E)bay 6",,D,bay 5,3,D,final_answer,1,"

The problem asks us to identify which bay could hold livestock (L) given the constraints on the arrangement of six cargo types in six bays (1-6).

Let $Pos(X)$ denote the bay number containing cargo $X$. The constraints are:
1.  $Pos(\text{Grain}) > Pos(\text{Livestock})$
2.  $Pos(\text{Livestock}) > Pos(\text{Textiles})$
3.  $Pos(\text{Produce}) > Pos(\text{Fuel})$
4.  $Pos(\text{Textiles})$ and $Pos(\text{Produce})$ are adjacent ($|Pos(\text{Textiles}) - Pos(\text{Produce})| = 1$)

From constraints 1 and 2, we have the order: $\text{Textiles} < \text{Livestock} < \text{Grain}$.
This implies $Pos(\text{Livestock}) \ge 2$ and $Pos(\text{Grain}) \ge 3$.
From constraint 4, $Pos(\text{Produce})$ is either $Pos(\text{Textiles}) + 1$ or $Pos(\text{Textiles}) - 1$.

Let's evaluate each answer choice for the position of Livestock:

*   **(A) Bay 1**: If Livestock is in Bay 1, then Textiles must be in a bay with a number less than 1 (Constraint 2). This is impossible.
*   **(B) Bay 2**: If Livestock is in Bay 2, Textiles must be in Bay 1. Then Produce must be adjacent to Textiles (Bay 1), so Produce must be in Bay 2. However, Livestock is already in Bay 2, and each bay holds a different cargo. This is a contradiction.
*   **(C) Bay 3**: If Livestock is in Bay 3, Textiles must be in Bay 1 or 2.
    *   If Textiles is in Bay 1, Produce must be in Bay 2. Then Fuel must be in a bay with number less than 2 (Constraint 3), so Fuel is in Bay 1. This conflicts with Textiles being in Bay 1.
    *   If Textiles is in Bay 2, Produce must be in Bay 1 or 3. Produce cannot be in Bay 3 (Livestock). So Produce is in Bay 1. Then Fuel must be in a bay less than 1, which is impossible.
    *   Thus, Livestock cannot be in Bay 3.
*   **(D) Bay 5**: If Livestock is in Bay 5, Grain must be in Bay 6 (since Grain > Livestock). Textiles must be in a bay less than 5.
    *   Let's try Textiles in Bay 3.
    *   Produce must be adjacent to Textiles, so Produce can be in Bay 2 or 4.
    *   Let's try Produce in Bay 2.
    *   Fuel must be less than Produce (Bay 2), so Fuel is in Bay 1.
    *   This leaves Machinery for Bay 4.
    *   Let's check the arrangement:
        *   Bay 1: Fuel
        *   Bay 2: Produce
        *   Bay 3: Textiles
        *   Bay 4: Machinery
        *   Bay 5: Livestock
        *   Bay 6: Grain
    *   Check constraints:
        1.  Grain (6) > Livestock (5): Yes.
        2.  Livestock (5) > Textiles (3): Yes.
        3.  Produce (2) > Fuel (1): Yes.
        4.  Textiles (3) next to Produce (2): Yes.
    *   All constraints are satisfied. So Bay 5 is possible.
*   **(E) Bay 6**: If Livestock is in Bay 6, Grain must be in a bay with a number greater than 6 (Constraint 1). This is impossible.

Since only Bay 5 allows for a valid configuration among the choices, it is the correct answer.

Final Answer: D",,"

The problem asks us to identify which bay could hold livestock (L) given the constraints on the arrangement of six cargo types in six bays (1-6).

Let $Pos(X)$ denote the bay number containing cargo $X$. The constraints are:
1.  $Pos(\text{Grain}) > Pos(\text{Livestock})$
2.  $Pos(\text{Livestock}) > Pos(\text{Textiles})$
3.  $Pos(\text{Produce}) > Pos(\text{Fuel})$
4.  $Pos(\text{Textiles})$ and $Pos(\text{Produce})$ are adjacent ($|Pos(\text{Textiles}) - Pos(\text{Produce})| = 1$)

From constraints 1 and 2, we have the order: $\text{Textiles} < \text{Livestock} < \text{Grain}$.
This implies $Pos(\text{Livestock}) \ge 2$ and $Pos(\text{Grain}) \ge 3$.
From constraint 4, $Pos(\text{Produce})$ is either $Pos(\text{Textiles}) + 1$ or $Pos(\text{Textiles}) - 1$.

Let's evaluate each answer choice for the position of Livestock:

*   **(A) Bay 1**: If Livestock is in Bay 1, then Textiles must be in a bay with a number less than 1 (Constraint 2). This is impossible.
*   **(B) Bay 2**: If Livestock is in Bay 2, Textiles must be in Bay 1. Then Produce must be adjacent to Textiles (Bay 1), so Produce must be in Bay 2. However, Livestock is already in Bay 2, and each bay holds a different cargo. This is a contradiction.
*   **(C) Bay 3**: If Livestock is in Bay 3, Textiles must be in Bay 1 or 2.
    *   If Textiles is in Bay 1, Produce must be in Bay 2. Then Fuel must be in a bay with number less than 2 (Constraint 3), so Fuel is in Bay 1. This conflicts with Textiles being in Bay 1.
    *   If Textiles is in Bay 2, Produce must be in Bay 1 or 3. Produce cannot be in Bay 3 (Livestock). So Produce is in Bay 1. Then Fuel must be in a bay less than 1, which is impossible.
    *   Thus, Livestock cannot be in Bay 3.
*   **(D) Bay 5**: If Livestock is in Bay 5, Grain must be in Bay 6 (since Grain > Livestock). Textiles must be in a bay less than 5.
    *   Let's try Textiles in Bay 3.
    *   Produce must be adjacent to Textiles, so Produce can be in Bay 2 or 4.
    *   Let's tr",6948,0,6948,1089,0,stop,0,91.64229416847229,0.2691540665072664,2.991255347067246,0.4613079361702174,0.8382225553283488,0.9999999994415475,0.281879570336595,0.17157461191053558,4.505660533905029,0.3974915857294163,0.0729706390328152,1.1976108232584917,9.0,0.083909038572251,4.0,6948.0,0.28867585831000864,2.1492021142041495,0.43013389904632704,0.8317616271711082,0.9999998132687838,0.2729958482170063,0.1438026336990711,2.017702579498291,0.29731623881402147,0.0703125,1.1875,5.0,0.078125,2.0,128.0,0.2812845650268385,2.206164410543763,0.4355105785858914,0.8344095460444765,0.9999998806847478,0.2732407486918871,0.15210345246911763,2.0428872108459473,0.32200223680327694,0.05859375,1.18359375,5.0,0.06640625,2.0,256.0,0.262425993070116,2.206164410543763,0.4296482305397375,0.8417527014037381,0.9999999420923485,0.27383231645282463,0.16060260226491252,2.3478646278381348,0.3684693862635303,0.07,1.175,5.0,0.0775,2.0,400.0,0.2850848621235848,2.206164410543763,0.4331549296883284,0.8252904944875213,0.9999999420923485,0.2821725028589221,0.17553717621439513,2.657862663269043,0.3812473436171124,0.076171875,1.18359375,5.0,0.083984375,2.0,512.0,0.3192091653619293,2.571186943880301,0.48219989602801405,0.8074434502318072,0.9999999958956443,0.2981960517124917,0.21059225908009643,4.070795059204102,0.46342315212457336,0.0947265625,1.2314453125,6.0,0.109375,4.0,1024.0,0.31338448627009174,2.585399614122378,0.4893175086811807,0.813907234952896,0.9999999983332967,0.29446700710678253,0.19914974196380816,4.070795059204102,0.4330582816459436,0.08251953125,1.23291015625,6.0,0.09375,4.0,2048.0,0.31850634257723925,2.571186943880301,0.4859159713473578,0.8082678463781878,0.9999999958956443,0.2987162425924625,0.20961012559796868,4.070795059204102,0.45955997460191716,0.09366391184573003,1.2314049586776858,6.0,0.10927456382001836,4.0,1089.0,0.28867585831000864,2.1492021142041495,0.43013389904632704,0.8317616271711082,0.9999998132687838,0.2729958482170063,0.1438026336990711,2.017702579498291,0.29731623881402147,0.0703125,1.1875,5.0,0.078125,2.0,128.0,0.2812845650268385,2.206164410543763,0.4355105785858914,0.8344095460444765,0.9999998806847478,0.2732407486918871,0.15210345246911763,2.0428872108459473,0.32200223680327694,0.05859375,1.18359375,5.0,0.06640625,2.0,256.0,0.262425993070116,2.206164410543763,0.4296482305397375,0.8417527014037381,0.9999999420923485,0.27383231645282463,0.16060260226491252,2.3478646278381348,0.3684693862635303,0.07,1.175,5.0,0.0775,2.0,400.0,0.2850848621235848,2.206164410543763,0.4331549296883284,0.8252904944875213,0.9999999420923485,0.2821725028589221,0.17553717621439513,2.657862663269043,0.3812473436171124,0.076171875,1.18359375,5.0,0.083984375,2.0,512.0,0.3192091653619293,2.571186943880301,0.48219989602801405,0.8074434502318072,0.9999999958956443,0.2981960517124917,0.21059225908009643,4.070795059204102,0.46342315212457336,0.0947265625,1.2314453125,6.0,0.109375,4.0,1024.0,0.31850634257723925,2.571186943880301,0.4859159713473578,0.8082678463781878,0.9999999958956443,0.2987162425924625,0.20961012559796868,4.070795059204102,0.45955997460191716,0.09366391184573003,1.2314049586776858,6.0,0.10927456382001836,4.0,1089.0
33,"A loading dock consists of exactly six bays numbered 1 through 6 consecutively from one side of the dock to the other. Each bay is holding a different one of exactly six types of cargo—fuel, grain, livestock, machinery, produce, or textiles. The following apply: The bay holding grain has a higher number than the bay holding livestock. The bay holding livestock has a higher number than the bay holding textiles. The bay holding produce has a higher number than the bay holding fuel. The bay holding textiles is next to the bay holding produce.Q: Which one of the following must be false? Answer Choices: (A)The bay holding fuel is next to the bay holding machinery. (B)The bay holding grain is next to the bay holding machinery. (C)The bay holding livestock is next to the bay holding fuel. (D)The bay holding produce is next to the bay holding livestock. (E)The bay holding textiles is next to the bay holding fuel.","A loading dock consists of exactly six bays numbered 1 through 6 consecutively from one side of the dock to the other. Each bay is holding a different one of exactly six types of cargo—fuel, grain, livestock, machinery, produce, or textiles. The following apply: The bay holding grain has a higher number than the bay holding livestock. The bay holding livestock has a higher number than the bay holding textiles. The bay holding produce has a higher number than the bay holding fuel. The bay holding textiles is next to the bay holding produce.Q: Which one of the following must be false? Answer Choices: (A)The bay holding fuel is next to the bay holding machinery. (B)The bay holding grain is next to the bay holding machinery. (C)The bay holding livestock is next to the bay holding fuel. (D)The bay holding produce is next to the bay holding livestock. (E)The bay holding textiles is next to the bay holding fuel.",,C,The bay holding livestock is next to the bay holding fuel.,2,C,bracketed,1,"

The problem asks us to identify which of the given statements must be false based on the constraints provided for the arrangement of six types of cargo in six bays numbered 1 through 6.

Let the position of cargo $X$ be denoted by $x_X$.
The cargo types are: Fuel (F), Grain (G), Livestock (L), Machinery (M), Produce (P), Textiles (T).

The constraints are:
1.  $x_G > x_L$
2.  $x_L > x_T$
    Combining these, we have $x_T < x_L < x_G$.
3.  $x_P > x_F$
4.  $|x_T - x_P| = 1$ (Textiles is next to Produce)

We need to evaluate the possibility of each option. If an option leads to a contradiction with the constraints in all valid scenarios, it ""must be false"".

Let's test Option (C): ""The bay holding livestock is next to the bay holding fuel.""
This implies $|x_L - x_F| = 1$.
There are two cases for this: $x_F = x_L - 1$ or $x_F = x_L + 1$.

**Case 1: $x_F = x_L - 1$**
From constraint (3), we know $x_P > x_F$.
Substituting $x_F$, we get $x_P > x_L - 1$, which means $x_P \ge x_L$.
Since all bays hold different cargo, $x_P \neq x_L$, so $x_P \ge x_L + 1$.
From constraint (2), we know $x_T < x_L$.
From constraint (4), we know $|x_T - x_P| = 1$.
Since $x_P \ge x_L + 1$ and $x_T < x_L$, it follows that $x_P > x_T$.
Thus, $x_P - x_T = 1$, or $x_T = x_P - 1$.
Substituting the lower bound for $x_P$:
$x_T = x_P - 1 \ge (x_L + 1) - 1 = x_L$.
So $x_T \ge x_L$.
However, constraint (2) states $x_T < x_L$. This is a contradiction.
Therefore, $x_F \neq x_L - 1$.

**Case 2: $x_F = x_L + 1$**
From constraint (3), we know $x_P > x_F$.
Substituting $x_F$, we get $x_P > x_L + 1$, which means $x_P \ge x_L + 2$.
From constraint (2), we know $x_T < x_L$, so $x_T \le x_L - 1$.
",,"

The problem asks us to identify which of the given statements must be false based on the constraints provided for the arrangement of six types of cargo in six bays numbered 1 through 6.

Let the position of cargo $X$ be denoted by $x_X$.
The cargo types are: Fuel (F), Grain (G), Livestock (L), Machinery (M), Produce (P), Textiles (T).

The constraints are:
1.  $x_G > x_L$
2.  $x_L > x_T$
    Combining these, we have $x_T < x_L < x_G$.
3.  $x_P > x_F$
4.  $|x_T - x_P| = 1$ (Textiles is next to Produce)

We need to evaluate the possibility of each option. If an option leads to a contradiction with the constraints in all valid scenarios, it ""must be false"".

Let's test Option (C): ""The bay holding livestock is next to the bay holding fuel.""
This implies $|x_L - x_F| = 1$.
There are two cases for this: $x_F = x_L - 1$ or $x_F = x_L + 1$.

**Case 1: $x_F = x_L - 1$**
From constraint (3), we know $x_P > x_F$.
Substituting $x_F$, we get $x_P > x_L - 1$, which means $x_P \ge x_L$.
Since all bays hold different cargo, $x_P \neq x_L$, so $x_P \ge x_L + 1$.
From constraint (2), we know $x_T < x_L$.
From constraint (4), we know $|x_T - x_P| = 1$.
Since $x_P \ge x_L + 1$ and $x_T < x_L$, it follows that $x_P > x_T$.
Thus, $x_P - x_T = 1$, or $x_T = x_P - 1$.
Substituting the lower bound for $x_P$:
$x_T = x_P - 1 \ge (x_L + 1) - 1 = x_L$.
So $x_T \ge x_L$.
However, constraint (2) states $x_T < x_L$. This is a contradiction.
Therefore, $x_F \neq x_L - 1$.

**Case 2: $x_F = x_L + 1$**
From constraint (3), we know $x_P > x_F$.
Substituting $x_F$, we get $x_P > x_L + 1$, which means $x_P \ge x_L + 2$.
From constraint (2), we know $x_T < x_L$, so $x_T \le x_L - 1$.
",8012,0,8012,0,1,length,0,105.99263596534729,0.28413934660994905,2.768707328204507,0.4783524194748006,0.8330851766958159,0.9999999980586921,0.28533849432743885,0.18445474525070724,5.225996494293213,0.4260423270840431,0.07513729405891163,1.2134298552171743,8.0,0.08836744882675986,5.0,8012.0,0.24595748283333574,1.436258803557848,0.3637487951033731,0.8349987120090713,0.999999867270254,0.2714176632896225,0.1358337359917589,2.0294394493103027,0.2808980043150521,0.0625,1.1640625,2.0,0.0625,1.0,128.0,0.3013810146990721,2.262785516054151,0.4640188129749875,0.8195987083487397,0.999999867270254,0.2878930504126367,0.20845450765559734,3.3511435985565186,0.4808016855203439,0.08203125,1.2265625,5.0,0.09375,3.0,256.0,0.34604086606152323,2.7618161490076427,0.5352385826036403,0.8054099809075769,0.999999867270254,0.30103637217575424,0.22130516616093387,3.3511435985565186,0.4734906010624233,0.095,1.28,6.0,0.1175,3.0,400.0,0.37919255985953354,2.7618161490076427,0.5612537334227153,0.7895152792034471,0.999999867270254,0.309167153415859,0.23371580236337003,3.3511435985565186,0.46988490497753066,0.1015625,1.310546875,7.0,0.12109375,3.0,512.0,0.37331085750094034,2.7618161490076427,0.5539206874132042,0.7898071189707481,0.9999999896237612,0.30952154290577083,0.23797016443899677,3.389457941055298,0.47488982425206167,0.1005859375,1.3095703125,7.0,0.123046875,3.0,1024.0,0.3639616035256946,2.7618161490076427,0.5331145060805554,0.7889782203712428,0.9999999896237612,0.3127041534376487,0.24032930554724316,5.225996494293213,0.4846511923034908,0.1005859375,1.294921875,7.0,0.11865234375,5.0,2048.0,,,,,,,,,,,,,,,,,,,,,,,,,,,,,,,,,,,,,,,,,,,,,,,,,,,,,,,,,,,,,,,,,,,,,,,,,,,,,,,,,,,,,,,,,,,,,,,,,,,,,,,,,
34,"A loading dock consists of exactly six bays numbered 1 through 6 consecutively from one side of the dock to the other. Each bay is holding a different one of exactly six types of cargo—fuel, grain, livestock, machinery, produce, or textiles. The following apply: The bay holding grain has a higher number than the bay holding livestock. The bay holding livestock has a higher number than the bay holding textiles. The bay holding produce has a higher number than the bay holding fuel. The bay holding textiles is next to the bay holding produce.Q: If the bay holding produce is next to the bay holding livestock, then each of the following could be true EXCEPT: Answer Choices: (A)Bay 2 is holding fuel. (B)Bay 4 is holding produce. (C)Bay 4 is holding textiles. (D)Bay 5 is holding grain. (E)Bay 5 is holding machinery.","A loading dock consists of exactly six bays numbered 1 through 6 consecutively from one side of the dock to the other. Each bay is holding a different one of exactly six types of cargo—fuel, grain, livestock, machinery, produce, or textiles. The following apply: The bay holding grain has a higher number than the bay holding livestock. The bay holding livestock has a higher number than the bay holding textiles. The bay holding produce has a higher number than the bay holding fuel. The bay holding textiles is next to the bay holding produce.Q: If the bay holding produce is next to the bay holding livestock, then each of the following could be true EXCEPT: Answer Choices: (A)Bay 2 is holding fuel. (B)Bay 4 is holding produce. (C)Bay 4 is holding textiles. (D)Bay 5 is holding grain. (E)Bay 5 is holding machinery.",,C,Bay 4 is holding textiles.,2,,none,0,"

The problem asks us to identify which statement could NOT be true given a set of constraints and a specific condition.

**Constraints:**
1.  **G > L**: Grain is in a higher-numbered bay than Livestock.
2.  **L > T**: Livestock is in a higher-numbered bay than Textiles.
3.  **P >",,"

The problem asks us to identify which statement could NOT be true given a set of constraints and a specific condition.

**Constraints:**
1.  **G > L**: Grain is in a higher-numbered bay than Livestock.
2.  **L > T**: Livestock is in a higher-numbered bay than Textiles.
3.  **P >",8012,0,8012,0,1,length,0,103.16706681251526,0.3009107181667313,3.0498504407389575,0.525461068059119,0.8330852653081224,0.9999999994836835,0.29171375361416957,0.19627532494457917,5.625901222229004,0.4663368141901345,0.07538691962056915,1.2418871692461309,10.0,0.08949076385421867,4.0,8012.0,0.27462422625935357,1.730486284261849,0.4351240011765135,0.8354625554778495,0.9999999710975039,0.2772327144964323,0.19507798967618245,2.079268455505371,0.4201150147460032,0.0703125,1.1796875,3.0,0.078125,2.0,128.0,0.32489812581978866,2.195240654104116,0.4865349242031841,0.815122076558202,0.9999999710975039,0.2889252424034954,0.23010810693723677,3.930244207382202,0.4996746745364202,0.07421875,1.21484375,4.0,0.08984375,2.0,256.0,0.41043585990539827,2.195240654104116,0.5541347764434711,0.7621659981462363,0.9999999710975039,0.3241050164468502,0.2848768491397164,4.073431491851807,0.5451918503319643,0.1075,1.305,4.0,0.1275,2.0,400.0,0.41201510683807846,2.2488794931199734,0.5578127836914433,0.7627062311636409,0.9999999710975039,0.32367781921396066,0.28590549244913477,4.073431491851807,0.5601334116472741,0.107421875,1.306640625,4.0,0.123046875,2.0,512.0,0.3885757053076379,2.518881376181747,0.556118193156939,0.7776048973629391,0.9999999710975039,0.31975128207473685,0.2588410100002518,4.073431491851807,0.518173383704554,0.0986328125,1.3056640625,6.0,0.1123046875,3.0,1024.0,0.29965111645837517,2.7050230142985674,0.5037056719794487,0.8270441472503147,0.9999999946036633,0.29411532711215854,0.19445262724765242,4.073431491851807,0.44532334391598277,0.07470703125,1.228515625,7.0,0.0859375,4.0,2048.0,,,,,,,,,,,,,,,,,,,,,,,,,,,,,,,,,,,,,,,,,,,,,,,,,,,,,,,,,,,,,,,,,,,,,,,,,,,,,,,,,,,,,,,,,,,,,,,,,,,,,,,,,
35,"A loading dock consists of exactly six bays numbered 1 through 6 consecutively from one side of the dock to the other. Each bay is holding a different one of exactly six types of cargo—fuel, grain, livestock, machinery, produce, or textiles. The following apply: The bay holding grain has a higher number than the bay holding livestock. The bay holding livestock has a higher number than the bay holding textiles. The bay holding produce has a higher number than the bay holding fuel. The bay holding textiles is next to the bay holding produce.Q: If bay 4 is holding produce, then for exactly how many of the six bays is the type of cargo that bay is holding completely determined? Answer Choices: (A)two (B)three (C)four (D)five (E)six","A loading dock consists of exactly six bays numbered 1 through 6 consecutively from one side of the dock to the other. Each bay is holding a different one of exactly six types of cargo—fuel, grain, livestock, machinery, produce, or textiles. The following apply: The bay holding grain has a higher number than the bay holding livestock. The bay holding livestock has a higher number than the bay holding textiles. The bay holding produce has a higher number than the bay holding fuel. The bay holding textiles is next to the bay holding produce.Q: If bay 4 is holding produce, then for exactly how many of the six bays is the type of cargo that bay is holding completely determined? Answer Choices: (A)two (B)three (C)four (D)five (E)six",,C,four,2,C,final_answer,1,"

The problem asks us to determine the number of bays with completely determined cargo types, given that Bay 4 holds Produce.

**1. Analyze the Constraints:**
- There are 6 bays (1-6) and 6 cargo types (Fuel, Grain, Livestock, Machinery, Produce, Textiles).
- Constraints:
  1. Grain > Livestock ($G > L$)
  2. Livestock > Textiles ($L > T$)
     - Combining 1 & 2: $G > L > T$
  3. Produce > Fuel ($P > F$)
  4. Textiles is next to Produce ($|T - P| = 1$)

**2. Apply the Specific Condition:**
- Bay 4 holds Produce ($P = 4$).

**3. Deduce the Positions:**
- From Constraint 4 ($|T - P| = 1$): Since $P = 4$, Textiles ($T$) must be in Bay 3 or Bay 5.
- From Constraint 2 ($L > T$) and Constraint 1 ($G > L$): The order is $T < L < G$.
  - **Scenario A: $T = 5$**
    - If $T = 5$, then $L > 5$, so $L = 6$.
    - Then $G > 6$, which is impossible as there are only 6 bays.
    - Therefore, $T$ cannot be 5.
  - **Scenario B: $T = 3$**
    - This is the only valid position for Textiles.
    - So, $T = 3$.
- Now we know $T = 3$.
- From $G > L > T$ ($G > L > 3$):
  - Livestock ($L$) must be in a bay number greater than 3. Available bays are 4, 5, 6.
  - Bay 4 is occupied by Produce ($P$). So $L \neq 4$.
  - Thus, $L$ must be 5 or 6.
  - If $L = 6$, then $G > 6$, which is impossible.
  - Therefore, $L = 5$.
  - Consequently, $G = 6$.
- Current Assignments:
  - Bay 3: Textiles
  - Bay 4: Produce
  - Bay 5: Livestock
  - Bay 6: Grain
- Remaining Bays: 1 and 2.
- Remaining Cargo: Fuel ($F$) and Machinery ($M$).
- From Constraint 3 ($P > F$): Since $P = 4$, $F$ must be in a bay with a number less than 4.
  - Available bays are 1 and 2. Both are less than 4.
  - So $F$ can be in Bay 1 or Bay 2.
  - $M$ takes the remaining spot.
  - There are no other constraints on Machinery.
  - This creates two possible valid arrangements:
    1. Bay 1: Fuel, Bay 2: Machinery.
    2. Bay 1: Machinery, Bay 2: Fuel.

**4. Count Determined Bays:**
- Bay 1: Could be Fuel or Machinery (Not determined).
- Bay 2: Could be Machinery or Fuel (Not determined).
- Bay 3: Textiles (Determined).
- Bay 4: Produce (Determined).
- Bay 5: Livestock (Determined).
- Bay 6: Grain (Determined).

There are exactly 4 bays (3, 4, 5, 6) for which the cargo type is completely determined.

Final Answer: C",,"

The problem asks us to determine the number of bays with completely determined cargo types, given that Bay 4 holds Produce.

**1. Analyze the Constraints:**
- There are 6 bays (1-6) and 6 cargo types (Fuel, Grain, Livestock, Machinery, Produce, Textiles).
- Constraints:
  1. Grain > Livestock ($G > L$)
  2. Livestock > Textiles ($L > T$)
     - Combining 1 & 2: $G > L > T$
  3. Produce > Fuel ($P > F$)
  4. Textiles is next to Produce ($|T - P| = 1$)

**2. Apply the Specific Condition:**
- Bay 4 holds Produce ($P = 4$).

**3. Deduce the Positions:**
- From Constraint 4 ($|T - P| = 1$): Since $P = 4$, Textiles ($T$) must be in Bay 3 or Bay 5.
- From Constraint 2 ($L > T$) and Constraint 1 ($G > L$): The order is $T < L < G$.
  - **Scenario A: $T = 5$**
    - If $T = 5$, then $L > 5$, so $L = 6$.
    - Then $G > 6$, which is impossible as there are only 6 bays.
    - Therefore, $T$ cannot be 5.
  - **Scenario B: $T = 3$**
    - This is the only valid position for Textiles.
    - So, $T = 3$.
- Now we know $T = 3$.
- From $G > L > T$ ($G > L > 3$):
  - Livestock ($L$) must be in a bay number greater than 3. Available bays are 4, 5, 6.
  - Bay 4 is occupied by Produce ($P$). So $L \neq 4$.
  - Thus, $L$ must be 5 or 6.
  - If $L = 6$, then $G > 6$, which is impossible.
  - Therefore, $L = 5$.
  - Consequently, $G = 6$.
- Current Assignments:
  - Bay 3: Textiles
  - Bay 4: Produce
  - Bay 5: Livestock
  - Bay 6: Grain
- Remaining Bays: 1 and 2.
- Remaining Cargo: Fuel ($F$) and Machinery ($M$).
- From Constraint 3 ($P > F$): Since $P = 4$, $F$ must be in a bay with a number less than 4.
  - Available bays are 1 and 2. Both are less than 4.
  - So $F$ can be in Bay 1 or Bay 2.
  - $M$ takes the remaining spot.
  - There are no other constraints on Machinery.
  - This creates two possible valid arrangements:
    1. Bay 1: Fuel, Bay 2: Machinery.
    2. Bay 1: Machinery, Bay 2: Fuel.

**4. Count Determined Bays:**
- Bay 1: Could be Fuel or Machinery (Not determined).
- Ba",4562,0,4562,806,0,stop,0,52.28112721443176,0.26527379511177995,3.0311339764522915,0.46759838090088346,0.8429016205232508,0.999999998461712,0.2791786965550139,0.1748492573237503,6.227897644042969,0.433384003712253,0.0651030249890399,1.191363437088996,8.0,0.07715914072775099,4.0,4562.0,0.2554878862381755,1.817726778327903,0.4020958487075124,0.8504432402684711,0.9999999619100901,0.24801061847470002,0.13682761963012274,1.7724230289459229,0.2938633940861955,0.046875,1.140625,3.0,0.0546875,2.0,128.0,0.2439694847212027,2.160036351636975,0.41414665762445046,0.8548157282865276,0.9999999619100901,0.25711462059435986,0.1556812065013358,2.5655651092529297,0.372412815853702,0.046875,1.15234375,4.0,0.0625,2.0,256.0,0.2649390491535782,2.160036351636975,0.42139415497688315,0.8327593084528101,0.999999971673747,0.27691267991335655,0.180172605393141,2.8136510848999023,0.39922995257921207,0.0575,1.175,4.0,0.07,2.0,400.0,0.2778991790772703,2.160036351636975,0.43881979163397766,0.8261218775883798,0.999999971673747,0.28367065906452477,0.19340957720281884,4.182883262634277,0.43762109736825566,0.064453125,1.185546875,4.0,0.078125,2.0,512.0,0.2619926725501293,2.160036351636975,0.43275934604515415,0.8406322288635258,0.9999999957748821,0.2721725146467512,0.17747076353503638,4.182883262634277,0.42242407802716264,0.05859375,1.166015625,4.0,0.068359375,2.0,1024.0,0.23177068031466977,2.3719871580915677,0.4197777856773744,0.858272862877023,0.999999998461712,0.2644077602094989,0.14841828561088577,4.182883262634277,0.3723151617214332,0.05517578125,1.1533203125,5.0,0.06396484375,3.0,2048.0,0.2776368137604446,2.160036351636975,0.4416609666007018,0.8309007164443927,0.9999999957748821,0.27677086308797705,0.18558222512700293,4.182883262634277,0.4197834276231037,0.062034739454094295,1.1774193548387097,4.0,0.07320099255583126,2.0,806.0,0.2554878862381755,1.817726778327903,0.4020958487075124,0.8504432402684711,0.9999999619100901,0.24801061847470002,0.13682761963012274,1.7724230289459229,0.2938633940861955,0.046875,1.140625,3.0,0.0546875,2.0,128.0,0.2439694847212027,2.160036351636975,0.41414665762445046,0.8548157282865276,0.9999999619100901,0.25711462059435986,0.1556812065013358,2.5655651092529297,0.372412815853702,0.046875,1.15234375,4.0,0.0625,2.0,256.0,0.2649390491535782,2.160036351636975,0.42139415497688315,0.8327593084528101,0.999999971673747,0.27691267991335655,0.180172605393141,2.8136510848999023,0.39922995257921207,0.0575,1.175,4.0,0.07,2.0,400.0,0.2778991790772703,2.160036351636975,0.43881979163397766,0.8261218775883798,0.999999971673747,0.28367065906452477,0.19340957720281884,4.182883262634277,0.43762109736825566,0.064453125,1.185546875,4.0,0.078125,2.0,512.0,0.2776368137604446,2.160036351636975,0.4416609666007018,0.8309007164443927,0.9999999957748821,0.27677086308797705,0.18558222512700293,4.182883262634277,0.4197834276231037,0.062034739454094295,1.1774193548387097,4.0,0.07320099255583126,2.0,806.0,0.2776368137604446,2.160036351636975,0.4416609666007018,0.8309007164443927,0.9999999957748821,0.27677086308797705,0.18558222512700293,4.182883262634277,0.4197834276231037,0.062034739454094295,1.1774193548387097,4.0,0.07320099255583126,2.0,806.0
36,"A bakery makes exactly three kinds of cookie—oatmeal, peanut butter, and sugar. Exactly three batches of each kind of cookie are made each week (Monday through Friday) and each batch is made, from start to finish, on a single day. The following conditions apply: No two batches of the same kind of cookie are made on the same day. At least one batch of cookies is made on Monday. The second batch of oatmeal cookies is made on the same day as the first batch of peanut butter cookies. The second batch of sugar cookies is made on Thursday.Q: Which one of the following could be a complete and accurate list of the days on which the batches of each kind of cookie are made? Answer Choices: (A)oatmeal: Monday, Wednesday, Thursday peanut butter: Wednesday, Thursday, Friday sugar: Monday, Thursday, Friday (B)oatmeal: Monday, Tuesday, Thursday peanut butter: Tuesday, Wednesday, Thursday sugar: Monday, Wednesday, Thursday (C)oatmeal: Tuesday, Wednesday, Thursday peanut butter: Wednesday, Thursday, Friday sugar: Tuesday, Thursday, Friday (D)oatmeal: Monday, Tuesday, Thursday peanut butter: Monday, Wednesday, Thursday sugar: Monday, Thursday, Friday (E)oatmeal: Monday, Thursday, Friday peanut butter: Tuesday, Wednesday, Thursday sugar: Monday, Thursday, Friday","A bakery makes exactly three kinds of cookie—oatmeal, peanut butter, and sugar. Exactly three batches of each kind of cookie are made each week (Monday through Friday) and each batch is made, from start to finish, on a single day. The following conditions apply: No two batches of the same kind of cookie are made on the same day. At least one batch of cookies is made on Monday. The second batch of oatmeal cookies is made on the same day as the first batch of peanut butter cookies. The second batch of sugar cookies is made on Thursday.Q: Which one of the following could be a complete and accurate list of the days on which the batches of each kind of cookie are made? Answer Choices: (A)oatmeal: Monday, Wednesday, Thursday peanut butter: Wednesday, Thursday, Friday sugar: Monday, Thursday, Friday (B)oatmeal: Monday, Tuesday, Thursday peanut butter: Tuesday, Wednesday, Thursday sugar: Monday, Wednesday, Thursday (C)oatmeal: Tuesday, Wednesday, Thursday peanut butter: Wednesday, Thursday, Friday sugar: Tuesday, Thursday, Friday (D)oatmeal: Monday, Tuesday, Thursday peanut butter: Monday, Wednesday, Thursday sugar: Monday, Thursday, Friday (E)oatmeal: Monday, Thursday, Friday peanut butter: Tuesday, Wednesday, Thursday sugar: Monday, Thursday, Friday",,A,"oatmeal: Monday, Wednesday, Thursday peanut butter: Wednesday, Thursday, Friday sugar: Monday, Thursday, Friday",0,A,final_answer,1,"

The problem asks us to identify which schedule of cookie batches satisfies all given conditions. Let's break down the conditions and evaluate each option.

**Conditions:**
1.  **Cookie Types:** Oatmeal (O), Peanut Butter (PB), Sugar (S).
2.  **Batches:** 3 batches of each kind.
3.  **Days:** Monday through Friday (5 days).
4.  **Constraint 1:** No two batches of the same kind on the same day. (Each kind occupies 3 distinct days).
5.  **Constraint 2:** At least one batch is made on Monday.
6.  **Constraint 3:** The second batch of oatmeal (O2) is made on the same day as the first batch of peanut butter (PB1).
    *   This implies a chronological order: O1 must be before O2, and PB1 must be before PB2 and PB3.
    *   Therefore, the common day for O2 and PB1 must have an Oatmeal day before it and at least two Peanut Butter days after it.
7.  **Constraint 4:** The second batch of sugar (S2) is made on Thursday.
    *   This implies S1 is made on a day before Thursday, and S3 is made on a day after Thursday (Friday).

**Evaluating the Options:**

*   **(A) oatmeal: Mon, Wed, Thu; peanut butter: Wed, Thu, Fri; sugar: Mon, Thu, Fri**
    *   **Constraint 2 (Monday):** Oatmeal and Sugar are on Monday. (Satisfied)
    *   **Constraint 4 (S2 on Thursday):** Sugar days are Mon, Thu, Fri. S1=Mon, S2=Thu, S3=Fri. (Satisfied)
    *   **Constraint 3 (O2 same day as PB1):**
        *   Common days for Oatmeal and PB are Wednesday and Thursday.
        *   If the overlap is **Wednesday**:
            *   O2 is on Wednesday. Oatmeal days are Mon, Wed, Thu. O1 is Monday. (Mon < Wed, Satisfied).
            *   PB1 is on Wednesday. PB days are Wed, Thu, Fri. PB2 and PB3 are Thursday and Friday. (Wed < Thu/Fri, Satisfied).
        *   If the overlap is **Thursday**:
            *   PB1 is on Thursday. PB days are Wed, Thu, Fri. There are no days after Thursday available for PB2 and PB3. (Failed).
        *   So, the overlap must be Wednesday. This schedule is valid.

*   **(B) oatmeal: Mon, Tue, Thu; peanut butter: Tue, Wed, Thu; sugar: Mon, Wed, Thu**
    *   **Constraint 4 (S2 on Thursday):** Sugar days are Mon, Wed, Thu.
    *   If S2 is on Thursday, S3 must be on a day after Thursday (Friday).
    *   However, Sugar is not made on Friday in this option.
    *   (Failed)

*   **(C) oatmeal: Tue, Wed, Thu; peanut butter: Wed, Thu, Fri; sugar: Tue, Thu, Fri**
    *   **Constraint 2 (Monday):** None of the cookie types are scheduled on Monday.
    *   (Failed)

*   **(D) oatmeal: Mon, Tue, Thu; peanut butter: Mon, Wed, Thu; sugar: Mon, Thu, Fri**
    *   **Constraint 4 (S2 on Thursday):** Sugar days are Mon, Thu, Fri. S1=Mon, S2=Thu, S3=Fri. (Satisfied).
    *   **Constraint 3 (O2 same day as PB1):**
        *   Common days are Monday and Thursday.
        *   If overlap is **Monday**: O2 is on Monday. O1 must be before Monday. Impossible.
        *   If overlap is **Thursday**: PB1 is on Thursday. PB days are Mon, Wed, Thu. There are no days after Thursday for PB2 and PB3. (Failed).
    *   (Failed)

*   **(E) oatmeal: Mon, Thu, Fri; peanut butter: Tue, Wed, Thu; sugar: Mon, Thu, Fri**
    *   **Constraint 4 (S2 on Thursday):** Sugar days are Mon, Thu, Fri. S1=Mon, S2=Thu, S3=Fri. (Satisfied).
    *   **Constraint 3 (O2 same day as PB1):**
        *   Common day is Thursday.
        *   If overlap is **Thursday**: PB1 is on Thursday. PB days are Tue, Wed, Thu. There are no days after Thursday for PB2 and PB3. (Failed).
    *   (Failed)

Only Option (A) satisfies all conditions.

Final Answer: A",,"

The problem asks us to identify which schedule of cookie batches satisfies all given conditions. Let's break down the conditions and evaluate each option.

**Conditions:**
1.  **Cookie Types:** Oatmeal (O), Peanut Butter (PB), Sugar (S).
2.  **Batches:** 3 batches of each kind.
3.  **Days:** Monday through Friday (5 days).
4.  **Constraint 1:** No two batches of the same kind on the same day. (Each kind occupies 3 distinct days).
5.  **Constraint 2:** At least one batch is made on Monday.
6.  **Constraint 3:** The second batch of oatmeal (O2) is made on the same day as the first batch of peanut butter (PB1).
    *   This implies a chronological order: O1 must be before O2, and PB1 must be before PB2 and PB3.
    *   Therefore, the common day for O2 and PB1 must have an Oatmeal day before it and at least two Peanut Butter days after it.
7.  **Constraint 4:** The second batch of sugar (S2) is made on Thursday.
    *   This implies S1 is made on a day before Thursday, and S3 is made on a day after Thursday (Friday).

**Evaluating the Options:**

*   **(A) oatmeal: Mon, Wed, Thu; peanut butter: Wed, Thu, Fri; sugar: Mon, Thu, Fri**
    *   **Constraint 2 (Monday):** Oatmeal and Sugar are on Monday. (Satisfied)
    *   **Constraint 4 (S2 on Thursday):** Sugar days are Mon, Thu, Fri. S1=Mon, S2=Thu, S3=Fri. (Satisfied)
    *   **Constraint 3 (O2 same day as PB1):**
        *   Common days for Oatmeal and PB are Wednesday and Thursday.
        *   If the overlap is **Wednesday**:
            *   O2 is on Wednesday. Oatmeal days are Mon, Wed, Thu. O1 is Monday. (Mon < Wed, Satisfied).
            *   PB1 is on Wednesday. PB days are Wed, Thu, Fri. PB2 and PB3 are Thursday and Friday. (Wed < Thu/Fri, Satisfied).
        *   If the overlap is **Thursday**:
            *   PB1 is on Thursday. PB days are Wed, Thu, Fri. There are no days after Thursday available for PB2 and PB3. (Failed).
        *   So, the overlap must be Wednesday. This schedule is valid.

*   **(B) oatmea",6125,0,6125,1044,0,stop,0,76.50235486030579,0.2801765247469725,3.0659268527684227,0.49965426530676277,0.8423482397248346,0.9999999948096324,0.28539354406524137,0.1827675844994901,5.062742710113525,0.45270864539819444,0.07526530612244899,1.2161632653061225,10.0,0.09518367346938776,5.0,6125.0,0.32677693099184885,1.681858961820278,0.4746242308020164,0.7925828322095154,0.9999996649473593,0.32460592981373976,0.2138161871825377,2.1463561058044434,0.4155173235554322,0.1171875,1.265625,3.0,0.125,2.0,128.0,0.29852951744105616,2.129359707642877,0.47154420256200297,0.8176453072431397,0.9999999161190647,0.30179014933502846,0.18079707757029279,2.1510627269744873,0.3782501275818424,0.09765625,1.23046875,4.0,0.1015625,2.0,256.0,0.43777422024769336,2.7057263349132428,0.6138299015797988,0.7565455690563253,0.9999999161190647,0.3371160175025827,0.2910752910707524,4.220455646514893,0.5468694725256974,0.1275,1.3975,8.0,0.1575,4.0,400.0,0.3992507046951781,2.7057263349132428,0.5834959039050808,0.7762849824741946,0.9999999161190647,0.32533932985318076,0.25870516140421496,4.220455646514893,0.5109207544634686,0.115234375,1.34375,8.0,0.140625,4.0,512.0,0.4496122446067396,2.8703416982432706,0.63930271834533,0.7662782038593023,0.9999999278539651,0.32919026568692267,0.2949311814924968,5.062742710113525,0.5783838222551131,0.115234375,1.4033203125,8.0,0.1513671875,4.0,1024.0,0.41048717583222494,2.8703416982432706,0.5972493310521001,0.7787152642340348,0.9999999698607315,0.32310153185253365,0.26632132777233686,5.062742710113525,0.5304007277220926,0.1103515625,1.3447265625,8.0,0.1416015625,4.0,2048.0,0.45024996388632865,2.8703416982432706,0.6395108842504598,0.7657905743036799,0.9999999278539651,0.3290318714882949,0.2969929656554778,5.062742710113525,0.579539694803741,0.11494252873563218,1.4032567049808429,8.0,0.15134099616858238,4.0,1044.0,0.32677693099184885,1.681858961820278,0.4746242308020164,0.7925828322095154,0.9999996649473593,0.32460592981373976,0.2138161871825377,2.1463561058044434,0.4155173235554322,0.1171875,1.265625,3.0,0.125,2.0,128.0,0.29852951744105616,2.129359707642877,0.47154420256200297,0.8176453072431397,0.9999999161190647,0.30179014933502846,0.18079707757029279,2.1510627269744873,0.3782501275818424,0.09765625,1.23046875,4.0,0.1015625,2.0,256.0,0.43777422024769336,2.7057263349132428,0.6138299015797988,0.7565455690563253,0.9999999161190647,0.3371160175025827,0.2910752910707524,4.220455646514893,0.5468694725256974,0.1275,1.3975,8.0,0.1575,4.0,400.0,0.3992507046951781,2.7057263349132428,0.5834959039050808,0.7762849824741946,0.9999999161190647,0.32533932985318076,0.25870516140421496,4.220455646514893,0.5109207544634686,0.115234375,1.34375,8.0,0.140625,4.0,512.0,0.4496122446067396,2.8703416982432706,0.63930271834533,0.7662782038593023,0.9999999278539651,0.32919026568692267,0.2949311814924968,5.062742710113525,0.5783838222551131,0.115234375,1.4033203125,8.0,0.1513671875,4.0,1024.0,0.45024996388632865,2.8703416982432706,0.6395108842504598,0.7657905743036799,0.9999999278539651,0.3290318714882949,0.2969929656554778,5.062742710113525,0.579539694803741,0.11494252873563218,1.4032567049808429,8.0,0.15134099616858238,4.0,1044.0
37,"A bakery makes exactly three kinds of cookie—oatmeal, peanut butter, and sugar. Exactly three batches of each kind of cookie are made each week (Monday through Friday) and each batch is made, from start to finish, on a single day. The following conditions apply: No two batches of the same kind of cookie are made on the same day. At least one batch of cookies is made on Monday. The second batch of oatmeal cookies is made on the same day as the first batch of peanut butter cookies. The second batch of sugar cookies is made on Thursday.Q: How many of the days, Monday through Friday, are such that at most two batches of cookies could be made on that day? Answer Choices: (A)one (B)two (C)three (D)four (E)five","A bakery makes exactly three kinds of cookie—oatmeal, peanut butter, and sugar. Exactly three batches of each kind of cookie are made each week (Monday through Friday) and each batch is made, from start to finish, on a single day. The following conditions apply: No two batches of the same kind of cookie are made on the same day. At least one batch of cookies is made on Monday. The second batch of oatmeal cookies is made on the same day as the first batch of peanut butter cookies. The second batch of sugar cookies is made on Thursday.Q: How many of the days, Monday through Friday, are such that at most two batches of cookies could be made on that day? Answer Choices: (A)one (B)two (C)three (D)four (E)five",,A,one,0,,none,0,,,,8012,0,8012,0,1,length,0,95.12414693832397,0.3171686974125385,3.6097911903852715,0.5407529532078682,0.8244741702563249,0.9999999812326675,0.2969447524410375,0.20763432846309526,5.627779006958008,0.480569511722747,0.08212680978532201,1.262730903644533,15.0,0.10297054418372441,8.0,8012.0,0.22542183312582728,1.5762657937538593,0.3849877817339041,0.8634953192136852,0.9999996515162592,0.24743993189391822,0.15027793064576644,3.2198126316070557,0.4167500593934338,0.03125,1.15625,3.0,0.03125,1.0,128.0,0.2408696086718845,1.762299261837644,0.395448471218794,0.8501214145172049,0.9999997904206651,0.2610872019326365,0.15438619586612018,3.2198126316070557,0.3930609768405146,0.046875,1.1640625,3.0,0.046875,1.0,256.0,0.26146760407865327,2.15335098655311,0.43685769701570853,0.8430334985531079,0.9999997904206651,0.27064234398966686,0.1677887103920694,3.2198126316070557,0.401937651024351,0.0575,1.19,4.0,0.065,3.0,400.0,0.2684450052039234,2.4026379269379317,0.45305440443447703,0.8388032966282644,0.9999997904206651,0.2774944042970022,0.16936487629171731,3.2198126316070557,0.3986088390621613,0.05859375,1.201171875,5.0,0.06640625,3.0,512.0,0.31953607715307786,2.843307765045927,0.5117509434041544,0.8172678391338416,0.9999998390942996,0.2943994480939675,0.20369522579392277,3.2198126316070557,0.44573766913430596,0.076171875,1.251953125,8.0,0.0869140625,3.0,1024.0,0.3078424774123997,2.843307765045927,0.5109853241416975,0.8238738674155943,0.9999999395128804,0.2932913680315205,0.1985443403271176,4.9104905128479,0.4537828495138871,0.07861328125,1.248046875,8.0,0.095703125,4.0,2048.0,,,,,,,,,,,,,,,,,,,,,,,,,,,,,,,,,,,,,,,,,,,,,,,,,,,,,,,,,,,,,,,,,,,,,,,,,,,,,,,,,,,,,,,,,,,,,,,,,,,,,,,,,
38,"A bakery makes exactly three kinds of cookie—oatmeal, peanut butter, and sugar. Exactly three batches of each kind of cookie are made each week (Monday through Friday) and each batch is made, from start to finish, on a single day. The following conditions apply: No two batches of the same kind of cookie are made on the same day. At least one batch of cookies is made on Monday. The second batch of oatmeal cookies is made on the same day as the first batch of peanut butter cookies. The second batch of sugar cookies is made on Thursday.Q: If the first batch of peanut butter cookies is made on Tuesday, then each of the following could be true EXCEPT: Answer Choices: (A)Two different kinds of cookie have their first batch made on Monday. (B)Two different kinds of cookie have their first batch made on Tuesday. (C)Two different kinds of cookie have their second batch made on Wednesday. (D)Two different kinds of cookie have their second batch made on Thursday. (E)Two different kinds of cookie have their third batch made on Friday.","A bakery makes exactly three kinds of cookie—oatmeal, peanut butter, and sugar. Exactly three batches of each kind of cookie are made each week (Monday through Friday) and each batch is made, from start to finish, on a single day. The following conditions apply: No two batches of the same kind of cookie are made on the same day. At least one batch of cookies is made on Monday. The second batch of oatmeal cookies is made on the same day as the first batch of peanut butter cookies. The second batch of sugar cookies is made on Thursday.Q: If the first batch of peanut butter cookies is made on Tuesday, then each of the following could be true EXCEPT: Answer Choices: (A)Two different kinds of cookie have their first batch made on Monday. (B)Two different kinds of cookie have their first batch made on Tuesday. (C)Two different kinds of cookie have their second batch made on Wednesday. (D)Two different kinds of cookie have their second batch made on Thursday. (E)Two different kinds of cookie have their third batch made on Friday.",,C,Two different kinds of cookie have their second batch made on Wednesday.,2,C,final_answer,1,"

To solve this logic puzzle, we must first determine the fixed positions of the cookie batches based on the given conditions and the specific condition for this question.

**1. Establish the Schedule Constraints:**
*   **Cookie Kinds:** Oatmeal (O), Peanut Butter (P), Sugar (S).
*   **Batches:** 3 of each kind (O1, O2, O3; P1, P2, P3; S1, S2, S3).
*   **Constraint 1:** No two batches of the same kind are on the same day.
*   **Constraint 2:** At least one batch on Monday.
*   **Constraint 3:** O2 is made on the same day as P1.
*   **Constraint 4:** S2 is made on Thursday.
*   **Question Condition:** P1 is made on Tuesday.

**2. Deduce Fixed Positions:**
*   From the Question Condition: **P1 = Tuesday**.
*   From Constraint 3: Since P1 = Tuesday, **O2 = Tuesday**.
*   From Constraint 4: **S2 = Thursday**.

**3. Analyze the Second Batches:**
The second batches of the cookies are O2, P2, and S2.
*   **O2** is fixed on **Tuesday**.
*   **S2** is fixed on **Thursday**.
*   **P2** must be on a day other than Tuesday (since P1 is on Tuesday).

**4. Evaluate the Options:**
We are looking for the option that **could not be true** (the exception).

*   **(A) Two different kinds of cookie have their first batch made on Monday.**
    *   First batches are O1, P1, S1.
    *   P1 is on Tuesday, so it cannot be on Monday.
    *   This would require **O1** and **S1** to be on Monday.
    *   There is no rule preventing O1 or S1 from being on Monday (O2 is Tue, S2 is Thu).
    *   This is **Possible**.

*   **(B) Two different kinds of cookie have their first batch made on Tuesday.**
    *   P1 is on Tuesday.
    *   This requires one other first batch (O1 or S1) to be on Tuesday.
    *   O1 cannot be on Tuesday because O2 is on Tuesday (Constraint 1).
    *   S1 can be on Tuesday (S2 is on Thursday).
    *   So, P1 and S1 on Tuesday is **Possible**.

*   **(C) Two different kinds of cookie have their second batch made on Wednesday.**
    *   The second batches are O2, P2, and S2.
    *   O2 is on **Tuesday**.
    *   S2 is on **Thursday**.
    *   Therefore, neither O2 nor S2 can be on Wednesday.
    *   Only P2 can be on Wednesday.
    *   It is impossible to have *two* different kinds of second batches on Wednesday because two of the three second batches are already fixed on other days.
    *   This is **Impossible**.

*   **(D) Two different kinds of cookie have their second batch made on Thursday.**
    *   S2 is on Thursday.
    *   This requires one other second batch (O2 or P2) to be on Thursday.
    *   O2 is on Tuesday, so it cannot be on Thursday.
    *   P2 can be on Thursday (P1 is on Tuesday).
    *   So, S2 and P2 on Thursday is **Possible**.

*   **(E) Two different kinds of cookie have their third batch made on Friday.**
    *   Third batches are O3, P3, S3.
    *   None of these are fixed to specific days by the constraints (O2 is Tue, P1 is Tue, S2 is Thu).
    *   O3 can be on Friday. P3 can be on Friday.
    *   This is **Possible**.

Since Option (C) is the only scenario that violates the derived constraints, it is the correct answer.

Final Answer: C",,"

To solve this logic puzzle, we must first determine the fixed positions of the cookie batches based on the given conditions and the specific condition for this question.

**1. Establish the Schedule Constraints:**
*   **Cookie Kinds:** Oatmeal (O), Peanut Butter (P), Sugar (S).
*   **Batches:** 3 of each kind (O1, O2, O3; P1, P2, P3; S1, S2, S3).
*   **Constraint 1:** No two batches of the same kind are on the same day.
*   **Constraint 2:** At least one batch on Monday.
*   **Constraint 3:** O2 is made on the same day as P1.
*   **Constraint 4:** S2 is made on Thursday.
*   **Question Condition:** P1 is made on Tuesday.

**2. Deduce Fixed Positions:**
*   From the Question Condition: **P1 = Tuesday**.
*   From Constraint 3: Since P1 = Tuesday, **O2 = Tuesday**.
*   From Constraint 4: **S2 = Thursday**.

**3. Analyze the Second Batches:**
The second batches of the cookies are O2, P2, and S2.
*   **O2** is fixed on **Tuesday**.
*   **S2** is fixed on **Thursday**.
*   **P2** must be on a day other than Tuesday (since P1 is on Tuesday).

**4. Evaluate the Options:**
We are looking for the option that **could not be true** (the exception).

*   **(A) Two different kinds of cookie have their first batch made on Monday.**
    *   First batches are O1, P1, S1.
    *   P1 is on Tuesday, so it cannot be on Monday.
    *   This would require **O1** and **S1** to be on Monday.
    *   There is no rule preventing O1 or S1 from being on Monday (O2 is Tue, S2 is Thu).
    *   This is **Possible**.

*   **(B) Two different kinds of cookie have their first batch made on Tuesday.**
    *   P1 is on Tuesday.
    *   This requires one other first batch (O1 or S1) to be on Tuesday.
    *   O1 cannot be on Tuesday because O2 is on Tuesday (Constraint 1).
    *   S1 can be on Tuesday (S2 is on Thursday).
    *   So, P1 and S1 on Tuesday is **Possible**.

*   **(C) Two different kinds of cookie have their second batch made on Wednesday.**
    *   The second batches are O2, P2, and S2.
",6045,0,6045,1079,0,stop,0,78.48141241073608,0.2907877479089958,3.458113556346818,0.5119311993648344,0.8375462886095956,0.9999999979386555,0.285671929475592,0.18218275607003187,4.854207515716553,0.43152018084352894,0.07543424317617867,1.2258064516129032,13.0,0.09098428453267163,4.0,6045.0,0.25080636960573083,1.6860939923324745,0.4306824613975662,0.844599844381825,0.9999986904730985,0.28248918904069714,0.17350871682501934,2.1728787422180176,0.392405793331682,0.0703125,1.1640625,3.0,0.09375,3.0,128.0,0.21208354144597172,1.6860939923324745,0.3915721963527971,0.860996904978054,0.9999998760282676,0.2731405072963148,0.14725381984486272,2.1728787422180176,0.35153979542708214,0.06640625,1.14453125,3.0,0.078125,3.0,256.0,0.20015815219308122,2.2012903389319556,0.3950221102994671,0.8759036222437818,0.9999999524335954,0.25548842012988926,0.12345731136254566,2.1728787422180176,0.31310161400495884,0.055,1.14,5.0,0.0675,3.0,400.0,0.23423241310810722,2.806092717651438,0.45786888769616163,0.8613515436856622,0.9999999524335954,0.27451671743108247,0.15824956774337623,3.7663373947143555,0.41884598594373956,0.076171875,1.1796875,7.0,0.099609375,3.0,512.0,0.2934327983084593,3.458113556346818,0.5324395932661307,0.8409051240254946,0.9999999524335954,0.2854860944096318,0.18244743527950147,3.7663373947143555,0.4363164347389868,0.0771484375,1.2412109375,13.0,0.099609375,4.0,1024.0,0.3413517598920854,3.458113556346818,0.5693841642750069,0.8168676101207095,0.9999999524335954,0.30046843950576596,0.21334501978974707,3.814948081970215,0.470271677675414,0.08935546875,1.287109375,13.0,0.11181640625,4.0,2048.0,0.3065013943752558,3.458113556346818,0.5399840194670166,0.8328338144713759,0.9999999524335954,0.2912757847356789,0.19099753322411123,3.7663373947143555,0.44449120485622273,0.082483781278962,1.252085264133457,13.0,0.10379981464318813,4.0,1079.0,0.25080636960573083,1.6860939923324745,0.4306824613975662,0.844599844381825,0.9999986904730985,0.28248918904069714,0.17350871682501934,2.1728787422180176,0.392405793331682,0.0703125,1.1640625,3.0,0.09375,3.0,128.0,0.21208354144597172,1.6860939923324745,0.3915721963527971,0.860996904978054,0.9999998760282676,0.2731405072963148,0.14725381984486272,2.1728787422180176,0.35153979542708214,0.06640625,1.14453125,3.0,0.078125,3.0,256.0,0.20015815219308122,2.2012903389319556,0.3950221102994671,0.8759036222437818,0.9999999524335954,0.25548842012988926,0.12345731136254566,2.1728787422180176,0.31310161400495884,0.055,1.14,5.0,0.0675,3.0,400.0,0.23423241310810722,2.806092717651438,0.45786888769616163,0.8613515436856622,0.9999999524335954,0.27451671743108247,0.15824956774337623,3.7663373947143555,0.41884598594373956,0.076171875,1.1796875,7.0,0.099609375,3.0,512.0,0.2934327983084593,3.458113556346818,0.5324395932661307,0.8409051240254946,0.9999999524335954,0.2854860944096318,0.18244743527950147,3.7663373947143555,0.4363164347389868,0.0771484375,1.2412109375,13.0,0.099609375,4.0,1024.0,0.3065013943752558,3.458113556346818,0.5399840194670166,0.8328338144713759,0.9999999524335954,0.2912757847356789,0.19099753322411123,3.7663373947143555,0.44449120485622273,0.082483781278962,1.252085264133457,13.0,0.10379981464318813,4.0,1079.0
39,"A bakery makes exactly three kinds of cookie—oatmeal, peanut butter, and sugar. Exactly three batches of each kind of cookie are made each week (Monday through Friday) and each batch is made, from start to finish, on a single day. The following conditions apply: No two batches of the same kind of cookie are made on the same day. At least one batch of cookies is made on Monday. The second batch of oatmeal cookies is made on the same day as the first batch of peanut butter cookies. The second batch of sugar cookies is made on Thursday.Q: If no batch of cookies is made on Wednesday, then which one of the following must be true? Answer Choices: (A)Exactly three batches of cookies are made on Tuesday. (B)Exactly three batches of cookies are made on Friday. (C)At least two batches of cookies are made on Monday. (D)At least two batches of cookies are made on Thursday. (E)Fewer batches of cookies are made on Monday than on Tuesday.","A bakery makes exactly three kinds of cookie—oatmeal, peanut butter, and sugar. Exactly three batches of each kind of cookie are made each week (Monday through Friday) and each batch is made, from start to finish, on a single day. The following conditions apply: No two batches of the same kind of cookie are made on the same day. At least one batch of cookies is made on Monday. The second batch of oatmeal cookies is made on the same day as the first batch of peanut butter cookies. The second batch of sugar cookies is made on Thursday.Q: If no batch of cookies is made on Wednesday, then which one of the following must be true? Answer Choices: (A)Exactly three batches of cookies are made on Tuesday. (B)Exactly three batches of cookies are made on Friday. (C)At least two batches of cookies are made on Monday. (D)At least two batches of cookies are made on Thursday. (E)Fewer batches of cookies are made on Monday than on Tuesday.",,D,At least two batches of cookies are made on Thursday.,3,,none,0,,,,8012,0,8012,0,1,length,0,98.40044116973877,0.40119908978134056,3.5653633931448905,0.5860994198151148,0.7787847273329509,0.9999999987269927,0.32062432260039697,0.2681327546621053,5.465626239776611,0.5465720377352071,0.10783824263604593,1.336744882675986,15.0,0.131927109335996,6.0,8012.0,0.35565307290818,1.8170289665896142,0.4495841834281988,0.7905226431083147,0.9999988670365016,0.2955154910963243,0.21208971207432903,4.055698394775391,0.46047456999875175,0.09375,1.2109375,3.0,0.1328125,3.0,128.0,0.334138915067586,2.465155140024956,0.46937696008977714,0.8062559876129811,0.9999999609857084,0.28899089842687886,0.23064348485147207,5.465626239776611,0.5671770084449127,0.07421875,1.21875,5.0,0.09765625,3.0,256.0,0.29530479865965786,2.5314332082554123,0.46583232319581513,0.82897639385871,0.9999999609857084,0.28180080574983146,0.18984953409648572,5.465626239776611,0.4852379785257134,0.065,1.205,6.0,0.08,3.0,400.0,0.29496633159101676,2.5314332082554123,0.46685173056630336,0.831582843967556,0.9999999609857084,0.2798441526325067,0.18738069922095424,5.465626239776611,0.47630571842594505,0.06640625,1.19921875,6.0,0.080078125,3.0,512.0,0.4198766504570828,3.3201866454619697,0.6185066799118746,0.7776500787803865,0.9999999922311463,0.3201972665546096,0.2685741624705794,5.465626239776611,0.563707539949377,0.103515625,1.373046875,12.0,0.13671875,5.0,1024.0,0.39645346619083377,3.3201866454619697,0.5752525619991702,0.7807461813726965,0.9999999922311463,0.31671074747214706,0.26025896625749956,5.465626239776611,0.5331699919715231,0.1025390625,1.328125,12.0,0.12353515625,5.0,2048.0,,,,,,,,,,,,,,,,,,,,,,,,,,,,,,,,,,,,,,,,,,,,,,,,,,,,,,,,,,,,,,,,,,,,,,,,,,,,,,,,,,,,,,,,,,,,,,,,,,,,,,,,,
40,"A bakery makes exactly three kinds of cookie—oatmeal, peanut butter, and sugar. Exactly three batches of each kind of cookie are made each week (Monday through Friday) and each batch is made, from start to finish, on a single day. The following conditions apply: No two batches of the same kind of cookie are made on the same day. At least one batch of cookies is made on Monday. The second batch of oatmeal cookies is made on the same day as the first batch of peanut butter cookies. The second batch of sugar cookies is made on Thursday.Q: If the number of batches made on Friday is exactly one, then which one of the following could be true? Answer Choices: (A)The first batch of sugar cookies is made on Monday. (B)The first batch of oatmeal cookies is made on Tuesday. (C)The third batch of oatmeal cookies is made on Friday. (D)The first batch of peanut butter cookies is made on Wednesday. (E)The second batch of peanut butter cookies is made on Tuesday.","A bakery makes exactly three kinds of cookie—oatmeal, peanut butter, and sugar. Exactly three batches of each kind of cookie are made each week (Monday through Friday) and each batch is made, from start to finish, on a single day. The following conditions apply: No two batches of the same kind of cookie are made on the same day. At least one batch of cookies is made on Monday. The second batch of oatmeal cookies is made on the same day as the first batch of peanut butter cookies. The second batch of sugar cookies is made on Thursday.Q: If the number of batches made on Friday is exactly one, then which one of the following could be true? Answer Choices: (A)The first batch of sugar cookies is made on Monday. (B)The first batch of oatmeal cookies is made on Tuesday. (C)The third batch of oatmeal cookies is made on Friday. (D)The first batch of peanut butter cookies is made on Wednesday. (E)The second batch of peanut butter cookies is made on Tuesday.",,A,The first batch of sugar cookies is made on Monday.,0,,none,0,,,,8012,0,8012,0,1,length,0,99.46587824821472,0.38348155070515577,3.1395448888377198,0.5855174643142901,0.7933688026970543,0.9999999901667365,0.31352584727766947,0.2482975790511459,4.735161304473877,0.510676152892717,0.09910134797803295,1.3142785821268097,10.0,0.12056914628057913,4.0,8012.0,0.32077997109875467,2.7073288190668876,0.4884499212747604,0.8061592513414343,0.9999992387110723,0.2937754909118421,0.19950910435265046,3.148561716079712,0.4193168020383548,0.0859375,1.2421875,6.0,0.0859375,1.0,128.0,0.27465445601131855,2.7073288190668876,0.48087237438011277,0.8417254359045548,0.9999997643601235,0.26746176330111315,0.16282977320189013,3.148561716079712,0.3749051497366351,0.05859375,1.21484375,6.0,0.05859375,1.0,256.0,0.32351384818072537,2.7073288190668876,0.5191623591120672,0.8144555589880242,0.9999998091134713,0.29396725216706376,0.1904848733192665,4.237923622131348,0.426714365979034,0.0825,1.2525,6.0,0.09,2.0,400.0,0.3462318512489048,2.7073288190668876,0.5560962618559092,0.8074207274768069,0.9999998091134713,0.3006460452727708,0.2055729376743869,4.237923622131348,0.4475377628394311,0.083984375,1.279296875,6.0,0.091796875,2.0,512.0,0.3994774190477306,2.724535148627107,0.5745925499657971,0.7815286136335697,0.9999998273256449,0.31146257322112103,0.25409913648189036,4.237923622131348,0.5129254857096796,0.0966796875,1.3076171875,7.0,0.1083984375,3.0,1024.0,0.4079949035949824,2.7825345126528127,0.5914780924004263,0.7794712116962964,0.9999999703700547,0.31691444483091435,0.2610777563375634,4.237923622131348,0.5179925266605105,0.1015625,1.32763671875,7.0,0.1201171875,3.0,2048.0,,,,,,,,,,,,,,,,,,,,,,,,,,,,,,,,,,,,,,,,,,,,,,,,,,,,,,,,,,,,,,,,,,,,,,,,,,,,,,,,,,,,,,,,,,,,,,,,,,,,,,,,,
41,"A bakery makes exactly three kinds of cookie—oatmeal, peanut butter, and sugar. Exactly three batches of each kind of cookie are made each week (Monday through Friday) and each batch is made, from start to finish, on a single day. The following conditions apply: No two batches of the same kind of cookie are made on the same day. At least one batch of cookies is made on Monday. The second batch of oatmeal cookies is made on the same day as the first batch of peanut butter cookies. The second batch of sugar cookies is made on Thursday.Q: If one kind of cookie's first batch is made on the same day as another kind of cookie's third batch, then which one of the following could be false? Answer Choices: (A)At least one batch of cookies is made on each of the five days. (B)At least two batches of cookies are made on Wednesday. (C)Exactly one batch of cookies is made on Monday. (D)Exactly two batches of cookies are made on Tuesday. (E)Exactly one batch of cookies is made on Friday.","A bakery makes exactly three kinds of cookie—oatmeal, peanut butter, and sugar. Exactly three batches of each kind of cookie are made each week (Monday through Friday) and each batch is made, from start to finish, on a single day. The following conditions apply: No two batches of the same kind of cookie are made on the same day. At least one batch of cookies is made on Monday. The second batch of oatmeal cookies is made on the same day as the first batch of peanut butter cookies. The second batch of sugar cookies is made on Thursday.Q: If one kind of cookie's first batch is made on the same day as another kind of cookie's third batch, then which one of the following could be false? Answer Choices: (A)At least one batch of cookies is made on each of the five days. (B)At least two batches of cookies are made on Wednesday. (C)Exactly one batch of cookies is made on Monday. (D)Exactly two batches of cookies are made on Tuesday. (E)Exactly one batch of cookies is made on Friday.",,E,Exactly one batch of cookies is made on Friday.,4,,none,0,,,,8012,0,8012,0,1,length,0,102.42216181755066,0.4195750235451094,3.1315011641423123,0.5961534156469284,0.7729596203853174,0.999999995021226,0.3202576144720302,0.27131440494602693,5.354032039642334,0.5236358936917052,0.1062156764852721,1.3453569645531702,10.0,0.1323015476784823,5.0,8012.0,0.21292378139742701,1.3427883518917003,0.370214908877997,0.8680622498600917,0.9999996196885205,0.24694332717245168,0.11648663483006039,1.352313756942749,0.2560758346699404,0.0546875,1.1015625,2.0,0.0546875,1.0,128.0,0.19561707670846404,1.978150455538642,0.3702907045628462,0.8793328344358761,0.9999996322160665,0.24812187037217853,0.11114496971846499,1.7688372135162354,0.2704761572486513,0.05859375,1.12109375,4.0,0.0625,2.0,256.0,0.28435327624251044,2.12723328387189,0.4499545560484234,0.8310754420334812,0.9999997668625664,0.2854507097273088,0.19733376725564114,3.6517488956451416,0.46629857756141035,0.0775,1.185,4.0,0.0925,3.0,400.0,0.30795530611903255,2.5311633666866356,0.4791628494883247,0.8207626833426453,0.9999999446571949,0.29088276501049004,0.21538600831848165,3.6517488956451416,0.4873635183334823,0.080078125,1.208984375,5.0,0.09375,3.0,512.0,0.3369161331548704,2.665685404737687,0.5211546001684546,0.8090753104776787,0.9999999629618468,0.3015027469901121,0.22802258273564371,5.354032039642334,0.5064082417028817,0.091796875,1.248046875,6.0,0.1103515625,3.0,1024.0,0.40859389859819417,3.1315011641423123,0.588774872259405,0.7774404103042858,0.9999999629618468,0.31954081436628706,0.2685806180456116,5.354032039642334,0.5314174005417578,0.10791015625,1.3291015625,9.0,0.1357421875,5.0,2048.0,,,,,,,,,,,,,,,,,,,,,,,,,,,,,,,,,,,,,,,,,,,,,,,,,,,,,,,,,,,,,,,,,,,,,,,,,,,,,,,,,,,,,,,,,,,,,,,,,,,,,,,,,
42,"For the school paper, five students—Jiang, Kramer, Lopez, Megregian, and O'Neill—each review one or more of exactly three plays: Sunset, Tamerlane, and Undulation, but do not review any other plays. The following conditions must apply: Kramer and Lopez each review fewer of the plays than Megregian. Neither Lopez nor Megregian reviews any play Jiang reviews. Kramer and O'Neill both review Tamerlane. Exactly two of the students review exactly the same play or plays as each other.Q: Which one of the following could be an accurate and complete list of the students who review only Sunset? Answer Choices: (A)Lopez (B)O'Neill (C)Jiang, Lopez (D)Kramer, O'Neill (E)Lopez, Megregian","For the school paper, five students—Jiang, Kramer, Lopez, Megregian, and O'Neill—each review one or more of exactly three plays: Sunset, Tamerlane, and Undulation, but do not review any other plays. The following conditions must apply: Kramer and Lopez each review fewer of the plays than Megregian. Neither Lopez nor Megregian reviews any play Jiang reviews. Kramer and O'Neill both review Tamerlane. Exactly two of the students review exactly the same play or plays as each other.Q: Which one of the following could be an accurate and complete list of the students who review only Sunset? Answer Choices: (A)Lopez (B)O'Neill (C)Jiang, Lopez (D)Kramer, O'Neill (E)Lopez, Megregian",,A,Lopez,0,,none,0,,,,8012,0,8012,0,1,length,0,99.60174632072449,0.29737476481042185,2.8175187393040924,0.496463780836071,0.8281178721352158,0.9999999872342342,0.2892473492479904,0.19856215937448643,5.462362766265869,0.45669913982335886,0.07576135796305541,1.22491263105342,7.0,0.09073889166250625,5.0,8012.0,0.2372063921358763,2.0076126482747307,0.4241609667028032,0.8538830459879374,0.9999999252202859,0.2785243861913266,0.1680697527927859,2.2882277965545654,0.3982023124705952,0.0703125,1.1484375,3.0,0.0703125,1.0,128.0,0.2057831016702499,2.0076126482747307,0.38345506379244576,0.8703554309073418,0.9999999252202859,0.2579497333659753,0.1400029472210349,2.2882277965545654,0.353180970281211,0.05859375,1.125,3.0,0.0625,2.0,256.0,0.2156187802608577,2.12596157705746,0.4152696499222818,0.8668617077010675,0.9999999252202859,0.26748165666346213,0.14234657467477127,2.2882277965545654,0.35787063171006267,0.065,1.155,4.0,0.08,3.0,400.0,0.2277598137458159,2.2215075064615677,0.4287502971729297,0.860421699643397,0.9999999252202859,0.2721684943037004,0.1463516415534592,2.2882277965545654,0.3550100642727888,0.072265625,1.166015625,4.0,0.087890625,3.0,512.0,0.2890440399339172,2.605170623272462,0.47592475794338307,0.8287341515609633,0.999999950397631,0.2923167915061795,0.18584422550078794,3.0791170597076416,0.4085351564933754,0.0830078125,1.2119140625,6.0,0.103515625,5.0,1024.0,0.31292371274919184,2.8175187393040924,0.5005206135910075,0.8145241734347756,0.9999999752800244,0.30071458461411793,0.215710312268036,5.462362766265869,0.4779522052003819,0.08935546875,1.2392578125,7.0,0.1103515625,5.0,2048.0,,,,,,,,,,,,,,,,,,,,,,,,,,,,,,,,,,,,,,,,,,,,,,,,,,,,,,,,,,,,,,,,,,,,,,,,,,,,,,,,,,,,,,,,,,,,,,,,,,,,,,,,,
43,"For the school paper, five students—Jiang, Kramer, Lopez, Megregian, and O'Neill—each review one or more of exactly three plays: Sunset, Tamerlane, and Undulation, but do not review any other plays. The following conditions must apply: Kramer and Lopez each review fewer of the plays than Megregian. Neither Lopez nor Megregian reviews any play Jiang reviews. Kramer and O'Neill both review Tamerlane. Exactly two of the students review exactly the same play or plays as each other.Q: Which one of the following must be true? Answer Choices: (A)Jiang reviews more of the plays than Lopez does. (B)Megregian reviews more of the plays than Jiang does. (C)Megregian reviews more of the plays than O'Neill does. (D)O'Neill reviews more of the plays than Jiang does. (E)O'Neill reviews more of the plays than Kramer does.","For the school paper, five students—Jiang, Kramer, Lopez, Megregian, and O'Neill—each review one or more of exactly three plays: Sunset, Tamerlane, and Undulation, but do not review any other plays. The following conditions must apply: Kramer and Lopez each review fewer of the plays than Megregian. Neither Lopez nor Megregian reviews any play Jiang reviews. Kramer and O'Neill both review Tamerlane. Exactly two of the students review exactly the same play or plays as each other.Q: Which one of the following must be true? Answer Choices: (A)Jiang reviews more of the plays than Lopez does. (B)Megregian reviews more of the plays than Jiang does. (C)Megregian reviews more of the plays than O'Neill does. (D)O'Neill reviews more of the plays than Jiang does. (E)O'Neill reviews more of the plays than Kramer does.",,B,Megregian reviews more of the plays than Jiang does.,1,,none,0,,,,8012,0,8012,0,1,length,0,108.7915620803833,0.3253359811368415,3.0182765414726482,0.5032029425782714,0.8103730870213445,0.9999999796168395,0.2974007697944477,0.20874236455943312,8.197571754455566,0.4530831840825921,0.0827508736894658,1.2408886669995007,8.0,0.09822765851223166,4.0,8012.0,0.2526226667949185,1.7320489175426068,0.39856880290701624,0.837887161703267,0.9999994227559497,0.27776826420308137,0.18067221104593134,3.433619499206543,0.4623324036050533,0.078125,1.1484375,3.0,0.078125,1.0,128.0,0.2178345336658001,2.1731782940420032,0.4049654792012384,0.8643107421771938,0.9999995608232156,0.2615864305610128,0.13942873383319443,3.433619499206543,0.37213387731746805,0.0546875,1.140625,5.0,0.0546875,1.0,256.0,0.33901059559675856,2.360359446941855,0.5240983245275284,0.8105283195685324,0.9999997605448029,0.2975005194896882,0.21626738236493767,3.433619499206543,0.47502277356043937,0.0725,1.2425,5.0,0.0775,2.0,400.0,0.32168930825011327,2.360359446941855,0.5143129813460872,0.8184432765783564,0.9999997605448029,0.29572445318728635,0.2031801825182389,3.433619499206543,0.4524269857014332,0.07421875,1.23046875,5.0,0.08203125,2.0,512.0,0.2978832158971231,2.360359446941855,0.48151358119909793,0.8246537214160282,0.99999995482355,0.2905271954106083,0.19056212414350335,3.433619499206543,0.42648562283131547,0.078125,1.21875,5.0,0.0888671875,3.0,1024.0,0.3281230296908179,2.916239397809202,0.49771644257410363,0.8099736296032586,0.99999995482355,0.29319920800285226,0.21372097813304602,4.725459098815918,0.4611929671010946,0.0751953125,1.2412109375,8.0,0.0888671875,4.0,2048.0,,,,,,,,,,,,,,,,,,,,,,,,,,,,,,,,,,,,,,,,,,,,,,,,,,,,,,,,,,,,,,,,,,,,,,,,,,,,,,,,,,,,,,,,,,,,,,,,,,,,,,,,,
44,"For the school paper, five students—Jiang, Kramer, Lopez, Megregian, and O'Neill—each review one or more of exactly three plays: Sunset, Tamerlane, and Undulation, but do not review any other plays. The following conditions must apply: Kramer and Lopez each review fewer of the plays than Megregian. Neither Lopez nor Megregian reviews any play Jiang reviews. Kramer and O'Neill both review Tamerlane. Exactly two of the students review exactly the same play or plays as each other.Q: If exactly three of the students review Undulation, which one of the following could be true? Answer Choices: (A)Megregian does not review Undulation. (B)O'Neill does not review Undulation. (C)Jiang reviews Undulation. (D)Lopez reviews Tamerlane. (E)O'Neill reviews Sunset.","For the school paper, five students—Jiang, Kramer, Lopez, Megregian, and O'Neill—each review one or more of exactly three plays: Sunset, Tamerlane, and Undulation, but do not review any other plays. The following conditions must apply: Kramer and Lopez each review fewer of the plays than Megregian. Neither Lopez nor Megregian reviews any play Jiang reviews. Kramer and O'Neill both review Tamerlane. Exactly two of the students review exactly the same play or plays as each other.Q: If exactly three of the students review Undulation, which one of the following could be true? Answer Choices: (A)Megregian does not review Undulation. (B)O'Neill does not review Undulation. (C)Jiang reviews Undulation. (D)Lopez reviews Tamerlane. (E)O'Neill reviews Sunset.",,E,O'Neill reviews Sunset.,4,,none,0,,,,8012,0,8012,0,1,length,0,108.19105458259583,0.3308143822384083,3.133637749128678,0.5179405642097535,0.808683518787019,0.9999999979390107,0.30186912650562325,0.22148718821230967,5.966929912567139,0.48536448302048013,0.08836744882675986,1.25199700449326,10.0,0.10396904643035447,5.0,8012.0,0.2577146277911941,2.0289937250916705,0.47581696726913175,0.8595257359221816,0.9999999610890352,0.26723416625947205,0.16116060374321844,2.368067741394043,0.39058222971951584,0.046875,1.171875,4.0,0.0546875,2.0,128.0,0.27074414300199934,2.0300598531037592,0.4657106849811121,0.8386846749721957,0.9999999610890352,0.28436117697289504,0.16506894738829134,2.368067741394043,0.36349414717746703,0.0703125,1.203125,4.0,0.078125,2.0,256.0,0.23613898018083151,2.29322365969856,0.4532883535459596,0.861307723094686,0.9999999610890352,0.26930600982181785,0.14561311506004726,2.368067741394043,0.3490003363468904,0.0625,1.175,5.0,0.0725,2.0,400.0,0.2335084310289705,2.29322365969856,0.44010050720999994,0.8620910016833162,0.9999999610890352,0.26563772416189974,0.14593109247663222,2.368067741394043,0.34923187323510957,0.05859375,1.169921875,5.0,0.06640625,2.0,512.0,0.3876802667084649,2.9526106898622424,0.5625817969298871,0.7869919233700036,0.999999993329185,0.31386793565294874,0.2496652777321859,3.5348944664001465,0.4848685672240242,0.1005859375,1.2998046875,8.0,0.1201171875,3.0,1024.0,0.33939973710799815,2.9526106898622424,0.5308803648706576,0.8076284245667751,0.999999993329185,0.3034659519169807,0.22286097027545443,4.934948921203613,0.4759800763741566,0.09130859375,1.255859375,8.0,0.10546875,3.0,2048.0,,,,,,,,,,,,,,,,,,,,,,,,,,,,,,,,,,,,,,,,,,,,,,,,,,,,,,,,,,,,,,,,,,,,,,,,,,,,,,,,,,,,,,,,,,,,,,,,,,,,,,,,,
45,"For the school paper, five students—Jiang, Kramer, Lopez, Megregian, and O'Neill—each review one or more of exactly three plays: Sunset, Tamerlane, and Undulation, but do not review any other plays. The following conditions must apply: Kramer and Lopez each review fewer of the plays than Megregian. Neither Lopez nor Megregian reviews any play Jiang reviews. Kramer and O'Neill both review Tamerlane. Exactly two of the students review exactly the same play or plays as each other.Q: Which one of the following could be an accurate and complete list of the students who review Tamerlane? Answer Choices: (A)Jiang, Kramer (B)Kramer, O'Neill (C)Kramer, Lopez, O'Neill (D)Kramer, Megregian, O'Neill (E)Lopez, Megregian, O'Neill","For the school paper, five students—Jiang, Kramer, Lopez, Megregian, and O'Neill—each review one or more of exactly three plays: Sunset, Tamerlane, and Undulation, but do not review any other plays. The following conditions must apply: Kramer and Lopez each review fewer of the plays than Megregian. Neither Lopez nor Megregian reviews any play Jiang reviews. Kramer and O'Neill both review Tamerlane. Exactly two of the students review exactly the same play or plays as each other.Q: Which one of the following could be an accurate and complete list of the students who review Tamerlane? Answer Choices: (A)Jiang, Kramer (B)Kramer, O'Neill (C)Kramer, Lopez, O'Neill (D)Kramer, Megregian, O'Neill (E)Lopez, Megregian, O'Neill",,D,"Kramer, Megregian, O'Neill",3,,none,0,,,,8012,0,8012,0,1,length,0,108.7370126247406,0.3276230305888555,3.2096863537057225,0.5153706448657844,0.8093352160233823,0.9999999973056939,0.30212629073897623,0.21807565463094755,5.673338890075684,0.4710731452942157,0.08749375936095856,1.2554917623564652,10.0,0.1035946080878682,7.0,8012.0,0.27026457250299524,2.2593674413654585,0.4718496576693213,0.8436515282948298,0.9999999674946831,0.27791291955231207,0.17640808713502215,2.832674503326416,0.4115003731392786,0.078125,1.1953125,4.0,0.078125,1.0,128.0,0.19145529784389373,2.2593674413654585,0.419004145207731,0.8861754904301684,0.9999999674946831,0.2458627913167516,0.1226004646611378,2.832674503326416,0.3471389969234677,0.0546875,1.1484375,5.0,0.0546875,1.0,256.0,0.20820149491011988,2.2593674413654585,0.4320817763055902,0.8796436373740145,0.9999999674946831,0.24990075556666352,0.13422576241368128,3.7878661155700684,0.38005755071025354,0.0575,1.1575,5.0,0.06,2.0,400.0,0.29981694487042676,2.313502140435576,0.5129379976875873,0.8316937889722281,0.9999999674946831,0.2883204085714084,0.19166841635710574,3.7878661155700684,0.431232244266933,0.07421875,1.2421875,6.0,0.0859375,3.0,512.0,0.3106243057563601,2.46826760798073,0.5243477099723167,0.8271281671479651,0.9999999719697121,0.2943445118528969,0.20246609777501526,3.7878661155700684,0.4639785274006745,0.087890625,1.2470703125,6.0,0.109375,4.0,1024.0,0.34131341081099364,2.8966995175605383,0.5355475656098458,0.8085634061775935,0.9999999719697121,0.303443974165608,0.22222818183752616,5.673338890075684,0.48448007727140274,0.09130859375,1.26708984375,8.0,0.1123046875,4.0,2048.0,,,,,,,,,,,,,,,,,,,,,,,,,,,,,,,,,,,,,,,,,,,,,,,,,,,,,,,,,,,,,,,,,,,,,,,,,,,,,,,,,,,,,,,,,,,,,,,,,,,,,,,,,
46,"For the school paper, five students—Jiang, Kramer, Lopez, Megregian, and O'Neill—each review one or more of exactly three plays: Sunset, Tamerlane, and Undulation, but do not review any other plays. The following conditions must apply: Kramer and Lopez each review fewer of the plays than Megregian. Neither Lopez nor Megregian reviews any play Jiang reviews. Kramer and O'Neill both review Tamerlane. Exactly two of the students review exactly the same play or plays as each other.Q: If Jiang does not review Tamerlane, then which one of the following must be true? Answer Choices: (A)Jiang reviews Sunset. (B)Lopez reviews Undulation. (C)Megregian reviews Sunset. (D)Megregian reviews Tamerlane. (E)O'Neill reviews Undulation.","For the school paper, five students—Jiang, Kramer, Lopez, Megregian, and O'Neill—each review one or more of exactly three plays: Sunset, Tamerlane, and Undulation, but do not review any other plays. The following conditions must apply: Kramer and Lopez each review fewer of the plays than Megregian. Neither Lopez nor Megregian reviews any play Jiang reviews. Kramer and O'Neill both review Tamerlane. Exactly two of the students review exactly the same play or plays as each other.Q: If Jiang does not review Tamerlane, then which one of the following must be true? Answer Choices: (A)Jiang reviews Sunset. (B)Lopez reviews Undulation. (C)Megregian reviews Sunset. (D)Megregian reviews Tamerlane. (E)O'Neill reviews Undulation.",,D,Megregian reviews Tamerlane.,3,,none,0,,,,8012,0,8012,0,1,length,0,99.00461983680725,0.3006051563427329,3.0142309711022657,0.4916044793779164,0.8216834976145663,0.9999999882549602,0.29528547367108327,0.19991331014426042,5.287052154541016,0.4545786654853791,0.08374937593609585,1.2281577633549676,9.0,0.09747878182725911,5.0,8012.0,0.15125862424613462,1.8760768105544725,0.29744238422147184,0.902361157774173,0.999999210009654,0.21795844148843146,0.08786806192704733,1.5338294506072998,0.24770229381977918,0.03125,1.078125,3.0,0.03125,1.0,128.0,0.28983405731765405,2.3788416776404313,0.4869180947560224,0.8383706994842548,0.9999996912506783,0.2820889767344169,0.19817975366440152,3.0769805908203125,0.47095266513997025,0.0625,1.203125,5.0,0.09765625,3.0,256.0,0.3058009906977073,2.3788416776404313,0.5019117387637233,0.833559637391568,0.9999996912506783,0.2821731615124202,0.1912558369833071,3.0769805908203125,0.4406945671272628,0.0675,1.21,5.0,0.095,3.0,400.0,0.30953124798958775,2.3788416776404313,0.5027998104482563,0.8288621642783903,0.9999997271391605,0.28548180799791784,0.19320785657420128,3.0769805908203125,0.4323041031245652,0.076171875,1.22265625,5.0,0.09765625,3.0,512.0,0.32569993469068803,3.0142309711022657,0.5380152981953814,0.8214792451564972,0.9999998253679675,0.29580350721703136,0.21104107235183533,3.962519407272339,0.46573818078144014,0.0849609375,1.2646484375,9.0,0.107421875,3.0,1024.0,0.31517610079408065,3.0142309711022657,0.5093857700795009,0.8170668622252347,0.9999999764090118,0.29790889084030486,0.20442036863340002,4.775765419006348,0.4472859279227287,0.08740234375,1.24609375,9.0,0.10498046875,3.0,2048.0,,,,,,,,,,,,,,,,,,,,,,,,,,,,,,,,,,,,,,,,,,,,,,,,,,,,,,,,,,,,,,,,,,,,,,,,,,,,,,,,,,,,,,,,,,,,,,,,,,,,,,,,,
47,"An administrator must assign parking spaces to six new employees: Robertson, Souza, Togowa, Vaughn, Xu, and Young. Each of the six employees must be assigned one of the following parking spaces: #1, #2, #3, #4, #5, or #6. No two employees can be assigned the same parking space. The following rules govern the assignment of parking spaces: Young must be assigned a higher-numbered parking space than Togowa. Xu must be assigned a higher-numbered parking space than Souza. Robertson must be assigned a higher-numbered parking space than Young. Robertson must be assigned parking space #1, #2, #3, or #4.Q: Which one of the following could be the assignment of parking spaces to the new employees? Answer Choices: (A)#1: Young; #2: Souza; #3: Vaughn; #4: Robertson; #5: Togowa; #6: Xu (B)#1: Vaughn; #2: Togowa; #3: Young; #4: Souza; #5: Robertson; #6: Xu (C)#1: Togowa; #2: Young; #3: Xu; #4: Robertson; #5: Souza; #6: Vaughn (D)#1: Togowa; #2: Robertson; #3: Young; #4: Souza; #5: Vaughn; #6: Xu (E)#1: Souza; #2: Togowa; #3: Young; #4: Robertson; #5: Xu; #6: Vaughn","An administrator must assign parking spaces to six new employees: Robertson, Souza, Togowa, Vaughn, Xu, and Young. Each of the six employees must be assigned one of the following parking spaces: #1, #2, #3, #4, #5, or #6. No two employees can be assigned the same parking space. The following rules govern the assignment of parking spaces: Young must be assigned a higher-numbered parking space than Togowa. Xu must be assigned a higher-numbered parking space than Souza. Robertson must be assigned a higher-numbered parking space than Young. Robertson must be assigned parking space #1, #2, #3, or #4.Q: Which one of the following could be the assignment of parking spaces to the new employees? Answer Choices: (A)#1: Young; #2: Souza; #3: Vaughn; #4: Robertson; #5: Togowa; #6: Xu (B)#1: Vaughn; #2: Togowa; #3: Young; #4: Souza; #5: Robertson; #6: Xu (C)#1: Togowa; #2: Young; #3: Xu; #4: Robertson; #5: Souza; #6: Vaughn (D)#1: Togowa; #2: Robertson; #3: Young; #4: Souza; #5: Vaughn; #6: Xu (E)#1: Souza; #2: Togowa; #3: Young; #4: Robertson; #5: Xu; #6: Vaughn",,E,#1: Souza; #2: Togowa; #3: Young; #4: Robertson; #5: Xu; #6: Vaughn,4,E,final_answer,1,"

To determine the correct assignment, we must analyze the constraints provided in the problem statement and test each answer choice against them.

**Constraints:**
1.  **Young (Y) > Togowa (T):** Young must be assigned a higher-numbered parking space than Togowa.
2.  **Xu (X) > Souza (S):** Xu must be assigned a higher-numbered parking space than Souza.
3.  **Robertson (R) > Young (Y):** Robertson must be assigned a higher-numbered parking space than Young.
4.  **Robertson (R) $\in$ {1, 2, 3, 4}:** Robertson must be assigned parking space #1, #2, #3, or #4.

**Combined Chain:**
From constraints 1 and 3, we have a chain of inequalities:
$R > Y > T$

This implies that Robertson cannot be in space #1 (since Y and T need lower numbers). Robertson must be in space #2, #3, or #4.

**Evaluating the Options:**

*   **(A) #1: Young; #2: Souza; #3: Vaughn; #4: Robertson; #5: Togowa; #6: Xu**
    *   Check Constraint 1 ($Y > T$): Young is #1, Togowa is #5. $1$ is not greater than $5$.
    *   **Incorrect.**

*   **(B) #1: Vaughn; #2: Togowa; #3: Young; #4: Souza; #5: Robertson; #6: Xu**
    *   Check Constraint 4 ($R \in \{1, 2, 3, 4\}$): Robertson is #5.
    *   **Incorrect.**

*   **(C) #1: Togowa; #2: Young; #3: Xu; #4: Robertson; #5: Souza; #6: Vaughn**
    *   Check Constraint 2 ($X > S$): Xu is #3, Souza is #5. $3$ is not greater than $5$.
    *   **Incorrect.**

*   **(D) #1: Togowa; #2: Robertson; #3: Young; #4: Souza; #5: Vaughn; #6: Xu**
    *   Check Constraint 3 ($R > Y$): Robertson is #2, Young is #3. $2$ is not greater than $3$.
    *   **Incorrect.**

*   **(E) #1: Souza; #2: Togowa; #3: Young; #4: Robertson; #5: Xu; #6: Vaughn**
    *   Check Constraint 1 ($Y > T$): Young is #3, Togowa is #2. $3 > 2$. (Satisfied)
    *   Check Constraint 2 ($X > S$): Xu is #5, Souza is #1. $5 > 1$. (Satisfied)
    *   Check Constraint 3 ($R > Y$): Robertson is #4, Young is #3. $4 > 3$. (Satisfied)
    *   Check Constraint 4 ($R \in \{1, 2, 3, 4\}$): Robertson is #4. (Satisfied)
    *   **Correct.**

Final Answer: E",,"

To determine the correct assignment, we must analyze the constraints provided in the problem statement and test each answer choice against them.

**Constraints:**
1.  **Young (Y) > Togowa (T):** Young must be assigned a higher-numbered parking space than Togowa.
2.  **Xu (X) > Souza (S):** Xu must be assigned a higher-numbered parking space than Souza.
3.  **Robertson (R) > Young (Y):** Robertson must be assigned a higher-numbered parking space than Young.
4.  **Robertson (R) $\in$ {1, 2, 3, 4}:** Robertson must be assigned parking space #1, #2, #3, or #4.

**Combined Chain:**
From constraints 1 and 3, we have a chain of inequalities:
$R > Y > T$

This implies that Robertson cannot be in space #1 (since Y and T need lower numbers). Robertson must be in space #2, #3, or #4.

**Evaluating the Options:**

*   **(A) #1: Young; #2: Souza; #3: Vaughn; #4: Robertson; #5: Togowa; #6: Xu**
    *   Check Constraint 1 ($Y > T$): Young is #1, Togowa is #5. $1$ is not greater than $5$.
    *   **Incorrect.**

*   **(B) #1: Vaughn; #2: Togowa; #3: Young; #4: Souza; #5: Robertson; #6: Xu**
    *   Check Constraint 4 ($R \in \{1, 2, 3, 4\}$): Robertson is #5.
    *   **Incorrect.**

*   **(C) #1: Togowa; #2: Young; #3: Xu; #4: Robertson; #5: Souza; #6: Vaughn**
    *   Check Constraint 2 ($X > S$): Xu is #3, Souza is #5. $3$ is not greater than $5$.
    *   **Incorrect.**

*   **(D) #1: Togowa; #2: Robertson; #3: Young; #4: Souza; #5: Vaughn; #6: Xu**
    *   Check Constraint 3 ($R > Y$): Robertson is #2, Young is #3. $2$ is not greater than $3$.
    *   **Incorrect.**

*   **(E) #1: Souza; #2: Togowa; #3: Young; #4: Robertson; #5: Xu; #6: Vaughn**
    *   Check Constraint 1 ($Y > T$): Young is #3, Togowa is #2. $3 > 2$. (Satisfied)
    *   Check Constraint 2 ($X > S$): Xu is #5, Souza is #1. $5 > 1$. (Satisfied)
    *   Check Constraint 3 ($R > Y$): Robertson is #4, Young is #3. $4 > 3$. (Satisfied)
    *   Check Constraint 4 ($R \in \{1, 2, 3, 4\}$): Robertson is #4. (Satisfied",3433,0,3433,782,0,stop,0,43.29597091674805,0.18025470241400654,3.3023584242517092,0.4133419221530401,0.8946567559851116,0.9999999962154779,0.24148221949244117,0.11688135543503321,5.190778732299805,0.35233369577319257,0.0471890474803379,1.13807165744247,12.0,0.05243227497815322,4.0,3433.0,0.1893553700528277,1.6711326476663864,0.35897883490378624,0.876043547127792,0.999999666922184,0.24418396937355863,0.12815634675259502,1.930854082107544,0.32527499717687136,0.0390625,1.109375,3.0,0.046875,2.0,128.0,0.1653782628184435,2.360848335883602,0.371695531171672,0.8978520436967949,0.999999694927191,0.23184644602613919,0.10622803043588944,1.930854082107544,0.29841033184843374,0.03515625,1.11328125,5.0,0.04296875,2.0,256.0,0.2872528181785477,2.6616514490440113,0.5058444865655143,0.8295572854888593,0.999999694927191,0.28993088699749947,0.1929186764769679,2.938875675201416,0.4259872467045305,0.0725,1.2325,6.0,0.085,3.0,400.0,0.31634353745548927,2.6625333791377224,0.5362998556769079,0.8172609307846389,0.999999694927191,0.2983698418572747,0.21942836819445966,3.3592147827148438,0.4775221326159541,0.078125,1.265625,6.0,0.09375,3.0,512.0,0.223343132563108,3.3023584242517092,0.47499965921660725,0.8722818289118144,0.9999999892697833,0.26382736744263396,0.14852472239042414,3.3592147827148438,0.3956026688920336,0.056640625,1.189453125,12.0,0.06640625,3.0,1024.0,0.20103989940520822,3.3023584242517092,0.4366064498444422,0.8839528719200238,0.9999999935595348,0.25064516675409176,0.1290211520874988,3.3592147827148438,0.36272267431523536,0.052734375,1.15625,12.0,0.05908203125,4.0,2048.0,0.23346049790111223,2.6625333791377224,0.4741822366367941,0.8664921731600642,0.9999999892697833,0.26532167408211843,0.1585934301732569,3.3592147827148438,0.4120200553097056,0.054987212276214836,1.186700767263427,6.0,0.06521739130434782,3.0,782.0,0.1893553700528277,1.6711326476663864,0.35897883490378624,0.876043547127792,0.999999666922184,0.24418396937355863,0.12815634675259502,1.930854082107544,0.32527499717687136,0.0390625,1.109375,3.0,0.046875,2.0,128.0,0.1653782628184435,2.360848335883602,0.371695531171672,0.8978520436967949,0.999999694927191,0.23184644602613919,0.10622803043588944,1.930854082107544,0.29841033184843374,0.03515625,1.11328125,5.0,0.04296875,2.0,256.0,0.2872528181785477,2.6616514490440113,0.5058444865655143,0.8295572854888593,0.999999694927191,0.28993088699749947,0.1929186764769679,2.938875675201416,0.4259872467045305,0.0725,1.2325,6.0,0.085,3.0,400.0,0.31634353745548927,2.6625333791377224,0.5362998556769079,0.8172609307846389,0.999999694927191,0.2983698418572747,0.21942836819445966,3.3592147827148438,0.4775221326159541,0.078125,1.265625,6.0,0.09375,3.0,512.0,0.23346049790111223,2.6625333791377224,0.4741822366367941,0.8664921731600642,0.9999999892697833,0.26532167408211843,0.1585934301732569,3.3592147827148438,0.4120200553097056,0.054987212276214836,1.186700767263427,6.0,0.06521739130434782,3.0,782.0,0.23346049790111223,2.6625333791377224,0.4741822366367941,0.8664921731600642,0.9999999892697833,0.26532167408211843,0.1585934301732569,3.3592147827148438,0.4120200553097056,0.054987212276214836,1.186700767263427,6.0,0.06521739130434782,3.0,782.0
48,"An administrator must assign parking spaces to six new employees: Robertson, Souza, Togowa, Vaughn, Xu, and Young. Each of the six employees must be assigned one of the following parking spaces: #1, #2, #3, #4, #5, or #6. No two employees can be assigned the same parking space. The following rules govern the assignment of parking spaces: Young must be assigned a higher-numbered parking space than Togowa. Xu must be assigned a higher-numbered parking space than Souza. Robertson must be assigned a higher-numbered parking space than Young. Robertson must be assigned parking space #1, #2, #3, or #4.Q: If Togowa is assigned a higher-numbered parking space than Souza, then which one of the following could be true? Answer Choices: (A)Young is assigned parking space #2. (B)Vaughn is assigned parking space #5. (C)Togowa is assigned parking space #3. (D)Souza is assigned parking space #2. (E)Robertson is assigned parking space #3.","An administrator must assign parking spaces to six new employees: Robertson, Souza, Togowa, Vaughn, Xu, and Young. Each of the six employees must be assigned one of the following parking spaces: #1, #2, #3, #4, #5, or #6. No two employees can be assigned the same parking space. The following rules govern the assignment of parking spaces: Young must be assigned a higher-numbered parking space than Togowa. Xu must be assigned a higher-numbered parking space than Souza. Robertson must be assigned a higher-numbered parking space than Young. Robertson must be assigned parking space #1, #2, #3, or #4.Q: If Togowa is assigned a higher-numbered parking space than Souza, then which one of the following could be true? Answer Choices: (A)Young is assigned parking space #2. (B)Vaughn is assigned parking space #5. (C)Togowa is assigned parking space #3. (D)Souza is assigned parking space #2. (E)Robertson is assigned parking space #3.",,B,Vaughn is assigned parking space #5.,1,B,final_answer,1,"

The problem asks us to determine which statement could be true given a set of constraints and a specific conditional scenario.

**1. Analyze the Rules and Employees**
*   **Employees:** Robertson (R), Souza (S), Togowa (T), Vaughn (V), Xu (X), Young (Y).
*   **Parking Spaces:** #1, #2, #3, #4, #5, #6.
*   **Constraints:**
    1.  $Y > T$ (Young's space number is greater than Togowa's)
    2.  $X > S$ (Xu's space number is greater than Souza's)
    3.  $R > Y$ (Robertson's space number is greater than Young's)
    4.  $R \in \{1, 2, 3, 4\}$ (Robertson's space is 1, 2, 3, or 4)
    5.  All employees have distinct spaces.

**2. Analyze the Conditional Scenario**
*   **Condition:** $T > S$ (Togowa's space number is greater than Souza's)

**3. Deduce the Relationships**
Combining the constraints with the conditional:
*   From (3) and (1): $R > Y > T$
*   From the Condition: $T > S$
*   Combining these creates a chain: **$R > Y > T > S$**

This chain involves four distinct employees (R, Y, T, S) assigned to four distinct parking spaces.
Since the spaces are numbered 1 through 6, and the values must be strictly increasing ($R > Y > T > S$), the smallest possible values for these four spaces are 4, 3, 2, and 1 respectively.
*   $S$ must be at least 1.
*   $T$ must be at least 2 (since $T > S$).
*   $Y$ must be at least 3 (since $Y > T$).
*   $R$ must be at least 4 (since $R > Y$).

However, Rule (4) states that $R$ must be assigned a space #1, #2, #3, or #4.
Since $R \ge 4$ (derived from the chain) and $R \le 4$ (from Rule 4), **Robertson must be assigned parking space #4**.

**4. Determine Specific Assignments**
With $R = 4$, we must fit the remaining three employees ($Y, T, S$) into spaces #1, #2, and #3.
Given the chain $R > Y > T > S$:
*   $Y$ must be less than 4. To allow space for $T$ and $S$ below it, $Y$ must be **3**.
*   $T$ must be less than 3. To allow space for $S$ below it, $T$ must be **2**.
*   $S$ must be less than 2. Thus, $S$ must be **1**.

So, the fixed assignments are:
*   Robertson: #4
*   Young: #3
*   Togowa: #2
*   Souza: #1

**5. Determine Remaining Assignments**
The remaining employees are Vaughn (V) and Xu (X).
The remaining spaces are #5 and #6.
The only rule involving Xu is $X > S$. Since $S = 1$, $X$ must be greater than 1. Both #5 and #6 are greater than 1.
Therefore, Xu can be assigned #5 or #6, and Vaughn will take the remaining space.
*   Scenario 1: Xu = #5, Vaughn = #6.
*   Scenario 2: Xu = #6, Vaughn = #5.

**6. Evaluate the Answer Choices**
(A) Young is assigned parking space #2.
*   We determined Young is assigned #3. This is **False**.

(B) Vaughn is assigned parking space #5.
*   In Scenario 2, Vaughn is assigned #5. This is **Possible**.

(C) Togowa is assigned parking space #3.
*   We determined Togowa is assigned #2. This is **False**.

(D) Souza is assigned parking space #2.
*   We determined Souza is assigned #1. This is **False**.

(E) Robertson is assigned parking space #3.
*   We determined Robertson is assigned #4. This is **False**.

Only option (B) represents a scenario that is consistent with all rules and the conditional statement.

Final Answer: B",,"

The problem asks us to determine which statement could be true given a set of constraints and a specific conditional scenario.

**1. Analyze the Rules and Employees**
*   **Employees:** Robertson (R), Souza (S), Togowa (T), Vaughn (V), Xu (X), Young (Y).
*   **Parking Spaces:** #1, #2, #3, #4, #5, #6.
*   **Constraints:**
    1.  $Y > T$ (Young's space number is greater than Togowa's)
    2.  $X > S$ (Xu's space number is greater than Souza's)
    3.  $R > Y$ (Robertson's space number is greater than Young's)
    4.  $R \in \{1, 2, 3, 4\}$ (Robertson's space is 1, 2, 3, or 4)
    5.  All employees have distinct spaces.

**2. Analyze the Conditional Scenario**
*   **Condition:** $T > S$ (Togowa's space number is greater than Souza's)

**3. Deduce the Relationships**
Combining the constraints with the conditional:
*   From (3) and (1): $R > Y > T$
*   From the Condition: $T > S$
*   Combining these creates a chain: **$R > Y > T > S$**

This chain involves four distinct employees (R, Y, T, S) assigned to four distinct parking spaces.
Since the spaces are numbered 1 through 6, and the values must be strictly increasing ($R > Y > T > S$), the smallest possible values for these four spaces are 4, 3, 2, and 1 respectively.
*   $S$ must be at least 1.
*   $T$ must be at least 2 (since $T > S$).
*   $Y$ must be at least 3 (since $Y > T$).
*   $R$ must be at least 4 (since $R > Y$).

However, Rule (4) states that $R$ must be assigned a space #1, #2, #3, or #4.
Since $R \ge 4$ (derived from the chain) and $R \le 4$ (from Rule 4), **Robertson must be assigned parking space #4**.

**4. Determine Specific Assignments**
With $R = 4$, we must fit the remaining three employees ($Y, T, S$) into spaces #1, #2, and #3.
Given the chain $R > Y > T > S$:
*   $Y$ must be less than 4. To allow space for $T$ and $S$ below it, $Y$ must be **3**.
*   $T$ must be less than 3. To allow space for $S$ below it, $T$ must be **2**.
*   $S$ must be less than 2. Thus, $S$ must be **1**.

So, the fix",6940,0,6940,1342,0,stop,0,94.34052777290344,0.3412198563912989,3.1186846851622154,0.5530406649151719,0.8075296041838536,0.9999999990783691,0.3099855208715421,0.22657888904241882,4.888038158416748,0.48464601395630014,0.0952449567723343,1.2793948126801153,10.0,0.1154178674351585,4.0,6940.0,0.16741267358815062,1.4359612841782872,0.3452283228623551,0.8802168435358554,0.9999994794081558,0.2661334438573749,0.10537602745951036,1.8007123470306396,0.2710272879092914,0.0703125,1.1171875,2.0,0.0703125,1.0,128.0,0.2687735117556726,2.6376324409781424,0.4956441495186056,0.8409135374187251,0.9999996447302713,0.28616995749634355,0.17125611082315262,2.8056159019470215,0.41886400879998936,0.0703125,1.2265625,7.0,0.0859375,3.0,256.0,0.3824855051953194,2.6376324409781424,0.5893394987299798,0.7867502015949414,0.9999996447302713,0.32391159560729393,0.2666038511286347,3.627969264984131,0.5587141299720979,0.1025,1.3225,7.0,0.1275,3.0,400.0,0.3912091074727928,2.6376324409781424,0.5793036033369832,0.7797169875958063,0.9999996447302713,0.32277342993454533,0.2638683847362269,3.627969264984131,0.5320855479729394,0.10546875,1.31640625,7.0,0.126953125,3.0,512.0,0.3667447264124855,2.6376324409781424,0.543457547121701,0.7862103420293871,0.9999999874699645,0.3169247548542057,0.24543852510995928,3.627969264984131,0.49523759597303785,0.1015625,1.2822265625,7.0,0.115234375,3.0,1024.0,0.3268412730775174,2.6376324409781424,0.5214526786642278,0.8109582248094297,0.9999999874699645,0.3041827069550837,0.22419411664976252,4.888038158416748,0.494712706063842,0.09033203125,1.24755859375,7.0,0.1015625,3.0,2048.0,0.3663861430319374,2.6376324409781424,0.5465833997917426,0.7917989877163008,0.9999999874699645,0.31326907642714696,0.25215908471926585,4.888038158416748,0.5273260139410415,0.09836065573770492,1.2771982116244411,7.0,0.11102831594634874,3.0,1342.0,0.16741267358815062,1.4359612841782872,0.3452283228623551,0.8802168435358554,0.9999994794081558,0.2661334438573749,0.10537602745951036,1.8007123470306396,0.2710272879092914,0.0703125,1.1171875,2.0,0.0703125,1.0,128.0,0.2687735117556726,2.6376324409781424,0.4956441495186056,0.8409135374187251,0.9999996447302713,0.28616995749634355,0.17125611082315262,2.8056159019470215,0.41886400879998936,0.0703125,1.2265625,7.0,0.0859375,3.0,256.0,0.3824855051953194,2.6376324409781424,0.5893394987299798,0.7867502015949414,0.9999996447302713,0.32391159560729393,0.2666038511286347,3.627969264984131,0.5587141299720979,0.1025,1.3225,7.0,0.1275,3.0,400.0,0.3912091074727928,2.6376324409781424,0.5793036033369832,0.7797169875958063,0.9999996447302713,0.32277342993454533,0.2638683847362269,3.627969264984131,0.5320855479729394,0.10546875,1.31640625,7.0,0.126953125,3.0,512.0,0.3667447264124855,2.6376324409781424,0.543457547121701,0.7862103420293871,0.9999999874699645,0.3169247548542057,0.24543852510995928,3.627969264984131,0.49523759597303785,0.1015625,1.2822265625,7.0,0.115234375,3.0,1024.0,0.3663861430319374,2.6376324409781424,0.5465833997917426,0.7917989877163008,0.9999999874699645,0.31326907642714696,0.25215908471926585,4.888038158416748,0.5273260139410415,0.09836065573770492,1.2771982116244411,7.0,0.11102831594634874,3.0,1342.0
49,"An administrator must assign parking spaces to six new employees: Robertson, Souza, Togowa, Vaughn, Xu, and Young. Each of the six employees must be assigned one of the following parking spaces: #1, #2, #3, #4, #5, or #6. No two employees can be assigned the same parking space. The following rules govern the assignment of parking spaces: Young must be assigned a higher-numbered parking space than Togowa. Xu must be assigned a higher-numbered parking space than Souza. Robertson must be assigned a higher-numbered parking space than Young. Robertson must be assigned parking space #1, #2, #3, or #4.Q: The assignment of parking spaces to each of the new employees is fully and uniquely determined if which one of the following is true? Answer Choices: (A)Souza is assigned parking space #1. (B)Young is assigned parking space #2. (C)Vaughn is assigned parking space #3. (D)Robertson is assigned parking space #4. (E)Xu is assigned parking space #5.","An administrator must assign parking spaces to six new employees: Robertson, Souza, Togowa, Vaughn, Xu, and Young. Each of the six employees must be assigned one of the following parking spaces: #1, #2, #3, #4, #5, or #6. No two employees can be assigned the same parking space. The following rules govern the assignment of parking spaces: Young must be assigned a higher-numbered parking space than Togowa. Xu must be assigned a higher-numbered parking space than Souza. Robertson must be assigned a higher-numbered parking space than Young. Robertson must be assigned parking space #1, #2, #3, or #4.Q: The assignment of parking spaces to each of the new employees is fully and uniquely determined if which one of the following is true? Answer Choices: (A)Souza is assigned parking space #1. (B)Young is assigned parking space #2. (C)Vaughn is assigned parking space #3. (D)Robertson is assigned parking space #4. (E)Xu is assigned parking space #5.",,C,Vaughn is assigned parking space #3.,2,C,final_answer,1,"

The problem asks which condition uniquely determines the parking space assignment for the six employees: Robertson (R), Souza (S), Togowa (T), Vaughn (V), Xu (X), and Young (Y).

**Constraints:**
1.  Spaces: 1, 2, 3, 4, 5, 6 (each used once).
2.  $Y > T$
3.  $X > S$
4.  $R > Y$
5.  $R \in \{1, 2, 3, 4\}$

**Analyzing the Constraints:**
From constraints 2 and 4, we have a chain: $R > Y > T$.
Since $R$ must be at least 3 to accommodate $Y$ and $T$ below it, and $R$ cannot be 1 or 2.
So, $R \in \{3, 4\}$.
Also, $T \in \{1, 2\}$ and $Y \in \{2, 3\}$.

**Evaluating the Answer Choices:**

*   **(A) Souza is assigned parking space #1.**
    *   $S = 1$.
    *   Since $R > Y > T$, $R$ cannot be 1 or 2.
    *   If $R = 3$, then $Y = 2$ and $T = 1$. But $S = 1$, so this is impossible.
    *   Thus, $R$ must be 4.
    *   If $R = 4$, $Y$ can be 3 or 2.
        *   If $Y = 2$, then $T = 1$. Conflict with $S=1$.
        *   So $Y$ must be 3.
    *   If $Y = 3$, then $T$ can be 1 or 2.
        *   If $T = 1$, conflict with $S=1$.
        *   So $T = 2$.
    *   Current assignment: $S=1, T=2, Y=3, R=4$.
    *   Remaining spaces: 5, 6. Remaining employees: $V, X$.
    *   Constraint $X > S$ becomes $X > 1$. Both 5 and 6 satisfy this.
    *   $X$ could be 5 (V=6) or 6 (V=5).
    *   The assignment is **not unique**.

*   **(B) Young is assigned parking space #2.**
    *   $Y = 2$.
    *   $R > Y \implies R > 2$. $R \in \{3, 4\}$.
    *   $Y > T \implies 2 > T \implies T = 1$.
    *   Remaining spaces depend on $R$.
    *   If $R = 3$, remaining spaces for $S, X, V$ are $\{4, 5, 6\}$. $X > S$.
        *   Possible: $(S=4, X=5, V=6)$, $(S=4, X=6, V=5)$, $(S=5, X=6, V=4)$.
    *   The assignment is **not unique**.

*   **(C) Vaughn is assigned parking space #3.**
    *   $V = 3$.
    *   $R > Y > T$. $R \in \{3, 4\}$. Since $V=3$, $R \neq 3$. So $R = 4$.
    *   $Y < R \implies Y < 4$. $Y \in \{1, 2\}$. (3 is taken by V).
    *   $Y > T \implies T < Y$. If $Y=1$, $T$ cannot exist. So $Y = 2$.
    *   $T < 2 \implies T = 1$.
    *   Current assignment: $T=1, Y=2, V=3, R=4$.
    *   Remaining spaces: 5, 6. Remaining employees: $S, X$.
    *   Constraint $X > S$.
    *   Only one way to assign 5 and 6 such that $X > S$: $S = 5, X = 6$.
    *   This results in a **unique** assignment: $T=1, Y=2, V=3, R=4, S=5, X=6$.

*   **(D) Robertson is assigned parking space #4.**
    *   $R = 4$.
    *   $Y \in \{2, 3\}$.
    *   If $Y = 3$, $T \in \{1, 2\}$.
        *   If $T=1$, remaining spaces $\{2, 5, 6\}$ for $S, V, X$. $X > S$.
        *   Multiple possibilities exist (e.g., $S=2, X=5, V=6$ vs $S=2, X=6, V=5$).
    *   The assignment is **not unique**.

*   **(E) Xu is assigned parking space #5.**
    *   $X = 5$.
    *   $S < X \implies S < 5$.
    *   Multiple scenarios for $R, Y, T$ work (e.g., $R=4, Y=3, T=2$ vs $R=4, Y=3, T=1$).
    *   The assignment is **not unique**.

Conclusion: Only condition (C) leads to a single, fully determined assignment.

Final Answer: C",,"

The problem asks which condition uniquely determines the parking space assignment for the six employees: Robertson (R), Souza (S), Togowa (T), Vaughn (V), Xu (X), and Young (Y).

**Constraints:**
1.  Spaces: 1, 2, 3, 4, 5, 6 (each used once).
2.  $Y > T$
3.  $X > S$
4.  $R > Y$
5.  $R \in \{1, 2, 3, 4\}$

**Analyzing the Constraints:**
From constraints 2 and 4, we have a chain: $R > Y > T$.
Since $R$ must be at least 3 to accommodate $Y$ and $T$ below it, and $R$ cannot be 1 or 2.
So, $R \in \{3, 4\}$.
Also, $T \in \{1, 2\}$ and $Y \in \{2, 3\}$.

**Evaluating the Answer Choices:**

*   **(A) Souza is assigned parking space #1.**
    *   $S = 1$.
    *   Since $R > Y > T$, $R$ cannot be 1 or 2.
    *   If $R = 3$, then $Y = 2$ and $T = 1$. But $S = 1$, so this is impossible.
    *   Thus, $R$ must be 4.
    *   If $R = 4$, $Y$ can be 3 or 2.
        *   If $Y = 2$, then $T = 1$. Conflict with $S=1$.
        *   So $Y$ must be 3.
    *   If $Y = 3$, then $T$ can be 1 or 2.
        *   If $T = 1$, conflict with $S=1$.
        *   So $T = 2$.
    *   Current assignment: $S=1, T=2, Y=3, R=4$.
    *   Remaining spaces: 5, 6. Remaining employees: $V, X$.
    *   Constraint $X > S$ becomes $X > 1$. Both 5 and 6 satisfy this.
    *   $X$ could be 5 (V=6) or 6 (V=5).
    *   The assignment is **not unique**.

*   **(B) Young is assigned parking space #2.**
    *   $Y = 2$.
    *   $R > Y \implies R > 2$. $R \in \{3, 4\}$.
    *   $Y > T \implies 2 > T \implies T = 1$.
    *   Remaining spaces depend on $R$.
    *   If $R = 3$, remaining spaces for $S, X, V$ are $\{4, 5, 6\}$. $X > S$.
        *   Possible: $(S=4, X=5, V=6)$, $(S=4, X=6, V=5)$, $(S=5, X=6, V=4)$.
    *   The assignment is **not unique**.

*   **(C) Vaughn is assigned parking space #3.**
    *   $V = 3$.
    *   $R > Y > T$. $R \in \{3, 4\}$. Since $V=3$, $R \neq 3$. So $R = 4$.
    *   $Y < R \implies Y < 4$. $Y \in \{1, 2\}$. (3 is taken by V).
    *   $Y > T \implies T < Y$. If $Y=1$, $T$ cannot exist. So",6960,0,6960,1180,0,stop,0,88.077152967453,0.2546767094549562,3.3725244399517282,0.4707992658887097,0.8504664623436601,0.9999999997677743,0.2795170586116746,0.17373977498366092,4.968599319458008,0.43472095996785753,0.07140804597701149,1.1987068965517242,10.0,0.08850574712643679,7.0,6960.0,0.25397849985791177,2.0052842452150186,0.45425443854755243,0.8521727132976313,0.9999998001237828,0.26839527745496866,0.16511385662221606,2.102640390396118,0.39289337974640737,0.0546875,1.1640625,4.0,0.078125,3.0,128.0,0.3198158445860872,2.667723980736502,0.5186174594816466,0.8281396099965871,0.9999998001237828,0.28351082730550925,0.219001593204154,3.1751182079315186,0.5038965001349666,0.06640625,1.23828125,6.0,0.0859375,3.0,256.0,0.33711679045097237,2.667723980736502,0.5255964808377529,0.817571248533126,0.9999998001237828,0.28937022720481437,0.22005495815046544,3.1751182079315186,0.4798360977770249,0.0725,1.25,6.0,0.0875,3.0,400.0,0.306104685204961,2.667723980736502,0.4949182575025852,0.8273364220393895,0.9999998730958294,0.28626954636537516,0.19989614277950163,3.1751182079315186,0.4495759780607179,0.07421875,1.220703125,6.0,0.087890625,3.0,512.0,0.35868109857212727,2.707958589408952,0.5531636964017744,0.7980136637659859,0.999999960686718,0.3141546535755115,0.2485483154948691,4.926949977874756,0.5327194226898341,0.103515625,1.294921875,7.0,0.1337890625,7.0,1024.0,0.31783230409417335,3.3725244399517282,0.5242724250202161,0.8207539445321034,0.999999960686718,0.29932033599320795,0.2197176473327622,4.926949977874756,0.49605376908365534,0.08642578125,1.251953125,10.0,0.11083984375,7.0,2048.0,0.3496294329332761,2.707958589408952,0.5456045203985099,0.8042248185633742,0.999999960686718,0.3085210982209861,0.24176474986228183,4.926949977874756,0.5262056147418182,0.09830508474576272,1.2796610169491525,7.0,0.1271186440677966,7.0,1180.0,0.25397849985791177,2.0052842452150186,0.45425443854755243,0.8521727132976313,0.9999998001237828,0.26839527745496866,0.16511385662221606,2.102640390396118,0.39289337974640737,0.0546875,1.1640625,4.0,0.078125,3.0,128.0,0.3198158445860872,2.667723980736502,0.5186174594816466,0.8281396099965871,0.9999998001237828,0.28351082730550925,0.219001593204154,3.1751182079315186,0.5038965001349666,0.06640625,1.23828125,6.0,0.0859375,3.0,256.0,0.33711679045097237,2.667723980736502,0.5255964808377529,0.817571248533126,0.9999998001237828,0.28937022720481437,0.22005495815046544,3.1751182079315186,0.4798360977770249,0.0725,1.25,6.0,0.0875,3.0,400.0,0.306104685204961,2.667723980736502,0.4949182575025852,0.8273364220393895,0.9999998730958294,0.28626954636537516,0.19989614277950163,3.1751182079315186,0.4495759780607179,0.07421875,1.220703125,6.0,0.087890625,3.0,512.0,0.35868109857212727,2.707958589408952,0.5531636964017744,0.7980136637659859,0.999999960686718,0.3141546535755115,0.2485483154948691,4.926949977874756,0.5327194226898341,0.103515625,1.294921875,7.0,0.1337890625,7.0,1024.0,0.3496294329332761,2.707958589408952,0.5456045203985099,0.8042248185633742,0.999999960686718,0.3085210982209861,0.24176474986228183,4.926949977874756,0.5262056147418182,0.09830508474576272,1.2796610169491525,7.0,0.1271186440677966,7.0,1180.0
50,"An administrator must assign parking spaces to six new employees: Robertson, Souza, Togowa, Vaughn, Xu, and Young. Each of the six employees must be assigned one of the following parking spaces: #1, #2, #3, #4, #5, or #6. No two employees can be assigned the same parking space. The following rules govern the assignment of parking spaces: Young must be assigned a higher-numbered parking space than Togowa. Xu must be assigned a higher-numbered parking space than Souza. Robertson must be assigned a higher-numbered parking space than Young. Robertson must be assigned parking space #1, #2, #3, or #4.Q: For how many of the six new employees is the assignment of a parking space limited to one of only two possible spaces? Answer Choices: (A)none (B)two (C)three (D)four (E)five","An administrator must assign parking spaces to six new employees: Robertson, Souza, Togowa, Vaughn, Xu, and Young. Each of the six employees must be assigned one of the following parking spaces: #1, #2, #3, #4, #5, or #6. No two employees can be assigned the same parking space. The following rules govern the assignment of parking spaces: Young must be assigned a higher-numbered parking space than Togowa. Xu must be assigned a higher-numbered parking space than Souza. Robertson must be assigned a higher-numbered parking space than Young. Robertson must be assigned parking space #1, #2, #3, or #4.Q: For how many of the six new employees is the assignment of a parking space limited to one of only two possible spaces? Answer Choices: (A)none (B)two (C)three (D)four (E)five",,D,four,3,,none,0,,,,8012,0,8012,0,1,length,0,103.82271647453308,0.2252267962447765,2.9681366446327964,0.45623220145934457,0.8728903248736349,0.9999999990370358,0.2604902463740927,0.144273328688057,4.875669479370117,0.39071788999032314,0.05678981527708438,1.172990514228657,8.0,0.06764852720918622,4.0,8012.0,0.24065592681507622,1.8161790123198047,0.37850399855548267,0.8354188614637368,0.9999998233686154,0.28396089355068743,0.1375264200591778,1.3439099788665771,0.275009400336891,0.0703125,1.1484375,3.0,0.0703125,1.0,128.0,0.2523433351493826,2.209518755501414,0.44542014996497836,0.8422608464522316,0.9999998233686154,0.288852387069703,0.15501984535808472,2.0893170833587646,0.3473442037203659,0.078125,1.1875,4.0,0.08203125,2.0,256.0,0.34165425349777306,2.209518755501414,0.49476226867052436,0.7946813414338694,0.9999998233686154,0.31233571836233104,0.23533470387529476,2.817413806915283,0.4567719608711878,0.0925,1.2475,4.0,0.1,2.0,400.0,0.328755601048592,2.217783904162544,0.48555171658018315,0.7995557672705905,0.9999999689548726,0.31126622548639776,0.22422278764287545,2.817413806915283,0.4473481539848903,0.095703125,1.236328125,4.0,0.10546875,2.0,512.0,0.3296530817493204,2.717610337550101,0.5111232876014827,0.8091350566252117,0.9999999689548726,0.30180451000643,0.22090960355658773,3.5564463138580322,0.4641019474877476,0.0908203125,1.244140625,7.0,0.107421875,4.0,1024.0,0.2612615871471214,2.717610337550101,0.4828524774762372,0.8509037672318264,0.9999999781993412,0.2797353206633801,0.17320891590816506,3.5564463138580322,0.4279296802975753,0.07080078125,1.19921875,7.0,0.08447265625,4.0,2048.0,,,,,,,,,,,,,,,,,,,,,,,,,,,,,,,,,,,,,,,,,,,,,,,,,,,,,,,,,,,,,,,,,,,,,,,,,,,,,,,,,,,,,,,,,,,,,,,,,,,,,,,,,
51,"An administrator must assign parking spaces to six new employees: Robertson, Souza, Togowa, Vaughn, Xu, and Young. Each of the six employees must be assigned one of the following parking spaces: #1, #2, #3, #4, #5, or #6. No two employees can be assigned the same parking space. The following rules govern the assignment of parking spaces: Young must be assigned a higher-numbered parking space than Togowa. Xu must be assigned a higher-numbered parking space than Souza. Robertson must be assigned a higher-numbered parking space than Young. Robertson must be assigned parking space #1, #2, #3, or #4.Q: If Young is assigned a higher-numbered parking space than Souza, then which one of the following could be true? Answer Choices: (A)Togowa is assigned parking space #1. (B)Young is assigned parking space #2. (C)Robertson is assigned parking space #3. (D)Souza is assigned parking space #3. (E)Vaughn is assigned parking space #4.","An administrator must assign parking spaces to six new employees: Robertson, Souza, Togowa, Vaughn, Xu, and Young. Each of the six employees must be assigned one of the following parking spaces: #1, #2, #3, #4, #5, or #6. No two employees can be assigned the same parking space. The following rules govern the assignment of parking spaces: Young must be assigned a higher-numbered parking space than Togowa. Xu must be assigned a higher-numbered parking space than Souza. Robertson must be assigned a higher-numbered parking space than Young. Robertson must be assigned parking space #1, #2, #3, or #4.Q: If Young is assigned a higher-numbered parking space than Souza, then which one of the following could be true? Answer Choices: (A)Togowa is assigned parking space #1. (B)Young is assigned parking space #2. (C)Robertson is assigned parking space #3. (D)Souza is assigned parking space #3. (E)Vaughn is assigned parking space #4.",,A,Togowa is assigned parking space #1.,0,A,final_answer,1,"

To determine the correct answer, we must analyze the constraints and the additional condition provided in the question.

**1. Analyze the Rules:**
*   **Rule 1:** Young > Togowa ($Y > T$)
*   **Rule 2:** Xu > Souza ($X > S$)
*   **Rule 3:** Robertson > Young ($R > Y$)
*   **Rule 4:** Robertson $\in \{1, 2, 3, 4\}$
*   **Question Condition:** Young > Souza ($Y > S$)

**2. Combine the Constraints:**
From Rule 3 and the Question Condition, we have:
*   $R > Y$
*   $Y > S$
*   $Y > T$

Combining these inequalities, Young ($Y$) must be assigned a number higher than both Togowa ($T$) and Souza ($S$). Since $T$ and $S$ are distinct employees, they must occupy distinct parking spaces. Therefore, there must be at least two distinct parking spaces with numbers lower than $Y$. This implies that $Y$ must be at least 3 (since spaces are numbered 1 through 6).

So, $Y \ge 3$.

From Rule 3 ($R > Y$) and Rule 4 ($R \le 4$):
*   Since $Y \ge 3$, $R$ must be at least 4 (because $R > Y$).
*   Since $R \le 4$, $R$ cannot be greater than 4.
*   Therefore, **Robertson must be assigned parking space #4**.

Combining $R=4$ and $R > Y$:
*   $4 > Y$
*   Since we established $Y \ge 3$, the only integer value for $Y$ is 3.
*   Therefore, **Young must be assigned parking space #3**.

Now we know the fixed assignments derived from the question's condition:
*   **Robertson = #4**
*   **Young = #3**
*   **Togowa < 3** and **Souza < 3**. Since they must be distinct and less than 3, they must occupy spaces #1 and #2.
*   **Xu > Souza**. Since Souza is either #1 or #2, Xu must be assigned #5 or #6 (since #1, #2, #3, #4 are occupied by T/S, Y, R).
*   **Vaughn** takes the remaining space (#5 or #6).

**3. Evaluate the Answer Choices:**

*   **(A) Togowa is assigned parking space #1.**
    *   We established that Togowa and Souza occupy spaces #1 and #2.
    *   It is possible for Togowa to be #1 and Souza to be #2.
    *   If $T=1, S=2$, then $Y=3$ (since $Y>S$), $R=4$ (since $R>Y$). $X$ can be 5 or 6. $V$ takes the remaining spot. This scenario is valid.
    *   **This could be true.**

*   **(B) Young is assigned parking space #2.**
    *   We derived that Young must be assigned #3.
    *   **This is impossible.**

*   **(C) Robertson is assigned parking space #3.**
    *   We derived that Robertson must be assigned #4.
    *   **This is impossible.**

*   **(D) Souza is assigned parking space #3.**
    *   We derived that Souza must be assigned #1 or #2.
    *   **This is impossible.**

*   **(E) Vaughn is assigned parking space #4.**
    *   We derived that Robertson is assigned #4.
    *   **This is impossible.**

Since (A) is the only option consistent with the rules and the condition, it is the correct answer.

Final Answer: A",,"

To determine the correct answer, we must analyze the constraints and the additional condition provided in the question.

**1. Analyze the Rules:**
*   **Rule 1:** Young > Togowa ($Y > T$)
*   **Rule 2:** Xu > Souza ($X > S$)
*   **Rule 3:** Robertson > Young ($R > Y$)
*   **Rule 4:** Robertson $\in \{1, 2, 3, 4\}$
*   **Question Condition:** Young > Souza ($Y > S$)

**2. Combine the Constraints:**
From Rule 3 and the Question Condition, we have:
*   $R > Y$
*   $Y > S$
*   $Y > T$

Combining these inequalities, Young ($Y$) must be assigned a number higher than both Togowa ($T$) and Souza ($S$). Since $T$ and $S$ are distinct employees, they must occupy distinct parking spaces. Therefore, there must be at least two distinct parking spaces with numbers lower than $Y$. This implies that $Y$ must be at least 3 (since spaces are numbered 1 through 6).

So, $Y \ge 3$.

From Rule 3 ($R > Y$) and Rule 4 ($R \le 4$):
*   Since $Y \ge 3$, $R$ must be at least 4 (because $R > Y$).
*   Since $R \le 4$, $R$ cannot be greater than 4.
*   Therefore, **Robertson must be assigned parking space #4**.

Combining $R=4$ and $R > Y$:
*   $4 > Y$
*   Since we established $Y \ge 3$, the only integer value for $Y$ is 3.
*   Therefore, **Young must be assigned parking space #3**.

Now we know the fixed assignments derived from the question's condition:
*   **Robertson = #4**
*   **Young = #3**
*   **Togowa < 3** and **Souza < 3**. Since they must be distinct and less than 3, they must occupy spaces #1 and #2.
*   **Xu > Souza**. Since Souza is either #1 or #2, Xu must be assigned #5 or #6 (since #1, #2, #3, #4 are occupied by T/S, Y, R).
*   **Vaughn** takes the remaining space (#5 or #6).

**3. Evaluate the Answer Choices:**

*   **(A) Togowa is assigned parking space #1.**
    *   We established that Togowa and Souza occupy spaces #1 and #2.
    *   It is possible for Togowa to be #1 and Souza to be #2.
    *   If $T=1, S=2$, then $Y=3$ (since $Y>S$), $R=4$ (since $R>Y$). $X$ can be 5 or",6376,0,6376,1154,0,stop,0,82.30141115188599,0.2940167038096213,3.4643196539676295,0.4774066060266051,0.8249304653967806,0.9999999985485298,0.2887776404383521,0.19012545002096554,6.837748050689697,0.4262032278020705,0.07559598494353827,1.2125156838143036,13.0,0.08296737766624843,3.0,6376.0,0.18516012505834745,1.5293800756774185,0.36049333441447784,0.8845953752064849,0.9999995579273349,0.24583903876371374,0.13281001216768717,2.3342041969299316,0.373751120783414,0.046875,1.1015625,3.0,0.046875,1.0,128.0,0.22785936939145726,2.499448294654369,0.44859651762019437,0.8712395758166875,0.9999995579273349,0.2544420913891991,0.15665101211837762,3.222947120666504,0.430156450048572,0.046875,1.16015625,6.0,0.05078125,2.0,256.0,0.271654290494206,2.499448294654369,0.46543092220912763,0.8382220160170472,0.9999997187072465,0.2823987695218667,0.18576986680150165,3.222947120666504,0.4364619931194618,0.0725,1.195,6.0,0.0825,2.0,400.0,0.3546447439742977,3.4643196539676295,0.5424034061982259,0.797131676431472,0.9999997187072465,0.3076006035416719,0.23460167384963931,3.222947120666504,0.48011529900971794,0.091796875,1.28125,13.0,0.103515625,3.0,512.0,0.3553612542785158,3.4643196539676295,0.520021957510631,0.7867829195862812,0.999999952756736,0.3119401026194628,0.2395259432278687,3.7531232833862305,0.46776849169030577,0.099609375,1.26953125,13.0,0.1123046875,3.0,1024.0,0.31936410696687206,3.4643196539676295,0.4933662959951429,0.8102175107545042,0.9999999985485298,0.2977696819166763,0.20191424274322545,3.7531232833862305,0.4207914975931536,0.08203125,1.23291015625,13.0,0.09130859375,3.0,2048.0,0.33882523725176483,3.4643196539676295,0.5106620536470301,0.7949868089333226,0.999999952756736,0.309506466557678,0.22578076268241332,3.7531232833862305,0.45225122784133137,0.09618717504332755,1.25736568457539,13.0,0.10745233968804159,3.0,1154.0,0.18516012505834745,1.5293800756774185,0.36049333441447784,0.8845953752064849,0.9999995579273349,0.24583903876371374,0.13281001216768717,2.3342041969299316,0.373751120783414,0.046875,1.1015625,3.0,0.046875,1.0,128.0,0.22785936939145726,2.499448294654369,0.44859651762019437,0.8712395758166875,0.9999995579273349,0.2544420913891991,0.15665101211837762,3.222947120666504,0.430156450048572,0.046875,1.16015625,6.0,0.05078125,2.0,256.0,0.271654290494206,2.499448294654369,0.46543092220912763,0.8382220160170472,0.9999997187072465,0.2823987695218667,0.18576986680150165,3.222947120666504,0.4364619931194618,0.0725,1.195,6.0,0.0825,2.0,400.0,0.3546447439742977,3.4643196539676295,0.5424034061982259,0.797131676431472,0.9999997187072465,0.3076006035416719,0.23460167384963931,3.222947120666504,0.48011529900971794,0.091796875,1.28125,13.0,0.103515625,3.0,512.0,0.3553612542785158,3.4643196539676295,0.520021957510631,0.7867829195862812,0.999999952756736,0.3119401026194628,0.2395259432278687,3.7531232833862305,0.46776849169030577,0.099609375,1.26953125,13.0,0.1123046875,3.0,1024.0,0.33882523725176483,3.4643196539676295,0.5106620536470301,0.7949868089333226,0.999999952756736,0.309506466557678,0.22578076268241332,3.7531232833862305,0.45225122784133137,0.09618717504332755,1.25736568457539,13.0,0.10745233968804159,3.0,1154.0
52,"An administrator must assign parking spaces to six new employees: Robertson, Souza, Togowa, Vaughn, Xu, and Young. Each of the six employees must be assigned one of the following parking spaces: #1, #2, #3, #4, #5, or #6. No two employees can be assigned the same parking space. The following rules govern the assignment of parking spaces: Young must be assigned a higher-numbered parking space than Togowa. Xu must be assigned a higher-numbered parking space than Souza. Robertson must be assigned a higher-numbered parking space than Young. Robertson must be assigned parking space #1, #2, #3, or #4.Q: If Robertson is assigned parking space #3, then which one of the following must be true? Answer Choices: (A)Souza is assigned parking space #4. (B)Togowa is assigned parking space #2. (C)Vaughn is assigned parking space #5. (D)Xu is assigned parking space #6. (E)Young is assigned parking space #2.","An administrator must assign parking spaces to six new employees: Robertson, Souza, Togowa, Vaughn, Xu, and Young. Each of the six employees must be assigned one of the following parking spaces: #1, #2, #3, #4, #5, or #6. No two employees can be assigned the same parking space. The following rules govern the assignment of parking spaces: Young must be assigned a higher-numbered parking space than Togowa. Xu must be assigned a higher-numbered parking space than Souza. Robertson must be assigned a higher-numbered parking space than Young. Robertson must be assigned parking space #1, #2, #3, or #4.Q: If Robertson is assigned parking space #3, then which one of the following must be true? Answer Choices: (A)Souza is assigned parking space #4. (B)Togowa is assigned parking space #2. (C)Vaughn is assigned parking space #5. (D)Xu is assigned parking space #6. (E)Young is assigned parking space #2.",,E,Young is assigned parking space #2.,4,E,final_answer,1,"

To solve this logic puzzle, we must analyze the given rules and the specific condition provided.

**1. Identify the Rules:**
*   **Rule 1:** Young ($Y$) > Togowa ($T$) in terms of parking space number.
*   **Rule 2:** Xu ($X$) > Souza ($S$) in terms of parking space number.
*   **Rule 3:** Robertson ($R$) > Young ($Y$) in terms of parking space number.
*   **Rule 4:** Robertson ($R$) is assigned parking space #1, #2, #3, or #4.
*   **Constraint:** All six employees (R, S, T, V, X, Y) are assigned distinct parking spaces from #1 to #6.

**2. Analyze the Condition:**
*   We are told: **Robertson is assigned parking space #3.** ($R = 3$)

**3. Deduce the Assignments:**
*   From **Rule 3** ($R > Y$) and the condition ($R = 3$), we know that Young must be assigned a space lower than 3.
    *   Possible values for $Y$: #1 or #2.
*   From **Rule 1** ($Y > T$), Togowa must be assigned a space lower than Young.
    *   *Scenario A:* If Young is assigned #1, then Togowa must be assigned a space lower than #1. Since the lowest parking space is #1, this is impossible.
    *   *Scenario B:* Therefore, Young must be assigned **#2**.
    *   If Young is assigned #2, then Togowa must be assigned a space lower than #2. The only available space lower than #2 is #1.
    *   So, Togowa is assigned **#1**.

**4. Verify the Current Assignments:**
*   Togowa ($T$) = #1
*   Young ($Y$) = #2
*   Robertson ($R$) = #3
*   Remaining Employees: Souza ($S$), Vaughn ($V$), Xu ($X$).
*   Remaining Spaces: #4, #5, #6.
*   Remaining Rule: **Rule 2** ($X > S$).

**5. Evaluate the Answer Choices:**
We need to find which statement *must* be true given the deductions above.

*   **(A) Souza is assigned parking space #4.**
    *   We have spaces #4, #5, #6 for Souza, Vaughn, and Xu.
    *   We need $X > S$. One possibility is $S=5, X=6, V=4$. In this case, Souza is #5. So, this is not necessarily true.
*   **(B) Togowa is assigned parking space #2.**
    *   We deduced that Togowa is assigned #1. So, this is false.
*   **(C) Vaughn is assigned parking space #5.**
    *   Vaughn has no specific ordering constraint relative to Souza or Xu. Vaughn could be assigned #4 (if $S=5, X=6$) or #6 (if $S=4, X=5$). So, this is not necessarily true.
*   **(D) Xu is assigned parking space #6.**
    *   Xu must be higher than Souza. One possibility is $S=4, X=5, V=6$. In this case, Xu is #5. So, this is not necessarily true.
*   **(E) Young is assigned parking space #2.**
    *   Based on our deduction in Step 3, Young *must* be assigned #2 because Robertson is #3 (so $Y < 3$) and Togowa must be lower than Young (so $Y \neq 1$). This statement must be true.

Final Answer: E",,"

To solve this logic puzzle, we must analyze the given rules and the specific condition provided.

**1. Identify the Rules:**
*   **Rule 1:** Young ($Y$) > Togowa ($T$) in terms of parking space number.
*   **Rule 2:** Xu ($X$) > Souza ($S$) in terms of parking space number.
*   **Rule 3:** Robertson ($R$) > Young ($Y$) in terms of parking space number.
*   **Rule 4:** Robertson ($R$) is assigned parking space #1, #2, #3, or #4.
*   **Constraint:** All six employees (R, S, T, V, X, Y) are assigned distinct parking spaces from #1 to #6.

**2. Analyze the Condition:**
*   We are told: **Robertson is assigned parking space #3.** ($R = 3$)

**3. Deduce the Assignments:**
*   From **Rule 3** ($R > Y$) and the condition ($R = 3$), we know that Young must be assigned a space lower than 3.
    *   Possible values for $Y$: #1 or #2.
*   From **Rule 1** ($Y > T$), Togowa must be assigned a space lower than Young.
    *   *Scenario A:* If Young is assigned #1, then Togowa must be assigned a space lower than #1. Since the lowest parking space is #1, this is impossible.
    *   *Scenario B:* Therefore, Young must be assigned **#2**.
    *   If Young is assigned #2, then Togowa must be assigned a space lower than #2. The only available space lower than #2 is #1.
    *   So, Togowa is assigned **#1**.

**4. Verify the Current Assignments:**
*   Togowa ($T$) = #1
*   Young ($Y$) = #2
*   Robertson ($R$) = #3
*   Remaining Employees: Souza ($S$), Vaughn ($V$), Xu ($X$).
*   Remaining Spaces: #4, #5, #6.
*   Remaining Rule: **Rule 2** ($X > S$).

**5. Evaluate the Answer Choices:**
We need to find which statement *must* be true given the deductions above.

*   **(A) Souza is assigned parking space #4.**
    *   We have spaces #4, #5, #6 for Souza, Vaughn, and Xu.
    *   We need $X > S$. One possibility is $S=5, X=6, V=4$. In this case, Souza is #5. So, this is not necessarily true.
*   **(B) Togowa is assigned parking space #2.**
    *   We deduced that Togowa is assigned #1. So, t",5046,0,5046,1115,0,stop,0,60.058233976364136,0.26032375217249965,3.0854173433435648,0.4759297599558971,0.8464020084186227,0.9999999906045587,0.28153297337187155,0.16525031646169303,3.9343960285186768,0.39659964880049836,0.07352358303606818,1.1983749504558066,9.0,0.08759413396749902,4.0,5046.0,0.2230945929907109,2.0357100118495524,0.4130329097955877,0.8581257513273985,0.9999996918995935,0.2720484681312762,0.1432943503781796,3.1368305683135986,0.3809877502162413,0.078125,1.1484375,4.0,0.09375,2.0,128.0,0.21370936295289467,2.0357100118495524,0.3938400234832619,0.867301005933816,0.9999998862023267,0.25656226912129826,0.12955323452653,3.1368305683135986,0.342824454610851,0.0625,1.12890625,4.0,0.0703125,2.0,256.0,0.21633207754782227,2.0357100118495524,0.3825523606075632,0.8642069917578296,0.9999999038701456,0.2570727383028983,0.13532749197125712,3.731553792953491,0.36394835075212334,0.0675,1.1325,4.0,0.0725,2.0,400.0,0.23242531082100995,2.3881420264182904,0.4031601059778814,0.8535984992972575,0.9999999541616031,0.26861623490947106,0.14449523610133508,3.731553792953491,0.3650620940538231,0.072265625,1.1484375,4.0,0.078125,2.0,512.0,0.2677567466000376,2.580432901663799,0.4647786496724873,0.8375393750429692,0.9999999675933885,0.2860683388285503,0.17633559840173327,3.9343960285186768,0.4271636878501933,0.083984375,1.193359375,6.0,0.0966796875,2.0,1024.0,0.27105266611092493,2.8477390109015053,0.4783103973975661,0.8384486865688696,0.9999999856232329,0.28712587830959874,0.16973582788455738,3.9343960285186768,0.3989579536837373,0.0810546875,1.2001953125,7.0,0.09423828125,4.0,2048.0,0.2709908053501111,2.580432901663799,0.4708149743949254,0.8367068932678888,0.9999999780241544,0.2868158825217692,0.17692300845072223,3.9343960285186768,0.4240330944142357,0.08340807174887892,1.1955156950672645,6.0,0.09865470852017937,3.0,1115.0,0.2230945929907109,2.0357100118495524,0.4130329097955877,0.8581257513273985,0.9999996918995935,0.2720484681312762,0.1432943503781796,3.1368305683135986,0.3809877502162413,0.078125,1.1484375,4.0,0.09375,2.0,128.0,0.21370936295289467,2.0357100118495524,0.3938400234832619,0.867301005933816,0.9999998862023267,0.25656226912129826,0.12955323452653,3.1368305683135986,0.342824454610851,0.0625,1.12890625,4.0,0.0703125,2.0,256.0,0.21633207754782227,2.0357100118495524,0.3825523606075632,0.8642069917578296,0.9999999038701456,0.2570727383028983,0.13532749197125712,3.731553792953491,0.36394835075212334,0.0675,1.1325,4.0,0.0725,2.0,400.0,0.23242531082100995,2.3881420264182904,0.4031601059778814,0.8535984992972575,0.9999999541616031,0.26861623490947106,0.14449523610133508,3.731553792953491,0.3650620940538231,0.072265625,1.1484375,4.0,0.078125,2.0,512.0,0.2677567466000376,2.580432901663799,0.4647786496724873,0.8375393750429692,0.9999999675933885,0.2860683388285503,0.17633559840173327,3.9343960285186768,0.4271636878501933,0.083984375,1.193359375,6.0,0.0966796875,2.0,1024.0,0.2709908053501111,2.580432901663799,0.4708149743949254,0.8367068932678888,0.9999999780241544,0.2868158825217692,0.17692300845072223,3.9343960285186768,0.4240330944142357,0.08340807174887892,1.1955156950672645,6.0,0.09865470852017937,3.0,1115.0
53,"A government needs to assign new ambassadors to Venezuela, Yemen, and Zambia. The candidates for these ambassadorships are Jaramillo, Kayne, Landon, Novetzke, and Ong. One ambassador will be assigned to each country, and no ambassador will be assigned to more than one country. The assignment of the ambassadors must meet the following constraints: Either Kayne or Novetzke, but not both, is assigned to one of the ambassadorships. If Jaramillo is assigned to one of the ambassadorships, then so is Kayne. If Ong is assigned as ambassador to Venezuela, Kayne is not assigned as ambassador to Yemen. If Landon is assigned to an ambassadorship, it is to Zambia.Q: Which one of the following could be the assignment of the ambassadors? Answer Choices: (A)Venezuela: Jaramillo Yemen: Ong Zambia: Novetzke (B)Venezuela: Kayne Yemen: Jaramillo Zambia: Landon (C)Venezuela: Landon Yemen: Novetzke Zambia: Ong (D)Venezuela: Novetzke Yemen: Jaramillo Zambia: Kayne (E)Venezuela: Ong Yemen: Kayne Zambia: Landon","A government needs to assign new ambassadors to Venezuela, Yemen, and Zambia. The candidates for these ambassadorships are Jaramillo, Kayne, Landon, Novetzke, and Ong. One ambassador will be assigned to each country, and no ambassador will be assigned to more than one country. The assignment of the ambassadors must meet the following constraints: Either Kayne or Novetzke, but not both, is assigned to one of the ambassadorships. If Jaramillo is assigned to one of the ambassadorships, then so is Kayne. If Ong is assigned as ambassador to Venezuela, Kayne is not assigned as ambassador to Yemen. If Landon is assigned to an ambassadorship, it is to Zambia.Q: Which one of the following could be the assignment of the ambassadors? Answer Choices: (A)Venezuela: Jaramillo Yemen: Ong Zambia: Novetzke (B)Venezuela: Kayne Yemen: Jaramillo Zambia: Landon (C)Venezuela: Landon Yemen: Novetzke Zambia: Ong (D)Venezuela: Novetzke Yemen: Jaramillo Zambia: Kayne (E)Venezuela: Ong Yemen: Kayne Zambia: Landon",,B,Venezuela: Kayne Yemen: Jaramillo Zambia: Landon,1,B,final_answer,1,"

To determine the correct assignment of ambassadors, we need to test each answer choice against the given constraints.

**The Constraints:**
1.  **Exclusive OR:** Either Kayne (K) or Novetzke (N) is assigned, but not both.
2.  **Implication 1:** If Jaramillo (J) is assigned, then Kayne (K) is assigned ($J \rightarrow K$).
3.  **Implication 2:** If Ong (O) is assigned to Venezuela, then Kayne (K) is not assigned to Yemen ($O_{Venezuela} \rightarrow \neg K_{Yemen}$).
4.  **Implication 3:** If Landon (L) is assigned, it must be to Zambia ($L \rightarrow L_{Zambia}$).

**Evaluation of Answer Choices:**

*   **(A) Venezuela: Jaramillo, Yemen: Ong, Zambia: Novetzke**
    *   Candidates assigned: J, O, N.
    *   Constraint 1 Check: N is assigned, K is not. (Pass)
    *   Constraint 2 Check: J is assigned. K must be assigned. K is **not** assigned.
    *   **Result: Invalid.**

*   **(B) Venezuela: Kayne, Yemen: Jaramillo, Zambia: Landon**
    *   Candidates assigned: K, J, L.
    *   Constraint 1 Check: K is assigned, N is not. (Pass)
    *   Constraint 2 Check: J is assigned, K is assigned. (Pass)
    *   Constraint 3 Check: Ong is not assigned to Venezuela (Kayne is). The condition is not triggered. (Pass)
    *   Constraint 4 Check: L is assigned to Zambia. (Pass)
    *   **Result: Valid.**

*   **(C) Venezuela: Landon, Yemen: Novetzke, Zambia: Ong**
    *   Candidates assigned: L, N, O.
    *   Constraint 1 Check: N is assigned, K is not. (Pass)
    *   Constraint 2 Check: J is not assigned. (Pass)
    *   Constraint 3 Check: Ong is not in Venezuela (Landon is). (Pass)
    *   Constraint 4 Check: L is assigned, but to Venezuela, not Zambia.
    *   **Result: Invalid.**

*   **(D) Venezuela: Novetzke, Yemen: Jaramillo, Zambia: Kayne**
    *   Candidates assigned: N, J, K.
    *   Constraint 1 Check: Both K and N are assigned. The rule states ""not both"".
    *   **Result: Invalid.**

*   **(E) Venezuela: Ong, Yemen: Kayne, Zambia: Landon**
    *   Candidates assigned: O, K, L.
    *   Constraint 1 Check: K is assigned, N is not. (Pass)
    *   Constraint 2 Check: J is not assigned. (Pass)
    *   Constraint 3 Check: Ong is assigned to Venezuela. The rule states Kayne must *not* be assigned to Yemen. However, Kayne *is* assigned to Yemen.
    *   **Result: Invalid.**

Only option (B) satisfies all the conditions.

Final Answer: B",,"

To determine the correct assignment of ambassadors, we need to test each answer choice against the given constraints.

**The Constraints:**
1.  **Exclusive OR:** Either Kayne (K) or Novetzke (N) is assigned, but not both.
2.  **Implication 1:** If Jaramillo (J) is assigned, then Kayne (K) is assigned ($J \rightarrow K$).
3.  **Implication 2:** If Ong (O) is assigned to Venezuela, then Kayne (K) is not assigned to Yemen ($O_{Venezuela} \rightarrow \neg K_{Yemen}$).
4.  **Implication 3:** If Landon (L) is assigned, it must be to Zambia ($L \rightarrow L_{Zambia}$).

**Evaluation of Answer Choices:**

*   **(A) Venezuela: Jaramillo, Yemen: Ong, Zambia: Novetzke**
    *   Candidates assigned: J, O, N.
    *   Constraint 1 Check: N is assigned, K is not. (Pass)
    *   Constraint 2 Check: J is assigned. K must be assigned. K is **not** assigned.
    *   **Result: Invalid.**

*   **(B) Venezuela: Kayne, Yemen: Jaramillo, Zambia: Landon**
    *   Candidates assigned: K, J, L.
    *   Constraint 1 Check: K is assigned, N is not. (Pass)
    *   Constraint 2 Check: J is assigned, K is assigned. (Pass)
    *   Constraint 3 Check: Ong is not assigned to Venezuela (Kayne is). The condition is not triggered. (Pass)
    *   Constraint 4 Check: L is assigned to Zambia. (Pass)
    *   **Result: Valid.**

*   **(C) Venezuela: Landon, Yemen: Novetzke, Zambia: Ong**
    *   Candidates assigned: L, N, O.
    *   Constraint 1 Check: N is assigned, K is not. (Pass)
    *   Constraint 2 Check: J is not assigned. (Pass)
    *   Constraint 3 Check: Ong is not in Venezuela (Landon is). (Pass)
    *   Constraint 4 Check: L is assigned, but to Venezuela, not Zambia.
    *   **Result: Invalid.**

*   **(D) Venezuela: Novetzke, Yemen: Jaramillo, Zambia: Kayne**
    *   Candidates assigned: N, J, K.
    *   Constraint 1 Check: Both K and N are assigned. The rule states ""not both"".
    *   **Result: Invalid.**

*   **(E) Venezuela: Ong, Yemen: Kayne, Zambia: Landon**
    *   Candidates assigned: ",1944,0,1944,712,0,stop,0,18.189141273498535,0.16047087966153245,2.549094963605178,0.3558591871127365,0.9026212696292069,0.9999999831200544,0.2271622728647221,0.09647241659864009,3.5505800247192383,0.2941046977687708,0.0411522633744856,1.0997942386831276,5.0,0.048868312757201646,3.0,1944.0,0.26150024464783517,2.11543155022534,0.45019828445135646,0.8431532314338651,0.9999997347942493,0.2706493060417217,0.17384383214525334,3.5505800247192383,0.4599999754283582,0.0546875,1.1953125,4.0,0.0703125,3.0,128.0,0.23233888019183221,2.11543155022534,0.41084680449275457,0.8594543185772383,0.9999998920646357,0.25834307659144046,0.14987979979399832,3.5505800247192383,0.3999251189896281,0.05859375,1.15234375,4.0,0.06640625,3.0,256.0,0.21889047734077557,2.1968367402280276,0.40617616299086057,0.8665960421038809,0.9999999377169779,0.258592740043949,0.13925955833827738,3.5505800247192383,0.3723882099067288,0.06,1.145,4.0,0.0725,3.0,400.0,0.21098325287898084,2.549094963605178,0.4047265384457362,0.8730148749237162,0.9999999377169779,0.2524349232483538,0.12934219887087328,3.5505800247192383,0.3499951831455783,0.0546875,1.142578125,5.0,0.064453125,3.0,512.0,0.17144552313210717,2.549094963605178,0.37089036121408775,0.8978382541447516,0.9999999460856357,0.2308476192195788,0.0995306181053469,3.5505800247192383,0.2944868382626347,0.0419921875,1.1103515625,5.0,0.05078125,3.0,1024.0,0.16047087966153245,2.549094963605178,0.3558591871127365,0.9026212696292069,0.9999999831200544,0.2271622728647221,0.09647241659864009,3.5505800247192383,0.2941046977687708,0.0411522633744856,1.0997942386831276,5.0,0.048868312757201646,3.0,1944.0,0.16907555076017014,2.549094963605178,0.36463207016472826,0.8983199724706347,0.9999999460856357,0.22968604050319466,0.10129287921404775,3.5505800247192383,0.3087842311386002,0.04353932584269663,1.1109550561797752,5.0,0.05337078651685393,3.0,712.0,0.26150024464783517,2.11543155022534,0.45019828445135646,0.8431532314338651,0.9999997347942493,0.2706493060417217,0.17384383214525334,3.5505800247192383,0.4599999754283582,0.0546875,1.1953125,4.0,0.0703125,3.0,128.0,0.23233888019183221,2.11543155022534,0.41084680449275457,0.8594543185772383,0.9999998920646357,0.25834307659144046,0.14987979979399832,3.5505800247192383,0.3999251189896281,0.05859375,1.15234375,4.0,0.06640625,3.0,256.0,0.21889047734077557,2.1968367402280276,0.40617616299086057,0.8665960421038809,0.9999999377169779,0.258592740043949,0.13925955833827738,3.5505800247192383,0.3723882099067288,0.06,1.145,4.0,0.0725,3.0,400.0,0.21098325287898084,2.549094963605178,0.4047265384457362,0.8730148749237162,0.9999999377169779,0.2524349232483538,0.12934219887087328,3.5505800247192383,0.3499951831455783,0.0546875,1.142578125,5.0,0.064453125,3.0,512.0,0.16907555076017014,2.549094963605178,0.36463207016472826,0.8983199724706347,0.9999999460856357,0.22968604050319466,0.10129287921404775,3.5505800247192383,0.3087842311386002,0.04353932584269663,1.1109550561797752,5.0,0.05337078651685393,3.0,712.0,0.16907555076017014,2.549094963605178,0.36463207016472826,0.8983199724706347,0.9999999460856357,0.22968604050319466,0.10129287921404775,3.5505800247192383,0.3087842311386002,0.04353932584269663,1.1109550561797752,5.0,0.05337078651685393,3.0,712.0
54,"A government needs to assign new ambassadors to Venezuela, Yemen, and Zambia. The candidates for these ambassadorships are Jaramillo, Kayne, Landon, Novetzke, and Ong. One ambassador will be assigned to each country, and no ambassador will be assigned to more than one country. The assignment of the ambassadors must meet the following constraints: Either Kayne or Novetzke, but not both, is assigned to one of the ambassadorships. If Jaramillo is assigned to one of the ambassadorships, then so is Kayne. If Ong is assigned as ambassador to Venezuela, Kayne is not assigned as ambassador to Yemen. If Landon is assigned to an ambassadorship, it is to Zambia.Q: The pair of candidates who are not assigned to ambassadorships could be Answer Choices: (A)Jaramillo and Novetzke (B)Jaramillo and Ong (C)Kayne and Landon (D)Kayne and Novetzke (E)Landon and Ong","A government needs to assign new ambassadors to Venezuela, Yemen, and Zambia. The candidates for these ambassadorships are Jaramillo, Kayne, Landon, Novetzke, and Ong. One ambassador will be assigned to each country, and no ambassador will be assigned to more than one country. The assignment of the ambassadors must meet the following constraints: Either Kayne or Novetzke, but not both, is assigned to one of the ambassadorships. If Jaramillo is assigned to one of the ambassadorships, then so is Kayne. If Ong is assigned as ambassador to Venezuela, Kayne is not assigned as ambassador to Yemen. If Landon is assigned to an ambassadorship, it is to Zambia.Q: The pair of candidates who are not assigned to ambassadorships could be Answer Choices: (A)Jaramillo and Novetzke (B)Jaramillo and Ong (C)Kayne and Landon (D)Kayne and Novetzke (E)Landon and Ong",,A,Jaramillo and Novetzke,0,A,final_answer,1,"

The problem asks us to identify which pair of candidates could be the ones not assigned to ambassadorships. There are 5 candidates (Jaramillo, Kayne, Landon, Novetzke, Ong) and 3 ambassadorships (Venezuela, Yemen, Zambia). This means 2 candidates will be left out and 3 will be assigned.

Let's list the constraints:
1.  **Exclusive Kayne/Novetzke:** Either Kayne (K) or Novetzke (N) is assigned, but not both. (Exactly one of K or N is assigned).
2.  **Jaramillo implies Kayne:** If Jaramillo (J) is assigned, then Kayne (K) is assigned ($J \rightarrow K$).
3.  **Ong/Venezuela implies Kayne/Yemen:** If Ong (O) is assigned to Venezuela, then Kayne is not assigned to Yemen ($O=V \rightarrow K \neq Y$).
4.  **Landon implies Zambia:** If Landon (L) is assigned, it is to Zambia ($L \rightarrow Z$).

We will evaluate each answer choice to see if the pair of candidates *not* assigned creates a valid scenario for the remaining 3 candidates.

**Answer Choice (A): Jaramillo and Novetzke are not assigned.**
*   **Assigned:** Kayne, Landon, Ong.
*   **Constraint 1:** Kayne is assigned, Novetzke is not. This satisfies ""Either Kayne or Novetzke, but not both.""
*   **Constraint 2:** Jaramillo is not assigned. The condition ""If Jaramillo is assigned..."" is vacuously true.
*   **Constraint 4:** Landon is assigned, so Landon must be assigned to Zambia.
    *   Positions remaining: Venezuela, Yemen.
    *   Candidates remaining: Kayne, Ong.
*   **Constraint 3:** We need to assign Kayne and Ong to Venezuela and Yemen.
    *   If Ong is assigned to Venezuela, then Kayne cannot be assigned to Yemen. If Ong is Venezuela, Kayne must be Yemen. This contradicts the constraint. Therefore, Ong cannot be assigned to Venezuela.
    *   Ong must be assigned to Yemen. Consequently, Kayne is assigned to Venezuela.
    *   Check Constraint 3 again: Ong is assigned to Yemen (not Venezuela), so the condition is satisfied.
*   **Conclusion:** This scenario is valid. The assignment would be: Venezuela=Kayne, Yemen=Ong, Zambia=Landon.

**Answer Choice (B): Jaramillo and Ong are not assigned.**
*   **Assigned:** Kayne, Landon, Novetzke.
*   **Constraint 1:** Both Kayne and Novetzke are assigned. This violates the ""but not both"" clause.
*   **Conclusion:** Invalid.

**Answer Choice (C): Kayne and Landon are not assigned.**
*   **Assigned:** Jaramillo, Novetzke, Ong.
*   **Constraint 2:** Jaramillo is assigned, but Kayne is not. This violates ""If Jaramillo is assigned... then so is Kayne.""
*   **Conclusion:** Invalid.

**Answer Choice (D): Kayne and Novetzke are not assigned.**
*   **Assigned:** Jaramillo, Landon, Ong.
*   **Constraint 1:** Neither Kayne nor Novetzke is assigned. This violates ""Either Kayne or Novetzke... is assigned"".
*   **Conclusion:** Invalid.

**Answer Choice (E): Landon and Ong are not assigned.**
*   **Assigned:** Jaramillo, Kayne, Novetzke.
*   **Constraint 1:** Both Kayne and Novetzke are assigned. This violates the ""but not both"" clause.
*   **Conclusion:** Invalid.

Only Answer Choice (A) allows for a valid assignment of ambassadors that satisfies all constraints.

Final Answer: A",,"

The problem asks us to identify which pair of candidates could be the ones not assigned to ambassadorships. There are 5 candidates (Jaramillo, Kayne, Landon, Novetzke, Ong) and 3 ambassadorships (Venezuela, Yemen, Zambia). This means 2 candidates will be left out and 3 will be assigned.

Let's list the constraints:
1.  **Exclusive Kayne/Novetzke:** Either Kayne (K) or Novetzke (N) is assigned, but not both. (Exactly one of K or N is assigned).
2.  **Jaramillo implies Kayne:** If Jaramillo (J) is assigned, then Kayne (K) is assigned ($J \rightarrow K$).
3.  **Ong/Venezuela implies Kayne/Yemen:** If Ong (O) is assigned to Venezuela, then Kayne is not assigned to Yemen ($O=V \rightarrow K \neq Y$).
4.  **Landon implies Zambia:** If Landon (L) is assigned, it is to Zambia ($L \rightarrow Z$).

We will evaluate each answer choice to see if the pair of candidates *not* assigned creates a valid scenario for the remaining 3 candidates.

**Answer Choice (A): Jaramillo and Novetzke are not assigned.**
*   **Assigned:** Kayne, Landon, Ong.
*   **Constraint 1:** Kayne is assigned, Novetzke is not. This satisfies ""Either Kayne or Novetzke, but not both.""
*   **Constraint 2:** Jaramillo is not assigned. The condition ""If Jaramillo is assigned..."" is vacuously true.
*   **Constraint 4:** Landon is assigned, so Landon must be assigned to Zambia.
    *   Positions remaining: Venezuela, Yemen.
    *   Candidates remaining: Kayne, Ong.
*   **Constraint 3:** We need to assign Kayne and Ong to Venezuela and Yemen.
    *   If Ong is assigned to Venezuela, then Kayne cannot be assigned to Yemen. If Ong is Venezuela, Kayne must be Yemen. This contradicts the constraint. Therefore, Ong cannot be assigned to Venezuela.
    *   Ong must be assigned to Yemen. Consequently, Kayne is assigned to Venezuela.
    *   Check Constraint 3 again: Ong is assigned to Yemen (not Venezuela), so the condition is satisfied.
*   **Conclusion:** This scenario is valid. The assignment would be: Venezuela=Kayn",5297,0,5297,978,0,stop,0,73.94910788536072,0.3087681562482063,2.9863473103636786,0.5100007505373795,0.8269577456181451,0.9999999987493454,0.28968281618025327,0.1989085551985197,4.6663289070129395,0.45131298933053904,0.07759108929582782,1.2325844817821408,9.0,0.09175004719652634,5.0,5297.0,0.22355329688139974,1.6775918783663588,0.37169219988087915,0.8609787449485634,0.9999995081664702,0.2577257187461421,0.14278315200914649,1.8806893825531006,0.34586451970030246,0.0703125,1.1328125,3.0,0.0703125,1.0,128.0,0.2420412102908177,1.7226422747653753,0.3922778073440936,0.8494234803581164,0.9999997339024002,0.2748728916649891,0.16266508194387805,2.683507204055786,0.39107936216880235,0.0859375,1.15234375,3.0,0.08984375,2.0,256.0,0.31895579523893997,2.225502575582247,0.4747475177740721,0.8149936402054563,0.9999997339024002,0.2933470482059509,0.20512001661964135,3.2190589904785156,0.4308850226837394,0.0925,1.21,5.0,0.0975,2.0,400.0,0.3289297197458922,2.225502575582247,0.47792076249887816,0.8107985571549123,0.9999999004527904,0.292280713342906,0.20547229424175664,3.2190589904785156,0.4269239264346441,0.087890625,1.212890625,5.0,0.091796875,2.0,512.0,0.33038412532881195,2.225502575582247,0.4785735738779734,0.8092750411297038,0.9999999566602047,0.2911716866947066,0.20006349451380845,3.2190589904785156,0.4099750596633105,0.0810546875,1.21875,5.0,0.087890625,2.0,1024.0,0.31538757447008176,2.773600238981736,0.49273120397714043,0.8219406041941394,0.9999999795213176,0.2863106267411067,0.2012025465157099,4.061429023742676,0.4481127750558945,0.0732421875,1.21875,7.0,0.0830078125,3.0,2048.0,0.3267013915311786,2.225502575582247,0.4781841913250197,0.8118499866494777,0.9999999566602047,0.288878527698284,0.19937940735537935,3.2190589904785156,0.4131686798439684,0.07770961145194274,1.2167689161554192,5.0,0.08384458077709611,2.0,978.0,0.22355329688139974,1.6775918783663588,0.37169219988087915,0.8609787449485634,0.9999995081664702,0.2577257187461421,0.14278315200914649,1.8806893825531006,0.34586451970030246,0.0703125,1.1328125,3.0,0.0703125,1.0,128.0,0.2420412102908177,1.7226422747653753,0.3922778073440936,0.8494234803581164,0.9999997339024002,0.2748728916649891,0.16266508194387805,2.683507204055786,0.39107936216880235,0.0859375,1.15234375,3.0,0.08984375,2.0,256.0,0.31895579523893997,2.225502575582247,0.4747475177740721,0.8149936402054563,0.9999997339024002,0.2933470482059509,0.20512001661964135,3.2190589904785156,0.4308850226837394,0.0925,1.21,5.0,0.0975,2.0,400.0,0.3289297197458922,2.225502575582247,0.47792076249887816,0.8107985571549123,0.9999999004527904,0.292280713342906,0.20547229424175664,3.2190589904785156,0.4269239264346441,0.087890625,1.212890625,5.0,0.091796875,2.0,512.0,0.3267013915311786,2.225502575582247,0.4781841913250197,0.8118499866494777,0.9999999566602047,0.288878527698284,0.19937940735537935,3.2190589904785156,0.4131686798439684,0.07770961145194274,1.2167689161554192,5.0,0.08384458077709611,2.0,978.0,0.3267013915311786,2.225502575582247,0.4781841913250197,0.8118499866494777,0.9999999566602047,0.288878527698284,0.19937940735537935,3.2190589904785156,0.4131686798439684,0.07770961145194274,1.2167689161554192,5.0,0.08384458077709611,2.0,978.0
55,"A government needs to assign new ambassadors to Venezuela, Yemen, and Zambia. The candidates for these ambassadorships are Jaramillo, Kayne, Landon, Novetzke, and Ong. One ambassador will be assigned to each country, and no ambassador will be assigned to more than one country. The assignment of the ambassadors must meet the following constraints: Either Kayne or Novetzke, but not both, is assigned to one of the ambassadorships. If Jaramillo is assigned to one of the ambassadorships, then so is Kayne. If Ong is assigned as ambassador to Venezuela, Kayne is not assigned as ambassador to Yemen. If Landon is assigned to an ambassadorship, it is to Zambia.Q: If Ong is assigned as ambassador to Venezuela, then the other two ambassadors assigned could be Answer Choices: (A)Jaramillo and Landon (B)Jaramillo and Novetzke (C)Kayne and Landon (D)Kayne and Novetzke (E)Landon and Novetzke","A government needs to assign new ambassadors to Venezuela, Yemen, and Zambia. The candidates for these ambassadorships are Jaramillo, Kayne, Landon, Novetzke, and Ong. One ambassador will be assigned to each country, and no ambassador will be assigned to more than one country. The assignment of the ambassadors must meet the following constraints: Either Kayne or Novetzke, but not both, is assigned to one of the ambassadorships. If Jaramillo is assigned to one of the ambassadorships, then so is Kayne. If Ong is assigned as ambassador to Venezuela, Kayne is not assigned as ambassador to Yemen. If Landon is assigned to an ambassadorship, it is to Zambia.Q: If Ong is assigned as ambassador to Venezuela, then the other two ambassadors assigned could be Answer Choices: (A)Jaramillo and Landon (B)Jaramillo and Novetzke (C)Kayne and Landon (D)Kayne and Novetzke (E)Landon and Novetzke",,E,Landon and Novetzke,4,E,final_answer,1,"

The problem asks us to determine which pair of ambassadors can be assigned alongside Ong to Venezuela, given a set of constraints.

**1. Analyze the Constraints:**
*   **Constraint 1:** Exactly one of Kayne (K) or Novetzke (N) is assigned (K XOR N).
*   **Constraint 2:** If Jaramillo (J) is assigned, then Kayne (K) is assigned ($J \rightarrow K$).
*   **Constraint 3:** If Ong (O) is assigned to Venezuela (V), then Kayne (K) is not assigned to Yemen (Y) ($O_{V} \rightarrow \neg K_{Y}$).
*   **Constraint 4:** If Landon (L) is assigned, Landon must be assigned to Zambia (Z) ($L \rightarrow L_{Z}$).

**2. Apply the Given Condition:**
*   **Condition:** Ong is assigned as ambassador to Venezuela ($O_{V}$ is true).

**3. Evaluate the Options:**
We need to select two other ambassadors from the remaining candidates {J, K, L, N} such that all constraints are met.

*   **Option (A) Jaramillo and Landon:**
    *   Selected Set: {Ong, J, L}.
    *   Check Constraint 1: Neither Kayne nor Novetzke is selected. This violates the rule that exactly one of them must be assigned.
    *   **Invalid.**

*   **Option (B) Jaramillo and Novetzke:**
    *   Selected Set: {Ong, J, N}.
    *   Check Constraint 1: Novetzke is selected, Kayne is not. (Satisfied).
    *   Check Constraint 2: Jaramillo is selected. This requires Kayne to be selected. However, Kayne is not in this set (Novetzke is).
    *   **Invalid.**

*   **Option (C) Kayne and Landon:**
    *   Selected Set: {Ong, K, L}.
    *   Check Constraint 1: Kayne is selected, Novetzke is not. (Satisfied).
    *   Check Constraint 4: Landon is selected, so Landon must be assigned to Zambia.
    *   Check Country Assignments:
        *   Ong is in Venezuela (Given).
        *   Landon is in Zambia (Constraint 4).
        *   The only remaining country is Yemen, and the only remaining ambassador is Kayne. Thus, Kayne must be assigned to Yemen.
    *   Check Constraint 3: Ong is in Venezuela. The constraint states Kayne cannot be in Yemen. However, in this scenario, Kayne is forced to Yemen.
    *   **Invalid.**

*   **Option (D) Kayne and Novetzke:**
    *   Selected Set: {Ong, K, N}.
    *   Check Constraint 1: Both Kayne and Novetzke are selected. The constraint states ""Either Kayne or Novetzke, but not both"".
    *   **Invalid.**

*   **Option (E) Landon and Novetzke:**
    *   Selected Set: {Ong, L, N}.
    *   Check Constraint 1: Novetzke is selected, Kayne is not. (Satisfied).
    *   Check Constraint 2: Jaramillo is not selected. (Satisfied).
    *   Check Constraint 4: Landon is selected, so Landon must be assigned to Zambia.
    *   Check Country Assignments:
        *   Ong is in Venezuela (Given).
        *   Landon is in Zambia (Constraint 4).
        *   The only remaining country is Yemen, and the only remaining ambassador is Novetzke. Thus, Novetzke is assigned to Yemen.
    *   Check Constraint 3: Ong is in Venezuela. The constraint states Kayne cannot be in Yemen. Since Kayne is not assigned at all, this condition is satisfied.
    *   **Valid.**

**Conclusion:**
The only valid pair of ambassadors that can be assigned alongside Ong to Venezuela is Landon and Novetzke.

Final Answer: E",,"

The problem asks us to determine which pair of ambassadors can be assigned alongside Ong to Venezuela, given a set of constraints.

**1. Analyze the Constraints:**
*   **Constraint 1:** Exactly one of Kayne (K) or Novetzke (N) is assigned (K XOR N).
*   **Constraint 2:** If Jaramillo (J) is assigned, then Kayne (K) is assigned ($J \rightarrow K$).
*   **Constraint 3:** If Ong (O) is assigned to Venezuela (V), then Kayne (K) is not assigned to Yemen (Y) ($O_{V} \rightarrow \neg K_{Y}$).
*   **Constraint 4:** If Landon (L) is assigned, Landon must be assigned to Zambia (Z) ($L \rightarrow L_{Z}$).

**2. Apply the Given Condition:**
*   **Condition:** Ong is assigned as ambassador to Venezuela ($O_{V}$ is true).

**3. Evaluate the Options:**
We need to select two other ambassadors from the remaining candidates {J, K, L, N} such that all constraints are met.

*   **Option (A) Jaramillo and Landon:**
    *   Selected Set: {Ong, J, L}.
    *   Check Constraint 1: Neither Kayne nor Novetzke is selected. This violates the rule that exactly one of them must be assigned.
    *   **Invalid.**

*   **Option (B) Jaramillo and Novetzke:**
    *   Selected Set: {Ong, J, N}.
    *   Check Constraint 1: Novetzke is selected, Kayne is not. (Satisfied).
    *   Check Constraint 2: Jaramillo is selected. This requires Kayne to be selected. However, Kayne is not in this set (Novetzke is).
    *   **Invalid.**

*   **Option (C) Kayne and Landon:**
    *   Selected Set: {Ong, K, L}.
    *   Check Constraint 1: Kayne is selected, Novetzke is not. (Satisfied).
    *   Check Constraint 4: Landon is selected, so Landon must be assigned to Zambia.
    *   Check Country Assignments:
        *   Ong is in Venezuela (Given).
        *   Landon is in Zambia (Constraint 4).
        *   The only remaining country is Yemen, and the only remaining ambassador is Kayne. Thus, Kayne must be assigned to Yemen.
    *   Check Constraint 3: Ong is in Venezuela. The constraint states Kayne cannot be in Yeme",5172,0,5172,897,0,stop,0,72.29870796203613,0.29147091841610195,3.0585223661560015,0.49368239394261204,0.8339579177037372,0.9999999944646849,0.2854945640034469,0.18288970056121617,5.172524452209473,0.4251370532929156,0.07231245166279969,1.2163573085846868,9.0,0.08275328692962104,3.0,5172.0,0.3414214824893399,2.213604633804622,0.500765047111981,0.7856023177587955,0.9999996447280508,0.32019571629281335,0.22744005040136162,2.489919662475586,0.45305523890947075,0.1171875,1.28125,5.0,0.125,2.0,128.0,0.2715743230302845,2.213604633804622,0.44758756927776455,0.8424234902777461,0.9999998636642159,0.2733367011908385,0.1648364174346176,2.489919662475586,0.38415906675758,0.06640625,1.18359375,5.0,0.0703125,2.0,256.0,0.32557706957057353,2.213604633804622,0.4956484331028153,0.8090260943995671,0.9999998636642159,0.3028450902194113,0.20590992315574044,2.489919662475586,0.42082458076043444,0.0975,1.2325,5.0,0.115,2.0,400.0,0.36995673515851984,2.8624931451055704,0.5316801041372718,0.7847321444715439,0.9999998636642159,0.3178440871399301,0.23161811415927644,2.947627067565918,0.4414188106824214,0.107421875,1.275390625,7.0,0.130859375,3.0,512.0,0.40773931588663687,2.8624931451055704,0.5582489696660501,0.7660650537612518,0.9999999205032746,0.32389148327721123,0.2554885090789487,3.351343870162964,0.4654246878389903,0.115234375,1.3193359375,7.0,0.1318359375,3.0,1024.0,0.33465879541867355,3.0585223661560015,0.525973014588199,0.8109294076657286,0.9999999717406888,0.30238374166703785,0.2061117635824778,3.6467254161834717,0.43579243489154035,0.08837890625,1.25634765625,9.0,0.10205078125,3.0,2048.0,0.43035771260953143,2.8624931451055704,0.5684468482404883,0.754175806197569,0.9999998636642159,0.3279924640858511,0.2718940026424478,3.351343870162964,0.4805297895202684,0.12151616499442586,1.338907469342252,7.0,0.14046822742474915,3.0,897.0,0.3414214824893399,2.213604633804622,0.500765047111981,0.7856023177587955,0.9999996447280508,0.32019571629281335,0.22744005040136162,2.489919662475586,0.45305523890947075,0.1171875,1.28125,5.0,0.125,2.0,128.0,0.2715743230302845,2.213604633804622,0.44758756927776455,0.8424234902777461,0.9999998636642159,0.2733367011908385,0.1648364174346176,2.489919662475586,0.38415906675758,0.06640625,1.18359375,5.0,0.0703125,2.0,256.0,0.32557706957057353,2.213604633804622,0.4956484331028153,0.8090260943995671,0.9999998636642159,0.3028450902194113,0.20590992315574044,2.489919662475586,0.42082458076043444,0.0975,1.2325,5.0,0.115,2.0,400.0,0.36995673515851984,2.8624931451055704,0.5316801041372718,0.7847321444715439,0.9999998636642159,0.3178440871399301,0.23161811415927644,2.947627067565918,0.4414188106824214,0.107421875,1.275390625,7.0,0.130859375,3.0,512.0,0.43035771260953143,2.8624931451055704,0.5684468482404883,0.754175806197569,0.9999998636642159,0.3279924640858511,0.2718940026424478,3.351343870162964,0.4805297895202684,0.12151616499442586,1.338907469342252,7.0,0.14046822742474915,3.0,897.0,0.43035771260953143,2.8624931451055704,0.5684468482404883,0.754175806197569,0.9999998636642159,0.3279924640858511,0.2718940026424478,3.351343870162964,0.4805297895202684,0.12151616499442586,1.338907469342252,7.0,0.14046822742474915,3.0,897.0
56,"A government needs to assign new ambassadors to Venezuela, Yemen, and Zambia. The candidates for these ambassadorships are Jaramillo, Kayne, Landon, Novetzke, and Ong. One ambassador will be assigned to each country, and no ambassador will be assigned to more than one country. The assignment of the ambassadors must meet the following constraints: Either Kayne or Novetzke, but not both, is assigned to one of the ambassadorships. If Jaramillo is assigned to one of the ambassadorships, then so is Kayne. If Ong is assigned as ambassador to Venezuela, Kayne is not assigned as ambassador to Yemen. If Landon is assigned to an ambassadorship, it is to Zambia.Q: If Kayne is assigned as ambassador to Yemen, which one of the following must be true? Answer Choices: (A)Jaramillo is assigned as ambassador to Venezuela. (B)Landon is assigned as ambassador to Zambia. (C)Ong is assigned as ambassador to Zambia. (D)Jaramillo is not assigned to an ambassadorship. (E)Ong is not assigned to an ambassadorship.","A government needs to assign new ambassadors to Venezuela, Yemen, and Zambia. The candidates for these ambassadorships are Jaramillo, Kayne, Landon, Novetzke, and Ong. One ambassador will be assigned to each country, and no ambassador will be assigned to more than one country. The assignment of the ambassadors must meet the following constraints: Either Kayne or Novetzke, but not both, is assigned to one of the ambassadorships. If Jaramillo is assigned to one of the ambassadorships, then so is Kayne. If Ong is assigned as ambassador to Venezuela, Kayne is not assigned as ambassador to Yemen. If Landon is assigned to an ambassadorship, it is to Zambia.Q: If Kayne is assigned as ambassador to Yemen, which one of the following must be true? Answer Choices: (A)Jaramillo is assigned as ambassador to Venezuela. (B)Landon is assigned as ambassador to Zambia. (C)Ong is assigned as ambassador to Zambia. (D)Jaramillo is not assigned to an ambassadorship. (E)Ong is not assigned to an ambassadorship.",,A,Jaramillo is assigned as ambassador to Venezuela.,0,A,final_answer,1,"

The problem asks us to determine which statement must be true given the condition that **Kayne is assigned as ambassador to Yemen**.

**1. Analyze the Constraints:**
*   **Constraint 1:** Either Kayne (K) or Novetzke (N) is assigned, but not both.
    *   Logic: $(K \land \neg N) \lor (\neg K \land N)$.
*   **Constraint 2:** If Jaramillo (J) is assigned, then Kayne (K) is assigned.
    *   Logic: $J \rightarrow K$.
*   **Constraint 3:** If Ong (O) is assigned to Venezuela (V), then Kayne (K) is not assigned to Yemen (Y).
    *   Logic: $(O \in V) \rightarrow (K \notin Y)$.
*   **Constraint 4:** If Landon (L) is assigned, it is to Zambia (Z).
    *   Logic: $L \rightarrow (L \in Z)$.
*   **General Rule:** 3 countries (V, Y, Z) need 1 ambassador each from 5 candidates (J, K, L, N, O).

**2. Apply the Hypothesis:**
*   **Hypothesis:** Kayne is assigned to Yemen ($K \in Y$).

**3. Deduce Implications:**
*   **From Constraint 1:** Since Kayne is assigned, Novetzke **cannot** be assigned. (N is not assigned).
*   **From Constraint 3:** We are told $K \in Y$. The contrapositive of Constraint 3 is $(K \in Y) \rightarrow (O \notin V)$. Since $K \in Y$ is true, **Ong cannot be assigned to Venezuela**.
*   **From Constraint 4:** Landon cannot be assigned to Venezuela because if Landon is assigned, he must be in Zambia. Therefore, **Landon cannot be assigned to Venezuela**.
*   **From General Rule:** We need to assign an ambassador to Venezuela.
    *   Candidates available: Jaramillo, Kayne, Landon, Novetzke, Ong.
    *   Kayne is in Yemen, so not in Venezuela.
    *   Novetzke is not assigned.
    *   Landon cannot be in Venezuela.
    *   Ong cannot be in Venezuela.
    *   The only remaining candidate who can be assigned to Venezuela is **Jaramillo**.

**4. Verify Conclusion:**
*   Since Jaramillo must be assigned to Venezuela to satisfy the requirement that every country has an ambassador, statement (A) ""Jaramillo is assigned as ambassador to Venezuela"" must be true.

**5. Check Other Options:**
*   (B) Landon is assigned to Zambia: Not necessarily true. Ong could be assigned to Zambia instead.
*   (C) Ong is assigned to Zambia: Not necessarily true. Landon could be assigned to Zambia instead.
*   (D) Jaramillo is not assigned: False, we proved Jaramillo must be assigned.
*   (E) Ong is not assigned: Not necessarily true. Ong could be assigned to Zambia.

Therefore, (A) is the correct answer.

Final Answer: A",,"

The problem asks us to determine which statement must be true given the condition that **Kayne is assigned as ambassador to Yemen**.

**1. Analyze the Constraints:**
*   **Constraint 1:** Either Kayne (K) or Novetzke (N) is assigned, but not both.
    *   Logic: $(K \land \neg N) \lor (\neg K \land N)$.
*   **Constraint 2:** If Jaramillo (J) is assigned, then Kayne (K) is assigned.
    *   Logic: $J \rightarrow K$.
*   **Constraint 3:** If Ong (O) is assigned to Venezuela (V), then Kayne (K) is not assigned to Yemen (Y).
    *   Logic: $(O \in V) \rightarrow (K \notin Y)$.
*   **Constraint 4:** If Landon (L) is assigned, it is to Zambia (Z).
    *   Logic: $L \rightarrow (L \in Z)$.
*   **General Rule:** 3 countries (V, Y, Z) need 1 ambassador each from 5 candidates (J, K, L, N, O).

**2. Apply the Hypothesis:**
*   **Hypothesis:** Kayne is assigned to Yemen ($K \in Y$).

**3. Deduce Implications:**
*   **From Constraint 1:** Since Kayne is assigned, Novetzke **cannot** be assigned. (N is not assigned).
*   **From Constraint 3:** We are told $K \in Y$. The contrapositive of Constraint 3 is $(K \in Y) \rightarrow (O \notin V)$. Since $K \in Y$ is true, **Ong cannot be assigned to Venezuela**.
*   **From Constraint 4:** Landon cannot be assigned to Venezuela because if Landon is assigned, he must be in Zambia. Therefore, **Landon cannot be assigned to Venezuela**.
*   **From General Rule:** We need to assign an ambassador to Venezuela.
    *   Candidates available: Jaramillo, Kayne, Landon, Novetzke, Ong.
    *   Kayne is in Yemen, so not in Venezuela.
    *   Novetzke is not assigned.
    *   Landon cannot be in Venezuela.
    *   Ong cannot be in Venezuela.
    *   The only remaining candidate who can be assigned to Venezuela is **Jaramillo**.

**4. Verify Conclusion:**
*   Since Jaramillo must be assigned to Venezuela to satisfy the requirement that every country has an ambassador, statement (A) ""Jaramillo is assigned as ambassador to Venezuela"" must be true.

**",4362,0,4362,747,0,stop,0,65.9097273349762,0.32030903042484155,2.8995671130184633,0.5064911508863595,0.8159226266989429,0.9999999991238602,0.2953831398660538,0.20806525234211834,5.4786272048950195,0.4612166563122507,0.08505272810637322,1.2402567629527739,8.0,0.09949564419990829,3.0,4362.0,0.28821257115905335,2.1882024780120255,0.4597577806842511,0.8352108684120152,0.9999997301885372,0.27313798480285967,0.1646558225221848,2.259572982788086,0.3574306827917923,0.0703125,1.1875,4.0,0.0703125,1.0,128.0,0.23787986003963782,2.255372774198544,0.4418826865894531,0.8641195786308905,0.9999998982906917,0.25430603849071753,0.152348990562657,3.8693699836730957,0.41182864420926474,0.0546875,1.16015625,5.0,0.05859375,2.0,256.0,0.23899289574614938,2.255372774198544,0.43144739212538796,0.8595353877556211,0.9999999150860898,0.25961664328545053,0.1497758706933884,3.8693699836730957,0.3812672545306401,0.06,1.16,5.0,0.0625,2.0,400.0,0.24799187645881846,2.255372774198544,0.4340672074272134,0.8525806354543557,0.9999999605571944,0.26619836988043255,0.15884196168734876,3.8693699836730957,0.3941333762448479,0.06640625,1.173828125,5.0,0.068359375,2.0,512.0,0.3458955322500137,2.549223937454995,0.5121946271290081,0.7993287415453326,0.9999999933195277,0.3045992244234562,0.2277239942195458,5.4786272048950195,0.48820680721144943,0.095703125,1.2587890625,5.0,0.111328125,3.0,1024.0,0.3455106481516978,2.646311352944333,0.5148332839158102,0.8015771684121626,0.9999999933195277,0.3030434715638816,0.23001225537821812,5.4786272048950195,0.4923308422574447,0.09375,1.2578125,7.0,0.11083984375,3.0,2048.0,0.2838581178068304,2.314855012745927,0.4620687566243692,0.8324324292008592,0.9999999933195277,0.2819368625390412,0.17244115732970505,3.8693699836730957,0.3833047867054755,0.0749665327978581,1.2021419009370817,5.0,0.08032128514056225,2.0,747.0,0.28821257115905335,2.1882024780120255,0.4597577806842511,0.8352108684120152,0.9999997301885372,0.27313798480285967,0.1646558225221848,2.259572982788086,0.3574306827917923,0.0703125,1.1875,4.0,0.0703125,1.0,128.0,0.23787986003963782,2.255372774198544,0.4418826865894531,0.8641195786308905,0.9999998982906917,0.25430603849071753,0.152348990562657,3.8693699836730957,0.41182864420926474,0.0546875,1.16015625,5.0,0.05859375,2.0,256.0,0.23899289574614938,2.255372774198544,0.43144739212538796,0.8595353877556211,0.9999999150860898,0.25961664328545053,0.1497758706933884,3.8693699836730957,0.3812672545306401,0.06,1.16,5.0,0.0625,2.0,400.0,0.24799187645881846,2.255372774198544,0.4340672074272134,0.8525806354543557,0.9999999605571944,0.26619836988043255,0.15884196168734876,3.8693699836730957,0.3941333762448479,0.06640625,1.173828125,5.0,0.068359375,2.0,512.0,0.2838581178068304,2.314855012745927,0.4620687566243692,0.8324324292008592,0.9999999933195277,0.2819368625390412,0.17244115732970505,3.8693699836730957,0.3833047867054755,0.0749665327978581,1.2021419009370817,5.0,0.08032128514056225,2.0,747.0,0.2838581178068304,2.314855012745927,0.4620687566243692,0.8324324292008592,0.9999999933195277,0.2819368625390412,0.17244115732970505,3.8693699836730957,0.3833047867054755,0.0749665327978581,1.2021419009370817,5.0,0.08032128514056225,2.0,747.0
57,"A government needs to assign new ambassadors to Venezuela, Yemen, and Zambia. The candidates for these ambassadorships are Jaramillo, Kayne, Landon, Novetzke, and Ong. One ambassador will be assigned to each country, and no ambassador will be assigned to more than one country. The assignment of the ambassadors must meet the following constraints: Either Kayne or Novetzke, but not both, is assigned to one of the ambassadorships. If Jaramillo is assigned to one of the ambassadorships, then so is Kayne. If Ong is assigned as ambassador to Venezuela, Kayne is not assigned as ambassador to Yemen. If Landon is assigned to an ambassadorship, it is to Zambia.Q: Which one of the following CANNOT be true? Answer Choices: (A)Jaramillo is assigned as ambassador to Zambia. (B)Kayne is assigned as ambassador to Zambia. (C)Novetzke is assigned as ambassador to Zambia. (D)Landon is not assigned to an ambassadorship. (E)Ong is not assigned to an ambassadorship.","A government needs to assign new ambassadors to Venezuela, Yemen, and Zambia. The candidates for these ambassadorships are Jaramillo, Kayne, Landon, Novetzke, and Ong. One ambassador will be assigned to each country, and no ambassador will be assigned to more than one country. The assignment of the ambassadors must meet the following constraints: Either Kayne or Novetzke, but not both, is assigned to one of the ambassadorships. If Jaramillo is assigned to one of the ambassadorships, then so is Kayne. If Ong is assigned as ambassador to Venezuela, Kayne is not assigned as ambassador to Yemen. If Landon is assigned to an ambassadorship, it is to Zambia.Q: Which one of the following CANNOT be true? Answer Choices: (A)Jaramillo is assigned as ambassador to Zambia. (B)Kayne is assigned as ambassador to Zambia. (C)Novetzke is assigned as ambassador to Zambia. (D)Landon is not assigned to an ambassadorship. (E)Ong is not assigned to an ambassadorship.",,C,Novetzke is assigned as ambassador to Zambia.,2,C,final_answer,1,"

The problem asks us to determine which of the given statements CANNOT be true, based on the constraints provided for assigning ambassadors to Venezuela, Yemen, and Zambia.

**Constraints:**
1.  **One Ambassador per Country:** There are 3 countries and 5 candidates. Exactly 3 candidates are assigned distinct countries.
2.  **Kayne/Novetzke Rule:** Either Kayne (K) or Novetzke (N) is assigned, but not both. (Exactly one of K or N is in the set of 3 assigned ambassadors).
3.  **Jaramillo/Kayne Rule:** If Jaramillo (J) is assigned, then Kayne (K) is assigned. ($J \rightarrow K$).
4.  **Ong/Kayne Rule:** If Ong (O) is assigned to Venezuela (V), then Kayne is not assigned to Yemen (Y). ($O_V \rightarrow \neg K_Y$).
5.  **Landon Rule:** If Landon (L) is assigned, it is to Zambia (Z). ($L \rightarrow Z$).

**Analysis of Option (C): Novetzke is assigned as ambassador to Zambia.**

Let's assume this statement is true.
1.  **N is assigned to Zambia.**
2.  **Implication from Constraint 2:** Since Novetzke (N) is assigned, Kayne (K) cannot be assigned.
3.  **Implication from Constraint 3:** Since Kayne (K) is not assigned, Jaramillo (J) cannot be assigned (because if J were assigned, K would have to be).
    *   So, neither K nor J is in the set of assigned ambassadors.
4.  **Determining the Assigned Set:** We need exactly 3 ambassadors. The candidates are {J, K, L, N, O}.
    *   J is out.
    *   K is out.
    *   N is in.
    *   The only remaining candidates are L and O.
    *   To reach 3 ambassadors, the set of assigned candidates must be exactly **{L, N, O}**.
5.  **Implication from Constraint 5:** Since Landon (L) is assigned (he is in the set {L, N, O}), he must be assigned to Zambia.
6.  **Conflict:** We assumed Novetzke is assigned to Zambia. Constraint 5 implies Landon is assigned to Zambia. This results in two ambassadors (N and L) being assigned to the same country (Zambia). This violates the rule that ""One ambassador will be assigned to each country.""

Therefore, it is impossible for Novetzke to be assigned to Zambia.

**Verification of other options:**
*   (A) Jaramillo to Zambia: Possible. Assignments: J->Z, K->V, O->Y. (Set {J, K, O}).
*   (B) Kayne to Zambia: Possible. Assignments: K->Z, O->V, J->Y. (Set {J, K, O}).
*   (D) Landon not assigned: Possible. Set {J, K, O} with J->Z, K->V, O->Y.
*   (E) Ong not assigned: Possible. Set {J, K, L} with L->Z, J->V, K->Y.

Since (C) leads to a contradiction, it is the one that cannot be true.

Final Answer: C",,"

The problem asks us to determine which of the given statements CANNOT be true, based on the constraints provided for assigning ambassadors to Venezuela, Yemen, and Zambia.

**Constraints:**
1.  **One Ambassador per Country:** There are 3 countries and 5 candidates. Exactly 3 candidates are assigned distinct countries.
2.  **Kayne/Novetzke Rule:** Either Kayne (K) or Novetzke (N) is assigned, but not both. (Exactly one of K or N is in the set of 3 assigned ambassadors).
3.  **Jaramillo/Kayne Rule:** If Jaramillo (J) is assigned, then Kayne (K) is assigned. ($J \rightarrow K$).
4.  **Ong/Kayne Rule:** If Ong (O) is assigned to Venezuela (V), then Kayne is not assigned to Yemen (Y). ($O_V \rightarrow \neg K_Y$).
5.  **Landon Rule:** If Landon (L) is assigned, it is to Zambia (Z). ($L \rightarrow Z$).

**Analysis of Option (C): Novetzke is assigned as ambassador to Zambia.**

Let's assume this statement is true.
1.  **N is assigned to Zambia.**
2.  **Implication from Constraint 2:** Since Novetzke (N) is assigned, Kayne (K) cannot be assigned.
3.  **Implication from Constraint 3:** Since Kayne (K) is not assigned, Jaramillo (J) cannot be assigned (because if J were assigned, K would have to be).
    *   So, neither K nor J is in the set of assigned ambassadors.
4.  **Determining the Assigned Set:** We need exactly 3 ambassadors. The candidates are {J, K, L, N, O}.
    *   J is out.
    *   K is out.
    *   N is in.
    *   The only remaining candidates are L and O.
    *   To reach 3 ambassadors, the set of assigned candidates must be exactly **{L, N, O}**.
5.  **Implication from Constraint 5:** Since Landon (L) is assigned (he is in the set {L, N, O}), he must be assigned to Zambia.
6.  **Conflict:** We assumed Novetzke is assigned to Zambia. Constraint 5 implies Landon is assigned to Zambia. This results in two ambassadors (N and L) being assigned to the same country (Zambia). This violates the rule that ""One ambassador will be assigned to each country.""

Therefore",6594,0,6594,732,0,stop,0,82.14953804016113,0.35115947004542686,3.0301675416140474,0.5226029305905882,0.7963316818552586,0.9999999944365562,0.3070604112401352,0.23436735657046248,6.543523788452148,0.4860458463563888,0.09463148316651501,1.2694874127995146,9.0,0.11282984531392175,3.0,6594.0,0.3392434749016697,2.132030317379283,0.5061028968764936,0.8096403697605753,0.9999998655731083,0.29578688259818003,0.28646650428982995,2.4683680534362793,0.5775109381340505,0.0859375,1.2734375,4.0,0.125,3.0,128.0,0.3618121570025305,2.368298971785115,0.5389613279025015,0.794242110419899,0.9999998655731083,0.30771847878368913,0.2684700973091576,2.5839648246765137,0.5231474644266374,0.09375,1.29296875,5.0,0.12890625,3.0,256.0,0.39252441106500385,2.557243515587443,0.5688215493329377,0.7742850546080281,0.9999998655731083,0.3252303399428731,0.2763988031963651,2.715571880340576,0.5151058301832443,0.11,1.3375,5.0,0.1425,3.0,400.0,0.400563876196609,2.557243515587443,0.5785929186614596,0.773753256482404,0.9999999064100031,0.3244798692890016,0.2718728629309284,2.715571880340576,0.5037841614062583,0.111328125,1.33984375,5.0,0.142578125,3.0,512.0,0.40995410122204645,2.557243515587443,0.5560883290504223,0.7643868804581267,0.9999999064100031,0.32387078087565896,0.2711641103276868,4.900228500366211,0.5065318115855622,0.1162109375,1.3212890625,5.0,0.1416015625,3.0,1024.0,0.37842176207053746,2.6719789811517143,0.5432252780490272,0.7828988682796595,0.9999999635422898,0.31630790499132255,0.24616452801425864,4.900228500366211,0.47725870570177376,0.10498046875,1.29638671875,8.0,0.12841796875,3.0,2048.0,0.40083666846056437,2.557243515587443,0.5659087863261087,0.7728362887840384,0.9999999064100031,0.3215589052884457,0.264592342459884,4.900228500366211,0.5036396069213107,0.1092896174863388,1.3237704918032787,5.0,0.13797814207650272,3.0,732.0,0.3392434749016697,2.132030317379283,0.5061028968764936,0.8096403697605753,0.9999998655731083,0.29578688259818003,0.28646650428982995,2.4683680534362793,0.5775109381340505,0.0859375,1.2734375,4.0,0.125,3.0,128.0,0.3618121570025305,2.368298971785115,0.5389613279025015,0.794242110419899,0.9999998655731083,0.30771847878368913,0.2684700973091576,2.5839648246765137,0.5231474644266374,0.09375,1.29296875,5.0,0.12890625,3.0,256.0,0.39252441106500385,2.557243515587443,0.5688215493329377,0.7742850546080281,0.9999998655731083,0.3252303399428731,0.2763988031963651,2.715571880340576,0.5151058301832443,0.11,1.3375,5.0,0.1425,3.0,400.0,0.400563876196609,2.557243515587443,0.5785929186614596,0.773753256482404,0.9999999064100031,0.3244798692890016,0.2718728629309284,2.715571880340576,0.5037841614062583,0.111328125,1.33984375,5.0,0.142578125,3.0,512.0,0.40083666846056437,2.557243515587443,0.5659087863261087,0.7728362887840384,0.9999999064100031,0.3215589052884457,0.264592342459884,4.900228500366211,0.5036396069213107,0.1092896174863388,1.3237704918032787,5.0,0.13797814207650272,3.0,732.0,0.40083666846056437,2.557243515587443,0.5659087863261087,0.7728362887840384,0.9999999064100031,0.3215589052884457,0.264592342459884,4.900228500366211,0.5036396069213107,0.1092896174863388,1.3237704918032787,5.0,0.13797814207650272,3.0,732.0
58,"A government needs to assign new ambassadors to Venezuela, Yemen, and Zambia. The candidates for these ambassadorships are Jaramillo, Kayne, Landon, Novetzke, and Ong. One ambassador will be assigned to each country, and no ambassador will be assigned to more than one country. The assignment of the ambassadors must meet the following constraints: Either Kayne or Novetzke, but not both, is assigned to one of the ambassadorships. If Jaramillo is assigned to one of the ambassadorships, then so is Kayne. If Ong is assigned as ambassador to Venezuela, Kayne is not assigned as ambassador to Yemen. If Landon is assigned to an ambassadorship, it is to Zambia.Q: Which one of the following, if substituted for the constraint that if Jaramillo is assigned to one of the ambassadorships, then so is Kayne, would have the same effect in determining the assignment of the ambassadors? Answer Choices: (A)If Kayne is assigned to an ambassadorship, then so is Jaramillo. (B)If Landon and Ong are both assigned to ambassadorships, then so is Novetzke. (C)If Ong is not assigned to an ambassadorship, then Kayne is assigned to an ambassadorship. (D)Jaramillo and Novetzke are not both assigned to ambassadorships. (E)Novetzke and Ong are not both assigned to ambassadorships.","A government needs to assign new ambassadors to Venezuela, Yemen, and Zambia. The candidates for these ambassadorships are Jaramillo, Kayne, Landon, Novetzke, and Ong. One ambassador will be assigned to each country, and no ambassador will be assigned to more than one country. The assignment of the ambassadors must meet the following constraints: Either Kayne or Novetzke, but not both, is assigned to one of the ambassadorships. If Jaramillo is assigned to one of the ambassadorships, then so is Kayne. If Ong is assigned as ambassador to Venezuela, Kayne is not assigned as ambassador to Yemen. If Landon is assigned to an ambassadorship, it is to Zambia.Q: Which one of the following, if substituted for the constraint that if Jaramillo is assigned to one of the ambassadorships, then so is Kayne, would have the same effect in determining the assignment of the ambassadors? Answer Choices: (A)If Kayne is assigned to an ambassadorship, then so is Jaramillo. (B)If Landon and Ong are both assigned to ambassadorships, then so is Novetzke. (C)If Ong is not assigned to an ambassadorship, then Kayne is assigned to an ambassadorship. (D)Jaramillo and Novetzke are not both assigned to ambassadorships. (E)Novetzke and Ong are not both assigned to ambassadorships.",,D,Jaramillo and Novetzke are not both assigned to ambassadorships.,3,,none,0,,,,8012,0,8012,0,1,length,0,100.27550649642944,0.4185978086745194,3.5454046380569912,0.5671005815089769,0.7668764905660093,0.9999999982276023,0.3189307366012885,0.27620043497990276,6.74627161026001,0.5296491625774995,0.1053419870194708,1.3282576135796305,14.0,0.12406390414378432,4.0,8012.0,0.36848890828217995,2.240093406294647,0.5442274372363823,0.8080574820651032,0.9999995367001239,0.28722752627009723,0.27251078963008046,2.9602792263031006,0.5674230092626712,0.0625,1.2734375,5.0,0.0625,1.0,128.0,0.3871929477804603,2.8546451285259127,0.5782358128193499,0.795123125342756,0.9999999700594556,0.29871682997781257,0.2671580154030557,2.9602792263031006,0.5416582776176017,0.0859375,1.3203125,8.0,0.09765625,2.0,256.0,0.42564666812373964,2.8546451285259127,0.608840367314983,0.782495509023946,0.9999999700594556,0.3082504867731997,0.2759559515961297,3.558971643447876,0.5458602065974089,0.095,1.35,8.0,0.1175,3.0,400.0,0.38480734374145004,2.8546451285259127,0.5789069526920607,0.8009304011891761,0.9999999714616598,0.29796094023576525,0.2500273124087161,3.558971643447876,0.51874871033518,0.0859375,1.30078125,8.0,0.103515625,3.0,512.0,0.39819515944594747,2.8546451285259127,0.5662400066181986,0.7833614241641729,0.9999999714616598,0.3100942535734182,0.2589163851288883,3.558971643447876,0.5132500030236751,0.0927734375,1.3056640625,8.0,0.111328125,3.0,1024.0,0.41892091628196987,2.8546451285259127,0.5617455832476528,0.7646690184250329,0.9999999960996739,0.31907639541392396,0.27632480226660877,4.922554969787598,0.5206440135359087,0.10693359375,1.31787109375,8.0,0.1240234375,3.0,2048.0,,,,,,,,,,,,,,,,,,,,,,,,,,,,,,,,,,,,,,,,,,,,,,,,,,,,,,,,,,,,,,,,,,,,,,,,,,,,,,,,,,,,,,,,,,,,,,,,,,,,,,,,,
59,"On the first day of a two-day study for a cycling magazine, four riders—Reynaldo, Seamus, Theresa, and Yuki—will each test one of four bicycles—F, G, H, and J. Each rider will then test a different one of the bicycles on the second day. Each rider tests only one bicycle per day, and all four bicycles are tested each day. The assignment of riders to bicycles is subject to the following conditions: Reynaldo cannot test F. Yuki cannot test J. Theresa must be one of the testers for H. The bicycle that Yuki tests on the first day must be tested by Seamus on the second day.Q: Which one of the following is a possible assignment of riders to bicycles, with the riders for each bicycle listed in the order in which they test the bicycle? Answer Choices: (A)F: Seamus, Reynaldo; G: Yuki, Seamus; H: Theresa, Yuki; J: Reynaldo, Theresa (B)F: Seamus, Yuki; G: Reynaldo, Theresa; H: Yuki, Seamus; J: Theresa, Reynaldo (C)F: Yuki, Seamus; G: Seamus, Reynaldo; H: Theresa, Yuki; J: Reynaldo, Theresa (D)F: Yuki, Seamus; G: Theresa, Reynaldo; H: Reynaldo, Theresa; J: Seamus, Yuki (E)F: Yuki, Theresa; G: Seamus, Yuki; H: Theresa, Reynaldo; J: Reynaldo, Seamus","On the first day of a two-day study for a cycling magazine, four riders—Reynaldo, Seamus, Theresa, and Yuki—will each test one of four bicycles—F, G, H, and J. Each rider will then test a different one of the bicycles on the second day. Each rider tests only one bicycle per day, and all four bicycles are tested each day. The assignment of riders to bicycles is subject to the following conditions: Reynaldo cannot test F. Yuki cannot test J. Theresa must be one of the testers for H. The bicycle that Yuki tests on the first day must be tested by Seamus on the second day.Q: Which one of the following is a possible assignment of riders to bicycles, with the riders for each bicycle listed in the order in which they test the bicycle? Answer Choices: (A)F: Seamus, Reynaldo; G: Yuki, Seamus; H: Theresa, Yuki; J: Reynaldo, Theresa (B)F: Seamus, Yuki; G: Reynaldo, Theresa; H: Yuki, Seamus; J: Theresa, Reynaldo (C)F: Yuki, Seamus; G: Seamus, Reynaldo; H: Theresa, Yuki; J: Reynaldo, Theresa (D)F: Yuki, Seamus; G: Theresa, Reynaldo; H: Reynaldo, Theresa; J: Seamus, Yuki (E)F: Yuki, Theresa; G: Seamus, Yuki; H: Theresa, Reynaldo; J: Reynaldo, Seamus",,C,"F: Yuki, Seamus; G: Seamus, Reynaldo; H: Theresa, Yuki; J: Reynaldo, Theresa",2,C,final_answer,1,"

The problem asks us to identify the correct assignment of riders to bicycles for two days based on a set of constraints. Let's break down the constraints and evaluate the options.

**Constraints:**
1.  **Reynaldo (R)** cannot test bicycle **F** (on either day).
2.  **Yuki (Y)** cannot test bicycle **J** (on either day).
3.  **Theresa (T)** must test bicycle **H** on either Day 1 or Day 2.
4.  The bicycle that **Yuki** tests on **Day 1** must be tested by **Seamus (S)** on **Day 2**.
5.  Each rider tests exactly one bicycle per day.
6.  Each bicycle is tested by exactly one rider per day.
7.  Each rider tests a *different* bicycle on Day 2 than on Day 1 ($B_{rider}(D1) \neq B_{rider}(D2)$).
8.  The options list riders for each bicycle in the order they test it, which implies **Day 1, then Day 2**.

**Evaluation of Option (A):**
*   **F:** Seamus, Reynaldo.
*   Constraint 1 says Reynaldo cannot test F. Here, Reynaldo tests F on Day 2.
*   **Result:** Invalid.

**Evaluation of Option (B):**
*   **H:** Yuki, Seamus.
*   Constraint 3 says Theresa must test H. In this option, Theresa tests J (Day 1) and G (Day 2). She does not test H.
*   **Result:** Invalid.

**Evaluation of Option (C):**
*   **F:** Yuki, Seamus.
    *   Y tests F on Day 1. S tests F on Day 2. (Matches Constraint 4).
    *   R does not test F. (Matches Constraint 1).
*   **G:** Seamus, Reynaldo.
    *   S tests G on Day 1. R tests G on Day 2.
*   **H:** Theresa, Yuki.
    *   T tests H on Day 1. (Matches Constraint 3).
    *   Y tests H on Day 2.
*   **J:** Reynaldo, Theresa.
    *   R tests J on Day 1. T tests J on Day 2.
    *   Y does not test J. (Matches Constraint 2).
*   **Check Rider Consistency:**
    *   **Day 1:** Y(F), S(G), T(H), R(J). All distinct.
    *   **Day 2:** S(F), R(G), Y(H), T(J). All distinct.
    *   **Rider Changes:**
        *   Y: F $\to$ H (Different)
        *   S: G $\to$ F (Different)
        *   T: H $\to$ J (Different)
        *   R: J $\to$ G (Different)
*   **Result:** Valid.

**Evaluation of Option (D):**
*   **J:** Seamus, Yuki.
*   Constraint 2 says Yuki cannot test J. Here, Yuki tests J on Day 2.
*   **Result:** Invalid.

**Evaluation of Option (E):**
*   **F:** Yuki, Theresa.
*   Constraint 4 says if Y tests a bike on Day 1, S must test it on Day 2.
*   Here, Y tests F on Day 1. Therefore, S must test F on Day 2.
*   However, F is tested by Yuki and Theresa. Seamus does not test F.
*   **Result:** Invalid.

Only Option (C) satisfies all conditions.

Final Answer: C

Final Answer: C",,"

The problem asks us to identify the correct assignment of riders to bicycles for two days based on a set of constraints. Let's break down the constraints and evaluate the options.

**Constraints:**
1.  **Reynaldo (R)** cannot test bicycle **F** (on either day).
2.  **Yuki (Y)** cannot test bicycle **J** (on either day).
3.  **Theresa (T)** must test bicycle **H** on either Day 1 or Day 2.
4.  The bicycle that **Yuki** tests on **Day 1** must be tested by **Seamus (S)** on **Day 2**.
5.  Each rider tests exactly one bicycle per day.
6.  Each bicycle is tested by exactly one rider per day.
7.  Each rider tests a *different* bicycle on Day 2 than on Day 1 ($B_{rider}(D1) \neq B_{rider}(D2)$).
8.  The options list riders for each bicycle in the order they test it, which implies **Day 1, then Day 2**.

**Evaluation of Option (A):**
*   **F:** Seamus, Reynaldo.
*   Constraint 1 says Reynaldo cannot test F. Here, Reynaldo tests F on Day 2.
*   **Result:** Invalid.

**Evaluation of Option (B):**
*   **H:** Yuki, Seamus.
*   Constraint 3 says Theresa must test H. In this option, Theresa tests J (Day 1) and G (Day 2). She does not test H.
*   **Result:** Invalid.

**Evaluation of Option (C):**
*   **F:** Yuki, Seamus.
    *   Y tests F on Day 1. S tests F on Day 2. (Matches Constraint 4).
    *   R does not test F. (Matches Constraint 1).
*   **G:** Seamus, Reynaldo.
    *   S tests G on Day 1. R tests G on Day 2.
*   **H:** Theresa, Yuki.
    *   T tests H on Day 1. (Matches Constraint 3).
    *   Y tests H on Day 2.
*   **J:** Reynaldo, Theresa.
    *   R tests J on Day 1. T tests J on Day 2.
    *   Y does not test J. (Matches Constraint 2).
*   **Check Rider Consistency:**
    *   **Day 1:** Y(F), S(G), T(H), R(J). All distinct.
    *   **Day 2:** S(F), R(G), Y(H), T(J). All distinct.
    *   **Rider Changes:**
        *   Y: F $\to$ H (Different)
        *   S: G $\to$ F (Different)
        *   T: H $\to$ J (Different)
        *   R: J $\to$ G (Different)
*   **Result:",6118,0,6118,825,0,stop,0,80.20439958572388,0.24358960925986778,2.984175908683452,0.46654069819883387,0.8615925386349774,0.9999999937836277,0.26737295838408215,0.15195411618918434,4.758619785308838,0.39307148966970956,0.05998692383131742,1.1791435109512913,9.0,0.06897678980058843,3.0,6118.0,0.4144790300652176,2.5190945166433387,0.5660577987554477,0.7619213338693444,0.9999998371899097,0.3274425076633866,0.29494770779180784,3.943702220916748,0.5741229098302282,0.1015625,1.34375,6.0,0.1171875,2.0,128.0,0.3376216688066523,2.5190945166433387,0.5072788136379527,0.8045910996750477,0.9999998371899097,0.301403854549422,0.22667232479763516,3.943702220916748,0.48403026219920076,0.0859375,1.2421875,6.0,0.09375,2.0,256.0,0.3256085953007078,2.7601781914675265,0.5104991075633831,0.8133626625290371,0.9999999156077111,0.2975657931880522,0.22666141269059595,4.164947986602783,0.5116327065530564,0.0875,1.2375,6.0,0.1025,2.0,400.0,0.2759793119451501,2.7601781914675265,0.48092750510659305,0.8450711605262207,0.9999999156077111,0.27720487379018066,0.19632999511179539,4.164947986602783,0.5002128340192834,0.0703125,1.1953125,6.0,0.08203125,2.0,512.0,0.32560283662907696,2.7601781914675265,0.5320745758616687,0.8251922931774233,0.9999999156077111,0.28987781671689206,0.20606069691044218,4.164947986602783,0.47411140706070126,0.0751953125,1.2431640625,7.0,0.0849609375,2.0,1024.0,0.26237678801152525,2.762143288207162,0.49073057628259953,0.8569872715004286,0.999999991665014,0.27020853402821393,0.1621530395687717,4.164947986602783,0.41510979117655733,0.0634765625,1.19287109375,7.0,0.07421875,3.0,2048.0,0.3506146558260758,2.7601781914675265,0.5386231979444932,0.8108896453866915,0.9999999156077111,0.29571708771813293,0.22415583510791212,4.164947986602783,0.4952697241232345,0.08242424242424243,1.256969696969697,7.0,0.09454545454545454,2.0,825.0,0.4144790300652176,2.5190945166433387,0.5660577987554477,0.7619213338693444,0.9999998371899097,0.3274425076633866,0.29494770779180784,3.943702220916748,0.5741229098302282,0.1015625,1.34375,6.0,0.1171875,2.0,128.0,0.3376216688066523,2.5190945166433387,0.5072788136379527,0.8045910996750477,0.9999998371899097,0.301403854549422,0.22667232479763516,3.943702220916748,0.48403026219920076,0.0859375,1.2421875,6.0,0.09375,2.0,256.0,0.3256085953007078,2.7601781914675265,0.5104991075633831,0.8133626625290371,0.9999999156077111,0.2975657931880522,0.22666141269059595,4.164947986602783,0.5116327065530564,0.0875,1.2375,6.0,0.1025,2.0,400.0,0.2759793119451501,2.7601781914675265,0.48092750510659305,0.8450711605262207,0.9999999156077111,0.27720487379018066,0.19632999511179539,4.164947986602783,0.5002128340192834,0.0703125,1.1953125,6.0,0.08203125,2.0,512.0,0.3506146558260758,2.7601781914675265,0.5386231979444932,0.8108896453866915,0.9999999156077111,0.29571708771813293,0.22415583510791212,4.164947986602783,0.4952697241232345,0.08242424242424243,1.256969696969697,7.0,0.09454545454545454,2.0,825.0,0.3506146558260758,2.7601781914675265,0.5386231979444932,0.8108896453866915,0.9999999156077111,0.29571708771813293,0.22415583510791212,4.164947986602783,0.4952697241232345,0.08242424242424243,1.256969696969697,7.0,0.09454545454545454,2.0,825.0
60,"On the first day of a two-day study for a cycling magazine, four riders—Reynaldo, Seamus, Theresa, and Yuki—will each test one of four bicycles—F, G, H, and J. Each rider will then test a different one of the bicycles on the second day. Each rider tests only one bicycle per day, and all four bicycles are tested each day. The assignment of riders to bicycles is subject to the following conditions: Reynaldo cannot test F. Yuki cannot test J. Theresa must be one of the testers for H. The bicycle that Yuki tests on the first day must be tested by Seamus on the second day.Q: If Theresa tests G on the second day, then which one of the following must be true? Answer Choices: (A)Reynaldo tests H on the first day. (B)Reynaldo tests J on the first day. (C)Theresa tests H on the second day. (D)Theresa tests J on the first day. (E)Yuki tests H on the second day.","On the first day of a two-day study for a cycling magazine, four riders—Reynaldo, Seamus, Theresa, and Yuki—will each test one of four bicycles—F, G, H, and J. Each rider will then test a different one of the bicycles on the second day. Each rider tests only one bicycle per day, and all four bicycles are tested each day. The assignment of riders to bicycles is subject to the following conditions: Reynaldo cannot test F. Yuki cannot test J. Theresa must be one of the testers for H. The bicycle that Yuki tests on the first day must be tested by Seamus on the second day.Q: If Theresa tests G on the second day, then which one of the following must be true? Answer Choices: (A)Reynaldo tests H on the first day. (B)Reynaldo tests J on the first day. (C)Theresa tests H on the second day. (D)Theresa tests J on the first day. (E)Yuki tests H on the second day.",,E,Yuki tests H on the second day.,4,E,final_answer,1,"

The problem asks us to determine which statement must be true given a specific assignment for Theresa on the second day.

**1. Analyze the Conditions:**
*   **Riders:** Reynaldo (R), Seamus (S), Theresa (T), Yuki (Y).
*   **Bicycles:** F, G, H, J.
*   **Structure:** 2 Days (Day 1, Day 2). Each rider tests one bike per day. Each bike tested once per day.
*   **Condition 1:** R $\neq$ F.
*   **Condition 2:** Y $\neq$ J.
*   **Condition 3:** T tests H on at least one day (T(D1) = H or T(D2) = H).
*   **Condition 4:** Y(D1) = S(D2).
*   **Scenario:** T tests G on Day 2 (T(D2) = G).

**2. Deduce Assignments:**
*   From the Scenario, **T(D2) = G**.
*   From Condition 3, T must test H on at least one day. Since T(D2) = G, T cannot test H on Day 2. Therefore, **T(D1) = H**.
*   Now look at Condition 4: **Y(D1) = S(D2)**.
    *   Y(D1) must be a bike not taken by T on Day 1. Since T(D1) = H, Y(D1) $\in \{F, G, J\}$.
    *   S(D2) must be a bike not taken by T on Day 2. Since T(D2) = G, S(D2) $\in \{F, H, J\}$.
    *   Therefore, Y(D1) must be in the intersection of these sets: $\{F, J\}$.
*   From Condition 2, **Y $\neq$ J**. This applies to both days. So Y(D1) cannot be J.
*   This leaves only one possibility for Y(D1): **Y(D1) = F**.
*   Consequently, **S(D2) = F** (from Condition 4).

**3. Analyze Day 2 for Yuki:**
*   We know the assignments for Day 2 so far:
    *   T(D2) = G
    *   S(D2) = F
*   The remaining bicycles for Day 2 are H and J. The remaining riders are R and Y.
*   So, {R(D2), Y(D2)} = {H, J}.
*   From Condition 2, Y $\neq$ J. Therefore, Y(D2) cannot be J.
*   This forces **Y(D2) = H**.
*   Consequently, R(D2) = J.

**4. Evaluate the Answer Choices:**
*   (A) Reynaldo tests H on the first day.
    *   We know T(D1) = H. So R(D1) cannot be H. **False.**
*   (B) Reynaldo tests J on the first day.
    *   On Day 1, T=H, Y=F. Remaining bikes are G and J. R(D1) could be G or J. There is no constraint forcing R(D1) to be J. **Not necessarily true.**
*   (C) Theresa tests H on the second day.
    *   We know T(D2) = G. **False.**
*   (D) Theresa tests J on the first day.
    *   We know T(D1) = H. **False.**
*   (E) Yuki tests H on the second day.
    *   We deduced Y(D2) = H. **Must be true.**

Final Answer: E

Final Answer: E",,"

The problem asks us to determine which statement must be true given a specific assignment for Theresa on the second day.

**1. Analyze the Conditions:**
*   **Riders:** Reynaldo (R), Seamus (S), Theresa (T), Yuki (Y).
*   **Bicycles:** F, G, H, J.
*   **Structure:** 2 Days (Day 1, Day 2). Each rider tests one bike per day. Each bike tested once per day.
*   **Condition 1:** R $\neq$ F.
*   **Condition 2:** Y $\neq$ J.
*   **Condition 3:** T tests H on at least one day (T(D1) = H or T(D2) = H).
*   **Condition 4:** Y(D1) = S(D2).
*   **Scenario:** T tests G on Day 2 (T(D2) = G).

**2. Deduce Assignments:**
*   From the Scenario, **T(D2) = G**.
*   From Condition 3, T must test H on at least one day. Since T(D2) = G, T cannot test H on Day 2. Therefore, **T(D1) = H**.
*   Now look at Condition 4: **Y(D1) = S(D2)**.
    *   Y(D1) must be a bike not taken by T on Day 1. Since T(D1) = H, Y(D1) $\in \{F, G, J\}$.
    *   S(D2) must be a bike not taken by T on Day 2. Since T(D2) = G, S(D2) $\in \{F, H, J\}$.
    *   Therefore, Y(D1) must be in the intersection of these sets: $\{F, J\}$.
*   From Condition 2, **Y $\neq$ J**. This applies to both days. So Y(D1) cannot be J.
*   This leaves only one possibility for Y(D1): **Y(D1) = F**.
*   Consequently, **S(D2) = F** (from Condition 4).

**3. Analyze Day 2 for Yuki:**
*   We know the assignments for Day 2 so far:
    *   T(D2) = G
    *   S(D2) = F
*   The remaining bicycles for Day 2 are H and J. The remaining riders are R and Y.
*   So, {R(D2), Y(D2)} = {H, J}.
*   From Condition 2, Y $\neq$ J. Therefore, Y(D2) cannot be J.
*   This forces **Y(D2) = H**.
*   Consequently, R(D2) = J.

**4. Evaluate the Answer Choices:**
*   (A) Reynaldo tests H on the first day.
    *   We know T(D1) = H. So R(D1) cannot be H. **False.**
*   (B) Reynaldo tests J on the first day.
    *   On Day 1, T=H, Y=F. Remaining bikes are G and J. R(D1) could be G or J. There is no constraint forcing R(D1) to be J. **Not necessarily true.**
*   (C) T",6505,0,6505,877,0,stop,0,83.96167755126953,0.32606471829041783,3.3289833825245445,0.5332027854791143,0.8179021639923155,0.9999999979058148,0.2978943634987124,0.2095938394669351,4.515281677246094,0.46261764397590777,0.08178324365872405,1.2610299769408149,11.0,0.1005380476556495,4.0,6505.0,0.29656346132925143,2.2977051671120337,0.48427530230590393,0.8216917404054063,0.9999996925225259,0.2960111679160339,0.19262651011848397,2.816370964050293,0.4249552586042096,0.078125,1.2421875,4.0,0.078125,1.0,128.0,0.2869344535448683,2.3930549695997128,0.48462222820768763,0.8312358930230326,0.9999997169096967,0.2901121523536049,0.18289878330996673,2.816370964050293,0.4070151866078648,0.08203125,1.2265625,5.0,0.0859375,2.0,256.0,0.28052168751480494,2.3930549695997128,0.4857213170551383,0.8382956188054131,0.9999999470540382,0.28543584572308295,0.18905292715047772,3.7553322315216064,0.4511525012846144,0.0825,1.2225,5.0,0.1025,4.0,400.0,0.2703627448158642,2.3930549695997128,0.47801272438573994,0.8452547805002184,0.9999999493793593,0.27895400592965114,0.1778159184001144,3.7553322315216064,0.429501215348451,0.072265625,1.21484375,5.0,0.087890625,4.0,512.0,0.31083321651622,2.6815859872618026,0.5218454911703083,0.8206184017667882,0.9999999493793593,0.30010205503830745,0.20281669344940895,4.123620986938477,0.4618703199513914,0.091796875,1.2646484375,6.0,0.1162109375,4.0,1024.0,0.34004356928592505,2.9422630927999194,0.5382777369072121,0.8103872403687058,0.9999999493793593,0.3016841087640077,0.21733714945181037,4.123620986938477,0.46934671649814136,0.0888671875,1.27783203125,9.0,0.10791015625,4.0,2048.0,0.29863407193882957,2.6815859872618026,0.5141472455820354,0.8271697209634269,0.9999999493793593,0.297131278102189,0.19341819620451145,3.7553322315216064,0.4395593063143923,0.09007981755986318,1.2519954389965793,6.0,0.11402508551881414,4.0,877.0,0.29656346132925143,2.2977051671120337,0.48427530230590393,0.8216917404054063,0.9999996925225259,0.2960111679160339,0.19262651011848397,2.816370964050293,0.4249552586042096,0.078125,1.2421875,4.0,0.078125,1.0,128.0,0.2869344535448683,2.3930549695997128,0.48462222820768763,0.8312358930230326,0.9999997169096967,0.2901121523536049,0.18289878330996673,2.816370964050293,0.4070151866078648,0.08203125,1.2265625,5.0,0.0859375,2.0,256.0,0.28052168751480494,2.3930549695997128,0.4857213170551383,0.8382956188054131,0.9999999470540382,0.28543584572308295,0.18905292715047772,3.7553322315216064,0.4511525012846144,0.0825,1.2225,5.0,0.1025,4.0,400.0,0.2703627448158642,2.3930549695997128,0.47801272438573994,0.8452547805002184,0.9999999493793593,0.27895400592965114,0.1778159184001144,3.7553322315216064,0.429501215348451,0.072265625,1.21484375,5.0,0.087890625,4.0,512.0,0.29863407193882957,2.6815859872618026,0.5141472455820354,0.8271697209634269,0.9999999493793593,0.297131278102189,0.19341819620451145,3.7553322315216064,0.4395593063143923,0.09007981755986318,1.2519954389965793,6.0,0.11402508551881414,4.0,877.0,0.29863407193882957,2.6815859872618026,0.5141472455820354,0.8271697209634269,0.9999999493793593,0.297131278102189,0.19341819620451145,3.7553322315216064,0.4395593063143923,0.09007981755986318,1.2519954389965793,6.0,0.11402508551881414,4.0,877.0
61,"On the first day of a two-day study for a cycling magazine, four riders—Reynaldo, Seamus, Theresa, and Yuki—will each test one of four bicycles—F, G, H, and J. Each rider will then test a different one of the bicycles on the second day. Each rider tests only one bicycle per day, and all four bicycles are tested each day. The assignment of riders to bicycles is subject to the following conditions: Reynaldo cannot test F. Yuki cannot test J. Theresa must be one of the testers for H. The bicycle that Yuki tests on the first day must be tested by Seamus on the second day.Q: Any of the following could be true EXCEPT: Answer Choices: (A)Reynaldo tests J on the first day. (B)Reynaldo tests J on the second day. (C)Seamus tests H on the first day. (D)Yuki tests H on the first day. (E)Yuki tests H on the second day.","On the first day of a two-day study for a cycling magazine, four riders—Reynaldo, Seamus, Theresa, and Yuki—will each test one of four bicycles—F, G, H, and J. Each rider will then test a different one of the bicycles on the second day. Each rider tests only one bicycle per day, and all four bicycles are tested each day. The assignment of riders to bicycles is subject to the following conditions: Reynaldo cannot test F. Yuki cannot test J. Theresa must be one of the testers for H. The bicycle that Yuki tests on the first day must be tested by Seamus on the second day.Q: Any of the following could be true EXCEPT: Answer Choices: (A)Reynaldo tests J on the first day. (B)Reynaldo tests J on the second day. (C)Seamus tests H on the first day. (D)Yuki tests H on the first day. (E)Yuki tests H on the second day.",,D,Yuki tests H on the first day.,3,D,bracketed,1,"

The problem asks us to identify which of the given scenarios is impossible based on the provided constraints. Let's analyze the constraints and the specific case for Option (D).

**Constraints:**
1.  **Riders:** Reynaldo (R), Seamus (S), Theresa (T), Yuki (Y).
2.  **Bicycles:** F, G, H, J.
3.  **Day 1:** Each rider tests a different bicycle. All 4 are tested.
4.  **Day 2:** Each rider tests a different bicycle. All 4 are tested.
5.  **R1 ≠ F:** Reynaldo cannot test F on Day 1.
6.  **Y1 ≠ J:** Yuki cannot test J on Day 1.
7.  **T tests H:** Theresa must test H on Day 1 or Day 2 ($T_1 = H \lor T_2 = H$).
8.  **S2 = Y1:** The bicycle Yuki tests on Day 1 is tested by Seamus on Day 2.

**Analyzing Option (D): Yuki tests H on the first day ($Y_1 = H$).**
1.  Assume $Y_1 = H$.
2.  From Constraint 8 ($S_2 = Y_1$), it follows that $S_2 = H$.
3.  From Constraint 7 (Theresa must test H), Theresa must test H on either Day 1 or Day 2.
4.  However, on Day 1, Yuki is testing H ($Y_1 = H$). Since each bicycle is tested by exactly one rider per day, Theresa cannot test H on Day 1 ($T_1 \neq H$).
5.  Therefore, Theresa must test H on Day 2 ($T_2 = H$).
6.  Now, on Day 2, we have established that Seamus tests H ($S_2 = H$) and Theresa tests H ($T_2 = H$).
7.  This implies two different riders (Seamus and Theresa) are testing the same bicycle (H) on Day 2.
8.  Constraint 4 states that on Day 2, ""all four bicycles are tested each day"" and ""Each rider will then test a different one of the bicycles"". This implies a one",,"

The problem asks us to identify which of the given scenarios is impossible based on the provided constraints. Let's analyze the constraints and the specific case for Option (D).

**Constraints:**
1.  **Riders:** Reynaldo (R), Seamus (S), Theresa (T), Yuki (Y).
2.  **Bicycles:** F, G, H, J.
3.  **Day 1:** Each rider tests a different bicycle. All 4 are tested.
4.  **Day 2:** Each rider tests a different bicycle. All 4 are tested.
5.  **R1 ≠ F:** Reynaldo cannot test F on Day 1.
6.  **Y1 ≠ J:** Yuki cannot test J on Day 1.
7.  **T tests H:** Theresa must test H on Day 1 or Day 2 ($T_1 = H \lor T_2 = H$).
8.  **S2 = Y1:** The bicycle Yuki tests on Day 1 is tested by Seamus on Day 2.

**Analyzing Option (D): Yuki tests H on the first day ($Y_1 = H$).**
1.  Assume $Y_1 = H$.
2.  From Constraint 8 ($S_2 = Y_1$), it follows that $S_2 = H$.
3.  From Constraint 7 (Theresa must test H), Theresa must test H on either Day 1 or Day 2.
4.  However, on Day 1, Yuki is testing H ($Y_1 = H$). Since each bicycle is tested by exactly one rider per day, Theresa cannot test H on Day 1 ($T_1 \neq H$).
5.  Therefore, Theresa must test H on Day 2 ($T_2 = H$).
6.  Now, on Day 2, we have established that Seamus tests H ($S_2 = H$) and Theresa tests H ($T_2 = H$).
7.  This implies two different riders (Seamus and Theresa) are testing the same bicycle (H) on Day 2.
8.  Constraint 4 states that on Day 2, ""all four bicycles are tested each day"" and ""Each rider will then test a different one of the bicycles"". This implies a one",8012,0,8012,0,1,length,0,101.7970962524414,0.2994164012955963,2.8826931330726575,0.5122949998858206,0.8307298118021789,0.9999999983837656,0.2912049704300679,0.195070205352478,6.077072620391846,0.4536813599518729,0.07601098352471293,1.2306540189715427,9.0,0.09236145781328008,5.0,8012.0,0.2993354209248771,1.96027616154891,0.41753037673727283,0.8103994084656562,0.9999994445811998,0.29501738232850166,0.1919725466416522,2.390535831451416,0.4064081627750139,0.109375,1.15625,4.0,0.1484375,4.0,128.0,0.2710928193658259,2.490182477878852,0.44760701478713505,0.8356260041911268,0.9999999429703077,0.2866966419524261,0.17524073992362096,3.17032527923584,0.4147493566210803,0.08203125,1.16796875,5.0,0.10546875,4.0,256.0,0.24189369076471187,2.490182477878852,0.42989901129312025,0.8538220431349351,0.9999999429703077,0.27244414558839497,0.14650742634135736,3.17032527923584,0.36440083590698946,0.0725,1.1525,5.0,0.0875,4.0,400.0,0.30543974423050524,2.50581186057484,0.4856710517505887,0.8161200336913963,0.9999999429703077,0.2998867120746639,0.1987595846495092,3.93528151512146,0.44195061129481855,0.08984375,1.216796875,5.0,0.103515625,4.0,512.0,0.3316835998103561,2.7742648853108003,0.5278519513090927,0.8088042000897668,0.9999999429703077,0.3068067197581319,0.21616437972796484,3.93528151512146,0.4658262873124725,0.0908203125,1.2568359375,9.0,0.1025390625,4.0,1024.0,0.3472884697180527,2.7742648853108003,0.5281945332959733,0.7968833362701241,0.999999996027012,0.3118508696332709,0.23280793074327075,4.049134731292725,0.4851705986604953,0.1005859375,1.26806640625,9.0,0.115234375,4.0,2048.0,,,,,,,,,,,,,,,,,,,,,,,,,,,,,,,,,,,,,,,,,,,,,,,,,,,,,,,,,,,,,,,,,,,,,,,,,,,,,,,,,,,,,,,,,,,,,,,,,,,,,,,,,
62,"On the first day of a two-day study for a cycling magazine, four riders—Reynaldo, Seamus, Theresa, and Yuki—will each test one of four bicycles—F, G, H, and J. Each rider will then test a different one of the bicycles on the second day. Each rider tests only one bicycle per day, and all four bicycles are tested each day. The assignment of riders to bicycles is subject to the following conditions: Reynaldo cannot test F. Yuki cannot test J. Theresa must be one of the testers for H. The bicycle that Yuki tests on the first day must be tested by Seamus on the second day.Q: Which one of the following CANNOT be true? Answer Choices: (A)Reynaldo tests G on the second day. (B)Seamus tests F on the first day. (C)Theresa tests F on the second day. (D)Reynaldo tests H on the first day. (E)Yuki tests F on the second day.","On the first day of a two-day study for a cycling magazine, four riders—Reynaldo, Seamus, Theresa, and Yuki—will each test one of four bicycles—F, G, H, and J. Each rider will then test a different one of the bicycles on the second day. Each rider tests only one bicycle per day, and all four bicycles are tested each day. The assignment of riders to bicycles is subject to the following conditions: Reynaldo cannot test F. Yuki cannot test J. Theresa must be one of the testers for H. The bicycle that Yuki tests on the first day must be tested by Seamus on the second day.Q: Which one of the following CANNOT be true? Answer Choices: (A)Reynaldo tests G on the second day. (B)Seamus tests F on the first day. (C)Theresa tests F on the second day. (D)Reynaldo tests H on the first day. (E)Yuki tests F on the second day.",,C,Theresa tests F on the second day.,2,,none,0,,,,8012,0,8012,0,1,length,0,96.52967977523804,0.31526067358313026,3.275630212164774,0.532624244471363,0.8225109903661086,0.9999999961319166,0.2950002061924612,0.20664110099935387,4.888422012329102,0.47069807414624854,0.08062905641537693,1.2547428856714928,12.0,0.09623065401897155,6.0,8012.0,0.2894957249268116,1.9003690400294206,0.4363375251483376,0.8338829821641788,0.999999884183973,0.2711979920985278,0.2132446854259329,3.2938995361328125,0.5471591888699385,0.0703125,1.15625,3.0,0.0859375,2.0,128.0,0.3601438933977,2.540156130071588,0.5370505484281893,0.8019608387411303,0.999999884183973,0.2959020755806155,0.2493172978776956,3.2938995361328125,0.550707237100324,0.078125,1.25390625,6.0,0.08984375,2.0,256.0,0.46826372866878413,2.755477310002789,0.6535818526902665,0.757552438796674,0.999999884183973,0.32989004662090887,0.3266202116079083,3.2938995361328125,0.6171633329547666,0.125,1.41,7.0,0.1725,6.0,400.0,0.5100256711098506,2.755477310002789,0.6819307740846893,0.7410180714707697,0.999999884183973,0.33739123935561705,0.3359887851920812,3.2938995361328125,0.5977844839967744,0.125,1.45703125,7.0,0.169921875,6.0,512.0,0.518503879315604,3.0349233956314943,0.6885124115163359,0.7338226960728634,0.9999999662823904,0.3387502494788203,0.3333376029059042,3.970247745513916,0.591068869643752,0.1259765625,1.478515625,9.0,0.166015625,6.0,1024.0,0.49199795996555756,3.275630212164774,0.6832282879304037,0.749660163223991,0.9999999717830204,0.3340164319704504,0.3228175612654572,4.661853790283203,0.5972443108047168,0.11572265625,1.458984375,12.0,0.1494140625,6.0,2048.0,,,,,,,,,,,,,,,,,,,,,,,,,,,,,,,,,,,,,,,,,,,,,,,,,,,,,,,,,,,,,,,,,,,,,,,,,,,,,,,,,,,,,,,,,,,,,,,,,,,,,,,,,
63,"On the first day of a two-day study for a cycling magazine, four riders—Reynaldo, Seamus, Theresa, and Yuki—will each test one of four bicycles—F, G, H, and J. Each rider will then test a different one of the bicycles on the second day. Each rider tests only one bicycle per day, and all four bicycles are tested each day. The assignment of riders to bicycles is subject to the following conditions: Reynaldo cannot test F. Yuki cannot test J. Theresa must be one of the testers for H. The bicycle that Yuki tests on the first day must be tested by Seamus on the second day.Q: If Theresa tests J on the first day, then which one of the following could be true? Answer Choices: (A)Reynaldo tests G on the second day. (B)Seamus tests H on the first day. (C)Yuki tests H on the second day. (D)Seamus is one of the testers for J. (E)Theresa is one of the testers for G.","On the first day of a two-day study for a cycling magazine, four riders—Reynaldo, Seamus, Theresa, and Yuki—will each test one of four bicycles—F, G, H, and J. Each rider will then test a different one of the bicycles on the second day. Each rider tests only one bicycle per day, and all four bicycles are tested each day. The assignment of riders to bicycles is subject to the following conditions: Reynaldo cannot test F. Yuki cannot test J. Theresa must be one of the testers for H. The bicycle that Yuki tests on the first day must be tested by Seamus on the second day.Q: If Theresa tests J on the first day, then which one of the following could be true? Answer Choices: (A)Reynaldo tests G on the second day. (B)Seamus tests H on the first day. (C)Yuki tests H on the second day. (D)Seamus is one of the testers for J. (E)Theresa is one of the testers for G.",,B,Seamus tests H on the first day.,1,,none,0,,,,8012,0,8012,0,1,length,0,98.08492231369019,0.2986896027464305,3.035842301153539,0.5117277833464767,0.8331334374695752,0.9999999984241263,0.28795150770565325,0.1923649179836325,4.690572261810303,0.4510381723675083,0.07438841737393909,1.2337743384922617,9.0,0.08886669995007489,5.0,8012.0,0.4135331492703332,2.246155074721114,0.5682734943005971,0.7737485314678978,0.9999993428611642,0.32567024296587266,0.26785910108937205,2.5794026851654053,0.5092199983407333,0.09375,1.3125,4.0,0.1015625,2.0,128.0,0.2712108772890479,2.523513002173669,0.5143159622124475,0.8522089510247797,0.9999995593861577,0.2875118440475173,0.17660199233597929,2.757504463195801,0.44500736968478927,0.06640625,1.22265625,6.0,0.0703125,2.0,256.0,0.22297635705581714,2.523513002173669,0.4542851733820026,0.874291404155873,0.9999999221201713,0.26364660109756455,0.14060650410456424,2.757504463195801,0.38480158046691726,0.05,1.175,6.0,0.055,2.0,400.0,0.24410714950880985,3.035842301153539,0.49126567386597914,0.8673471979473608,0.9999999891187499,0.2677961863859968,0.1700098387107694,3.2936763763427734,0.4634818359621014,0.052734375,1.205078125,9.0,0.056640625,2.0,512.0,0.3068993876653303,3.035842301153539,0.5467130136434055,0.8343131817066759,0.9999999891187499,0.29281524213322485,0.19832911269430692,4.499146938323975,0.47501738554026396,0.080078125,1.259765625,9.0,0.0908203125,3.0,1024.0,0.3175014221896749,3.035842301153539,0.5285209354677608,0.8261697113722307,0.9999999917836881,0.29214898581931753,0.20752140013626427,4.635193824768066,0.48474631997419493,0.0771484375,1.25048828125,9.0,0.08837890625,3.0,2048.0,,,,,,,,,,,,,,,,,,,,,,,,,,,,,,,,,,,,,,,,,,,,,,,,,,,,,,,,,,,,,,,,,,,,,,,,,,,,,,,,,,,,,,,,,,,,,,,,,,,,,,,,,
64,"On the first day of a two-day study for a cycling magazine, four riders—Reynaldo, Seamus, Theresa, and Yuki—will each test one of four bicycles—F, G, H, and J. Each rider will then test a different one of the bicycles on the second day. Each rider tests only one bicycle per day, and all four bicycles are tested each day. The assignment of riders to bicycles is subject to the following conditions: Reynaldo cannot test F. Yuki cannot test J. Theresa must be one of the testers for H. The bicycle that Yuki tests on the first day must be tested by Seamus on the second day.Q: Which one of the following CANNOT be true? Answer Choices: (A)Both Reynaldo and Seamus test J. (B)Both Reynaldo and Theresa test J. (C)Both Reynaldo and Yuki test G. (D)Both Seamus and Theresa test G. (E)Both Theresa and Yuki test F.","On the first day of a two-day study for a cycling magazine, four riders—Reynaldo, Seamus, Theresa, and Yuki—will each test one of four bicycles—F, G, H, and J. Each rider will then test a different one of the bicycles on the second day. Each rider tests only one bicycle per day, and all four bicycles are tested each day. The assignment of riders to bicycles is subject to the following conditions: Reynaldo cannot test F. Yuki cannot test J. Theresa must be one of the testers for H. The bicycle that Yuki tests on the first day must be tested by Seamus on the second day.Q: Which one of the following CANNOT be true? Answer Choices: (A)Both Reynaldo and Seamus test J. (B)Both Reynaldo and Theresa test J. (C)Both Reynaldo and Yuki test G. (D)Both Seamus and Theresa test G. (E)Both Theresa and Yuki test F.",,D,Both Seamus and Theresa test G.,3,,none,0,,,,8012,0,8012,0,1,length,0,99.29010438919067,0.2487122862967153,2.978686940148999,0.46663440891753494,0.85833148783701,0.9999999993988862,0.2688439844996662,0.15972819702040342,4.315993785858154,0.4060895402531726,0.06003494757863205,1.1859710434348478,9.0,0.0700199700449326,3.0,8012.0,0.28111246470438583,1.6783116842152328,0.4155988397309078,0.8187468220952423,0.9999998438727282,0.2851503641386007,0.17934749154730967,1.8244975805282593,0.34790960467974147,0.078125,1.2109375,3.0,0.0859375,2.0,128.0,0.29497175997947156,1.9445326211070921,0.45545805738010825,0.8249958118550749,0.9999998438727282,0.28547829003368397,0.20730571937906703,3.1403698921203613,0.4438798655403095,0.078125,1.20703125,3.0,0.08984375,2.0,256.0,0.3657507512859622,2.4213017461524364,0.5167569157296706,0.7908952431494002,0.9999998438727282,0.30557812170948573,0.2374934031811003,3.1403698921203613,0.44898282168371234,0.09,1.2775,6.0,0.1025,2.0,400.0,0.3619583495014636,2.4213017461524364,0.516540602866539,0.7952789920246638,0.9999999919369692,0.3009595465638681,0.24211540897142922,3.1403698921203613,0.4745648634472143,0.087890625,1.265625,6.0,0.099609375,2.0,512.0,0.31775682612361483,2.4213017461524364,0.5074401629983839,0.820197805501903,0.9999999919369692,0.29308094340941515,0.21296969115102657,4.315993785858154,0.4731293323943622,0.0751953125,1.232421875,6.0,0.08203125,2.0,1024.0,0.33542389489535435,2.978686940148999,0.5236321772599787,0.8074294657469119,0.9999999919369692,0.30265853092119555,0.22282132914384717,4.315993785858154,0.47004074958084585,0.083984375,1.26171875,9.0,0.09716796875,3.0,2048.0,,,,,,,,,,,,,,,,,,,,,,,,,,,,,,,,,,,,,,,,,,,,,,,,,,,,,,,,,,,,,,,,,,,,,,,,,,,,,,,,,,,,,,,,,,,,,,,,,,,,,,,,,
65,"Exactly eight books—F, G, H, I, K, L, M, O—are placed on a bookcase with exactly three shelves—the top shelf, the middle shelf, and the bottom shelf. At least two books are placed on each shelf. The following conditions must apply: More of the books are placed on the bottom shelf than the top shelf. I is placed on the middle shelf. K is placed on a higher shelf than F. O is placed on a higher shelf than L. F is placed on the same shelf as M.Q: Which one of the following could be a complete and accurate list of the books placed on the bottom shelf? Answer Choices: (A)F, M (B)F, H, M (C)G, H, K (D)F, G, M, O (E)G, H, L, M","Exactly eight books—F, G, H, I, K, L, M, O—are placed on a bookcase with exactly three shelves—the top shelf, the middle shelf, and the bottom shelf. At least two books are placed on each shelf. The following conditions must apply: More of the books are placed on the bottom shelf than the top shelf. I is placed on the middle shelf. K is placed on a higher shelf than F. O is placed on a higher shelf than L. F is placed on the same shelf as M.Q: Which one of the following could be a complete and accurate list of the books placed on the bottom shelf? Answer Choices: (A)F, M (B)F, H, M (C)G, H, K (D)F, G, M, O (E)G, H, L, M",,B,"F, H, M",1,B,final_answer,1,"

To determine which option could be a complete and accurate list of the books on the bottom shelf, we must analyze the constraints on the number of books per shelf and the specific placement rules.

**1. Analyze Shelf Counts:**
*   Total books: 8.
*   Shelves: Top (T), Middle (M), Bottom (B).
*   Constraint 1: At least 2 books on each shelf ($|T| \ge 2, |M| \ge 2, |B| \ge 2$).
*   Constraint 2: More books on Bottom than Top ($|B| > |T|$).
*   Sum: $|T| + |M| + |B| = 8$.

Let's find possible integer solutions for $(|T|, |M|, |B|)$:
*   Since $|T| \ge 2$ and $|B| > |T|$, $|T|$ can be 2 or 3.
    *   If $|T| = 2$, then $|B| \ge 3$.
        *   If $|B| = 3$, then $|M| = 8 - 2 - 3 = 3$. (Valid: $2, 3, 3$)
        *   If $|B| = 4$, then $|M| = 8 - 2 - 4 = 2$. (Valid: $2, 2, 4$)
        *   If $|B| = 5$, then $|M| = 1$. (Invalid: $|M| \ge 2$)
    *   If $|T| = 3$, then $|B| \ge 4$.
        *   If $|B| = 4$, then $|M| = 1$. (Invalid)
        *   If $|B| = 5$, then $|M| = 0$. (Invalid)
*   Therefore, the Bottom shelf must have either **3** or **4** books.

**2. Evaluate Answer Choices based on Counts:**
*   (A) F, M: Count = 2. This is less than the minimum required (3). **Invalid.**
*   (B) F, H, M: Count = 3. Possible.
*   (C) G, H, K: Count = 3. Possible.
*   (D) F, G, M, O: Count = 4. Possible.
*   (E) G, H, L, M: Count = 4. Possible.

**3. Evaluate Answer Choices based on Book Constraints:**
*   **Constraint:** I is on the Middle shelf.
*   **Constraint:** K is higher than F.
*   **Constraint:** O is higher than L.
*   **Constraint:** F is on the same shelf as M.

*   **Check (C) G, H, K:**
    *   K is on the Bottom shelf.
    *   Since K is higher than F, F must be on the Middle or Top shelf.
    *   Since F and M are on the same shelf, M is also on the Middle or Top shelf.
    *   F and M cannot be split.
    *   If F and M are on the Middle shelf: The Middle shelf has {I, F, M} (3 books). The Top shelf must hold the remaining books {L, O}. However, O must be higher than L. If both are on the Top shelf, this is impossible.
    *   If F and M are on the Top shelf: The Top shelf has {F, M} (2 books). The Middle shelf must hold {I, L, O} (3 books). Again, O must be higher than L. If both are on the Middle shelf, this is impossible.
    *   **Conclusion:** (C) is invalid.

*   **Check (D) F, G, M, O:**
    *   O is on the Bottom shelf.
    *   O must be higher than L. This implies L must be on a shelf lower than the Bottom shelf. There is no shelf lower than the Bottom shelf.
    *   **Conclusion:** (D) is invalid.

*   **Check (E) G, H, L, M:**
    *   M is on the Bottom shelf.
    *   F is on the same shelf as M, so F must be on the Bottom shelf.
    *   However, F is not in the list {G, H, L, M}.
    *   **Conclusion:** (E) is invalid.

*   **Check (B) F, H, M:**
    *   Books on Bottom: F, H, M. (Count 3).
    *   Remaining books: G, I, K, L, O.
    *   I is on Middle.
    *   F is on Bottom. K is higher than F, so K is on Middle or Top.
    *   L is not on Bottom (not in list). O is higher than L.
        *   If L were on Top, O would need to be higher (impossible). So L is on Middle.
        *   Since L is on Middle, O must be on Top.
    *   Current placement:
        *   Bottom: F, H, M
        *   Middle: I, L, (1 spot left)
        *   Top: O, (1 spot left)
    *   Remaining books: G, K.
    *   K can be on Middle or Top (both are higher than Bottom where F is).
    *   G can be on Middle or Top.
    *   One goes to Middle, one goes to Top. This fills the shelves perfectly (Middle has 3, Top has 2).
    *   All constraints are satisfied.
    *   **Conclusion:** (B) is valid.

Final Answer: B

Final Answer: B",,"

To determine which option could be a complete and accurate list of the books on the bottom shelf, we must analyze the constraints on the number of books per shelf and the specific placement rules.

**1. Analyze Shelf Counts:**
*   Total books: 8.
*   Shelves: Top (T), Middle (M), Bottom (B).
*   Constraint 1: At least 2 books on each shelf ($|T| \ge 2, |M| \ge 2, |B| \ge 2$).
*   Constraint 2: More books on Bottom than Top ($|B| > |T|$).
*   Sum: $|T| + |M| + |B| = 8$.

Let's find possible integer solutions for $(|T|, |M|, |B|)$:
*   Since $|T| \ge 2$ and $|B| > |T|$, $|T|$ can be 2 or 3.
    *   If $|T| = 2$, then $|B| \ge 3$.
        *   If $|B| = 3$, then $|M| = 8 - 2 - 3 = 3$. (Valid: $2, 3, 3$)
        *   If $|B| = 4$, then $|M| = 8 - 2 - 4 = 2$. (Valid: $2, 2, 4$)
        *   If $|B| = 5$, then $|M| = 1$. (Invalid: $|M| \ge 2$)
    *   If $|T| = 3$, then $|B| \ge 4$.
        *   If $|B| = 4$, then $|M| = 1$. (Invalid)
        *   If $|B| = 5$, then $|M| = 0$. (Invalid)
*   Therefore, the Bottom shelf must have either **3** or **4** books.

**2. Evaluate Answer Choices based on Counts:**
*   (A) F, M: Count = 2. This is less than the minimum required (3). **Invalid.**
*   (B) F, H, M: Count = 3. Possible.
*   (C) G, H, K: Count = 3. Possible.
*   (D) F, G, M, O: Count = 4. Possible.
*   (E) G, H, L, M: Count = 4. Possible.

**3. Evaluate Answer Choices based on Book Constraints:**
*   **Constraint:** I is on the Middle shelf.
*   **Constraint:** K is higher than F.
*   **Constraint:** O is higher than L.
*   **Constraint:** F is on the same shelf as M.

*   **Check (C) G, H, K:**
    *   K is on the Bottom shelf.
    *   Since K is higher than F, F must be on the Middle or Top shelf.
    *   Since F and M are on the same shelf, M is also on the Middle or Top shelf.
    *   F and M cannot be split.
    *   If F and M are on the Middle shelf: The Middle shelf has {I, F, M} (3 books). The Top shelf must hold the remaining books {L, O}. However, O must be higher",7536,0,7536,1423,0,stop,0,95.39577221870422,0.3256086635445058,2.770271302026046,0.5198710988972567,0.8154540982636199,0.9999999989598625,0.2967258755203589,0.21250302583197012,5.4371724128723145,0.4735959422630747,0.0809447983014862,1.2501326963906583,7.0,0.09567409766454353,4.0,7536.0,0.19006774166280646,1.2135997829019083,0.28868600642160414,0.8654350559208889,0.9999998532294024,0.24765158159916362,0.09453573548765559,0.9757487177848816,0.19515397097250506,0.0546875,1.09375,2.0,0.0546875,1.0,128.0,0.18855142541295924,2.474225643997729,0.35413624999284976,0.8778064221256756,0.9999999085240492,0.2423450191184999,0.1051322112889988,1.9122765064239502,0.2678827730607616,0.046875,1.109375,5.0,0.046875,1.0,256.0,0.21102191858243985,2.474225643997729,0.3802404726536106,0.8701067565811794,0.9999999085240492,0.24705607403044555,0.12555615309747986,2.7152209281921387,0.3266417507280036,0.0475,1.125,5.0,0.05,2.0,400.0,0.2501530810780954,2.474225643997729,0.4282356053047686,0.8481739319288942,0.9999999085240492,0.2655309381210941,0.16412838542441727,4.509976863861084,0.4180863835945893,0.0546875,1.1640625,5.0,0.060546875,2.0,512.0,0.2286701266361436,2.474225643997729,0.4278767043656663,0.864728413481811,0.9999999965013595,0.25603482497036545,0.15093797658869385,4.735104084014893,0.42856372738846116,0.0478515625,1.15234375,5.0,0.0556640625,3.0,1024.0,0.3409823781272154,2.5644119695752914,0.5264011581224379,0.8076231887600676,0.9999999965013595,0.2990331288980805,0.2269783139154188,4.923617362976074,0.5079366001512972,0.080078125,1.2548828125,6.0,0.0947265625,3.0,2048.0,0.3054183190415389,2.5644119695752914,0.5033067998376519,0.827795520051656,0.9999999965013595,0.28468736508885517,0.19823151874106196,4.923617362976074,0.48151001058648224,0.06535488404778636,1.2234715390021083,6.0,0.07870695713281799,3.0,1423.0,0.19006774166280646,1.2135997829019083,0.28868600642160414,0.8654350559208889,0.9999998532294024,0.24765158159916362,0.09453573548765559,0.9757487177848816,0.19515397097250506,0.0546875,1.09375,2.0,0.0546875,1.0,128.0,0.18855142541295924,2.474225643997729,0.35413624999284976,0.8778064221256756,0.9999999085240492,0.2423450191184999,0.1051322112889988,1.9122765064239502,0.2678827730607616,0.046875,1.109375,5.0,0.046875,1.0,256.0,0.21102191858243985,2.474225643997729,0.3802404726536106,0.8701067565811794,0.9999999085240492,0.24705607403044555,0.12555615309747986,2.7152209281921387,0.3266417507280036,0.0475,1.125,5.0,0.05,2.0,400.0,0.2501530810780954,2.474225643997729,0.4282356053047686,0.8481739319288942,0.9999999085240492,0.2655309381210941,0.16412838542441727,4.509976863861084,0.4180863835945893,0.0546875,1.1640625,5.0,0.060546875,2.0,512.0,0.2286701266361436,2.474225643997729,0.4278767043656663,0.864728413481811,0.9999999965013595,0.25603482497036545,0.15093797658869385,4.735104084014893,0.42856372738846116,0.0478515625,1.15234375,5.0,0.0556640625,3.0,1024.0,0.3054183190415389,2.5644119695752914,0.5033067998376519,0.827795520051656,0.9999999965013595,0.28468736508885517,0.19823151874106196,4.923617362976074,0.48151001058648224,0.06535488404778636,1.2234715390021083,6.0,0.07870695713281799,3.0,1423.0
66,"Exactly eight books—F, G, H, I, K, L, M, O—are placed on a bookcase with exactly three shelves—the top shelf, the middle shelf, and the bottom shelf. At least two books are placed on each shelf. The following conditions must apply: More of the books are placed on the bottom shelf than the top shelf. I is placed on the middle shelf. K is placed on a higher shelf than F. O is placed on a higher shelf than L. F is placed on the same shelf as M.Q: It is fully determined which of the shelves each of the books is placed on if which one of the following is true? Answer Choices: (A)I and M are placed on the same shelf as each other. (B)K and G are placed on the same shelf as each other. (C)L and F are placed on the same shelf as each other. (D)M and H are placed on the same shelf as each other. (E)H and O are placed on the same shelf as each other.","Exactly eight books—F, G, H, I, K, L, M, O—are placed on a bookcase with exactly three shelves—the top shelf, the middle shelf, and the bottom shelf. At least two books are placed on each shelf. The following conditions must apply: More of the books are placed on the bottom shelf than the top shelf. I is placed on the middle shelf. K is placed on a higher shelf than F. O is placed on a higher shelf than L. F is placed on the same shelf as M.Q: It is fully determined which of the shelves each of the books is placed on if which one of the following is true? Answer Choices: (A)I and M are placed on the same shelf as each other. (B)K and G are placed on the same shelf as each other. (C)L and F are placed on the same shelf as each other. (D)M and H are placed on the same shelf as each other. (E)H and O are placed on the same shelf as each other.",,A,I and M are placed on the same shelf as each other.,0,,none,0,,,,8012,0,8012,0,1,length,0,103.90799069404602,0.35921473184910024,2.969590244831773,0.5346422448664888,0.7970468961140206,0.9999999835582771,0.3045366396721885,0.2308690167732394,5.111656188964844,0.48017063133012833,0.08861707438841737,1.27309036445332,9.0,0.10209685471792311,4.0,8012.0,0.24589939023084606,1.6507553503341994,0.3985583456157647,0.8621554631320966,0.9999999174673828,0.23986996164462818,0.1647451797143044,1.9570084810256958,0.39387769466302924,0.0390625,1.140625,3.0,0.0390625,1.0,128.0,0.2768923624808188,2.309604083646204,0.4492871597336594,0.8474423927697841,0.9999999174673828,0.2584392563816785,0.16035162062924965,1.9570084810256958,0.3529622605485158,0.04296875,1.1796875,4.0,0.04296875,1.0,256.0,0.25872590839811316,2.309604083646204,0.42435237907908524,0.8527717208159648,0.9999999835582771,0.2526189565235938,0.16206888530537392,3.218468427658081,0.38438505315172067,0.04,1.1575,4.0,0.045,2.0,400.0,0.22596136621429783,2.309604083646204,0.4037376958793273,0.8702715818495169,0.9999999835582771,0.24203312122389176,0.14082630236175686,3.218468427658081,0.36070739070910984,0.037109375,1.140625,4.0,0.041015625,2.0,512.0,0.2656048250780803,2.705078209837367,0.45649774518808983,0.8461777747234016,0.9999999835582771,0.2706030683120617,0.16496373695831315,3.7341129779815674,0.3962146185153657,0.060546875,1.1845703125,7.0,0.072265625,4.0,1024.0,0.3536603479766432,2.9127296649559042,0.5337383532723219,0.7991665332998005,0.9999999835582771,0.3049496803057944,0.22521345855027103,5.111656188964844,0.47451111730657725,0.08642578125,1.27490234375,9.0,0.10205078125,4.0,2048.0,,,,,,,,,,,,,,,,,,,,,,,,,,,,,,,,,,,,,,,,,,,,,,,,,,,,,,,,,,,,,,,,,,,,,,,,,,,,,,,,,,,,,,,,,,,,,,,,,,,,,,,,,
67,"Exactly eight books—F, G, H, I, K, L, M, O—are placed on a bookcase with exactly three shelves—the top shelf, the middle shelf, and the bottom shelf. At least two books are placed on each shelf. The following conditions must apply: More of the books are placed on the bottom shelf than the top shelf. I is placed on the middle shelf. K is placed on a higher shelf than F. O is placed on a higher shelf than L. F is placed on the same shelf as M.Q: Which one of the following must be true? Answer Choices: (A)O is placed on a shelf higher than the shelf M is placed on. (B)K is placed on a shelf higher than the shelf G is placed on. (C)I is placed on a shelf higher than the shelf F is placed on. (D)G is placed on a shelf higher than the shelf O is placed on. (E)F is placed on a shelf higher than the shelf L is placed on.","Exactly eight books—F, G, H, I, K, L, M, O—are placed on a bookcase with exactly three shelves—the top shelf, the middle shelf, and the bottom shelf. At least two books are placed on each shelf. The following conditions must apply: More of the books are placed on the bottom shelf than the top shelf. I is placed on the middle shelf. K is placed on a higher shelf than F. O is placed on a higher shelf than L. F is placed on the same shelf as M.Q: Which one of the following must be true? Answer Choices: (A)O is placed on a shelf higher than the shelf M is placed on. (B)K is placed on a shelf higher than the shelf G is placed on. (C)I is placed on a shelf higher than the shelf F is placed on. (D)G is placed on a shelf higher than the shelf O is placed on. (E)F is placed on a shelf higher than the shelf L is placed on.",,A,O is placed on a shelf higher than the shelf M is placed on.,0,,none,0,,,,8012,0,8012,0,1,length,0,99.52057766914368,0.30003724872840515,3.1056235038592455,0.5042036825161045,0.8287116614566311,0.9999999933971002,0.2898761850260792,0.19732281468298507,4.562710762023926,0.45938228897004013,0.0783824263604593,1.2319021467798303,10.0,0.09236145781328008,4.0,8012.0,0.3154130801407725,2.1676093582651244,0.462514339070009,0.8051794539220043,0.9999999336643662,0.29963410397968826,0.2735571477843862,4.526208877563477,0.6305377554945936,0.0859375,1.203125,4.0,0.1015625,2.0,128.0,0.24249240515690904,2.507492234861873,0.43605996931897795,0.8567917130991486,0.9999999336643662,0.2704677280903299,0.18259181735647922,4.526208877563477,0.49091259245427027,0.06640625,1.1640625,5.0,0.07421875,2.0,256.0,0.2873297042438547,2.6458172932350617,0.4962782635400686,0.841975276636034,0.9999999336643662,0.27826588716694034,0.1871246283496214,4.526208877563477,0.45180444363279826,0.0675,1.2075,5.0,0.0775,2.0,400.0,0.2795046979003971,2.6458172932350617,0.4832799198539461,0.8442704857776578,0.9999999336643662,0.27348152331989306,0.17974322011737398,4.526208877563477,0.43334742400411014,0.060546875,1.19921875,5.0,0.0703125,2.0,512.0,0.23787534475176372,2.6458172932350617,0.4265668783469584,0.8564315433386628,0.9999999780726903,0.26653914733874706,0.15011293431739864,4.526208877563477,0.37486050202041826,0.0673828125,1.162109375,5.0,0.07421875,2.0,1024.0,0.3090485145928788,3.0562565219059743,0.5218551500162227,0.8219441620126072,0.9999999788680356,0.2985249865884212,0.19748918124364034,4.562710762023926,0.4441074601817886,0.091796875,1.25439453125,10.0,0.107421875,3.0,2048.0,,,,,,,,,,,,,,,,,,,,,,,,,,,,,,,,,,,,,,,,,,,,,,,,,,,,,,,,,,,,,,,,,,,,,,,,,,,,,,,,,,,,,,,,,,,,,,,,,,,,,,,,,
68,"Exactly eight books—F, G, H, I, K, L, M, O—are placed on a bookcase with exactly three shelves—the top shelf, the middle shelf, and the bottom shelf. At least two books are placed on each shelf. The following conditions must apply: More of the books are placed on the bottom shelf than the top shelf. I is placed on the middle shelf. K is placed on a higher shelf than F. O is placed on a higher shelf than L. F is placed on the same shelf as M.Q: If G is placed on the top shelf, then which one of the following could be a complete and accurate list of the books placed on the middle shelf? Answer Choices: (A)H, I (B)I, L (C)H, I, L (D)I, K, L (E)F, I, M","Exactly eight books—F, G, H, I, K, L, M, O—are placed on a bookcase with exactly three shelves—the top shelf, the middle shelf, and the bottom shelf. At least two books are placed on each shelf. The following conditions must apply: More of the books are placed on the bottom shelf than the top shelf. I is placed on the middle shelf. K is placed on a higher shelf than F. O is placed on a higher shelf than L. F is placed on the same shelf as M.Q: If G is placed on the top shelf, then which one of the following could be a complete and accurate list of the books placed on the middle shelf? Answer Choices: (A)H, I (B)I, L (C)H, I, L (D)I, K, L (E)F, I, M",,D,"I, K, L",3,C,bracketed,0,"

1.  **Analyze Shelf Capacities:**
    *   There are 8 books (F, G, H, I, K, L, M, O) and 3 shelves (Top, Middle, Bottom).
    *   Constraint: At least 2 books on each shelf.
    *   Constraint: More books on Bottom than Top ($N(B) > N(T)$).
    *   Let $N(T)$, $N(M)$, $N(B)$ be the number of books on Top, Middle, and Bottom respectively.
    *   $N(T) + N(M) + N(B) = 8$.
    *   Since $N(B) > N(T)$ and $N(T) \ge 2$, $N(T)$ cannot be 3 or 4 (because if $N(T)=3$, $N(B) \ge 4$, so $N(M) \ge 2$, sum $\ge 9$; if $N(T)=4$, sum $\ge 11$).
    *   Therefore, $N(T)$ must be 2.
    *   This implies $N(M) + N(B) = 6$. Since $N(B) > 2$, possible pairs for $(N(M), N(B))$ are $(3, 3)$ or $(2, 4)$.
    *   So, the Top shelf must have exactly 2 books.

2.  **Analyze the Specific Scenario:**
    *   Condition: G is placed on the Top shelf.
    *   Since $N(T) = 2$, there is exactly 1 other book on the Top shelf.
    *   Condition: I is placed on the Middle shelf ($I \in M$).
    *   Condition: F is on the same shelf as M ($Shelf(F) = Shelf(M)$).
    *   Condition: K is on a higher shelf than F ($Shelf(K) > Shelf(F)$).
    *   Condition: O is on a higher shelf than L ($Shelf(O) > Shelf(L)$).
    *   Shelves hierarchy: Top > Middle > Bottom.

3.  **Evaluate the Answer Choices:**

    *   **(A) Middle Shelf: H, I**
        *   $N(M) = 2$. Since $N(T) = 2$, then $N(B) = 4$.
        *   Books on Middle: {H, I}.
        *   Books on Top: Must include G. Let's call the other book $X$. $N(T)=2$.
        *   Books on Bottom: Must include F and M (since they must be on the same shelf, and Top/Middle are full or restricted).
            *   Top has G + 1 spot. If F and M are on Top, Top has 3 books (Impossible).
            *   Middle is full ({H, I}).
            *   So F and M must be on Bottom.
        *   Remaining books: K, L, O.
        *   Constraint $K > F$: F is on Bottom, so K must be Middle or Top. Middle is full. So K is on Top.
        *   Top = {G, K}.
        *   Remaining books L, O must be on Bottom.
        *   Constraint $O > L$: Both L and O are on Bottom. This violates the condition that O must be on a *higher* shelf than L.
        *   **Result: Invalid.**

    *   **(B) Middle Shelf: I, L**
        *   $N(M) = 2$. $N(T) = 2$, $N(B) = 4$.
        *   Books on Middle: {I, L}.
        *   F and M must be on Bottom (same logic as A).
        *   Constraint $K > F$: F is on Bottom, so K must be on Top (Middle is full).
        *   Top = {G, K}.
        *   Remaining books H, O must be on Bottom.
        *   Constraint $O > L$: L is on Middle, O is on Bottom. Bottom is lower than Middle. This violates $O > L$.
        *   **Result: Invalid.**

    *   **(C) Middle Shelf: H, I, L**
        *   $N(M) = 3$. $N(T) = ",,"

1.  **Analyze Shelf Capacities:**
    *   There are 8 books (F, G, H, I, K, L, M, O) and 3 shelves (Top, Middle, Bottom).
    *   Constraint: At least 2 books on each shelf.
    *   Constraint: More books on Bottom than Top ($N(B) > N(T)$).
    *   Let $N(T)$, $N(M)$, $N(B)$ be the number of books on Top, Middle, and Bottom respectively.
    *   $N(T) + N(M) + N(B) = 8$.
    *   Since $N(B) > N(T)$ and $N(T) \ge 2$, $N(T)$ cannot be 3 or 4 (because if $N(T)=3$, $N(B) \ge 4$, so $N(M) \ge 2$, sum $\ge 9$; if $N(T)=4$, sum $\ge 11$).
    *   Therefore, $N(T)$ must be 2.
    *   This implies $N(M) + N(B) = 6$. Since $N(B) > 2$, possible pairs for $(N(M), N(B))$ are $(3, 3)$ or $(2, 4)$.
    *   So, the Top shelf must have exactly 2 books.

2.  **Analyze the Specific Scenario:**
    *   Condition: G is placed on the Top shelf.
    *   Since $N(T) = 2$, there is exactly 1 other book on the Top shelf.
    *   Condition: I is placed on the Middle shelf ($I \in M$).
    *   Condition: F is on the same shelf as M ($Shelf(F) = Shelf(M)$).
    *   Condition: K is on a higher shelf than F ($Shelf(K) > Shelf(F)$).
    *   Condition: O is on a higher shelf than L ($Shelf(O) > Shelf(L)$).
    *   Shelves hierarchy: Top > Middle > Bottom.

3.  **Evaluate the Answer Choices:**

    *   **(A) Middle Shelf: H, I**
        *   $N(M) = 2$. Since $N(T) = 2$, then $N(B) = 4$.
        *   Books on Middle: {H, I}.
        *   Books on Top: Must include G. Let's call the other book $X$. $N(T)=2$.
        *   Books on Bottom: Must include F and M (since they must be on the same shelf, and Top/Middle are full or restricted).
            *   Top has G + 1 spot. If F and M are on Top, Top has 3 books (Impossible).
            *   Middle is full ({H, I}).
            *   So F and M must be on Bottom.
        *   Remaining books: K, L, O.
        *   Constraint $K > F$: F is on Bottom, so K must be Middle or Top. Middle is full. So K is on Top.
        *   Top = {G, K}.
        *   Remaining boo",8012,0,8012,0,1,length,0,106.87766623497009,0.2805861099177525,3.05532961145604,0.4816640053558097,0.8369964727812055,0.9999999957660011,0.28313761894955036,0.18053926357072017,5.0292768478393555,0.42450832499673724,0.07164253619570644,1.2090614078881678,10.0,0.08325012481278082,4.0,8012.0,0.22816277782002575,1.9737751361904707,0.4189344549353618,0.8600606029893565,0.9999997822166173,0.2632459244546032,0.11944853288455382,1.5835036039352417,0.27039312368278134,0.0546875,1.15625,4.0,0.0546875,1.0,128.0,0.31423060632895516,2.6016057688326817,0.5015903895062589,0.818952006167402,0.9999999728129293,0.29206554797769924,0.19213334449081695,2.1929423809051514,0.400384496211942,0.08203125,1.23828125,6.0,0.1015625,3.0,256.0,0.2940977822525902,2.6016057688326817,0.49699863582391773,0.838843271829507,0.9999999728129293,0.2755447641918889,0.17514910247578663,2.9002532958984375,0.40110139103015174,0.0675,1.2225,6.0,0.085,3.0,400.0,0.2961519911855277,2.6016057688326817,0.4813566524388405,0.8311193477340353,0.9999999728129293,0.27832495437153454,0.18907825091270647,3.623508930206299,0.43068133399757225,0.0703125,1.212890625,6.0,0.0859375,3.0,512.0,0.2899492368649777,2.6016057688326817,0.48272506640538404,0.8301728434464967,0.9999999883248406,0.28530410948004425,0.1832809097860194,3.623508930206299,0.41169043632554697,0.0732421875,1.2138671875,6.0,0.087890625,3.0,1024.0,0.30764919451122397,2.6016057688326817,0.48866277332835306,0.8221574107203231,0.9999999951991692,0.28809019447279266,0.19433026406056708,3.623508930206299,0.4312058102638213,0.07568359375,1.22314453125,6.0,0.08935546875,4.0,2048.0,,,,,,,,,,,,,,,,,,,,,,,,,,,,,,,,,,,,,,,,,,,,,,,,,,,,,,,,,,,,,,,,,,,,,,,,,,,,,,,,,,,,,,,,,,,,,,,,,,,,,,,,,
69,"Exactly eight books—F, G, H, I, K, L, M, O—are placed on a bookcase with exactly three shelves—the top shelf, the middle shelf, and the bottom shelf. At least two books are placed on each shelf. The following conditions must apply: More of the books are placed on the bottom shelf than the top shelf. I is placed on the middle shelf. K is placed on a higher shelf than F. O is placed on a higher shelf than L. F is placed on the same shelf as M.Q: If L is placed on a shelf higher than the shelf H is placed on, then which one of the following must be true? Answer Choices: (A)F and G are placed on the same shelf as each other. (B)G and H are placed on the same shelf as each other. (C)H and M are placed on the same shelf as each other. (D)I and G are placed on the same shelf as each other. (E)K and O are placed on the same shelf as each other.","Exactly eight books—F, G, H, I, K, L, M, O—are placed on a bookcase with exactly three shelves—the top shelf, the middle shelf, and the bottom shelf. At least two books are placed on each shelf. The following conditions must apply: More of the books are placed on the bottom shelf than the top shelf. I is placed on the middle shelf. K is placed on a higher shelf than F. O is placed on a higher shelf than L. F is placed on the same shelf as M.Q: If L is placed on a shelf higher than the shelf H is placed on, then which one of the following must be true? Answer Choices: (A)F and G are placed on the same shelf as each other. (B)G and H are placed on the same shelf as each other. (C)H and M are placed on the same shelf as each other. (D)I and G are placed on the same shelf as each other. (E)K and O are placed on the same shelf as each other.",,C,H and M are placed on the same shelf as each other.,2,,none,0,,,,8012,0,8012,0,1,length,0,95.05372047424316,0.3026644392600694,2.98910171126282,0.49189314207873774,0.822041079524357,0.9999999949692853,0.2910677579636974,0.1938395929495025,5.095767021179199,0.4320673757887657,0.07863205192211682,1.2251622566150775,8.0,0.08974038941587618,4.0,8012.0,0.24254756127005447,1.834175553471957,0.39044778429943944,0.8600273863598439,0.9999997525484174,0.23951386565936342,0.13390528328899426,1.5795719623565674,0.29899390364146233,0.0390625,1.109375,3.0,0.0390625,1.0,128.0,0.2900376188303685,2.563091641648173,0.4992604594179688,0.8439072886996002,0.9999999187057969,0.26249718395526705,0.161935179859117,1.8020039796829224,0.34967494090947054,0.0546875,1.1875,5.0,0.05859375,2.0,256.0,0.2945575988059958,2.563091641648173,0.4906092770072998,0.8321986935194193,0.9999999187057969,0.27504928364467746,0.16546540608534158,1.8020039796829224,0.34197234645207886,0.06,1.195,5.0,0.0625,2.0,400.0,0.2861452232262818,2.563091641648173,0.4718814527441912,0.8334182795655267,0.9999999672825808,0.27582810767207655,0.15756839386449897,1.8020039796829224,0.32449294333289996,0.060546875,1.185546875,5.0,0.0625,2.0,512.0,0.3156956706436257,2.7244268811302863,0.5134352785549382,0.8215957215550092,0.9999999672825808,0.2887090600345042,0.17771409192567206,3.5294623374938965,0.3731174085142425,0.0751953125,1.2294921875,6.0,0.080078125,2.0,1024.0,0.36204279639076153,2.7865013118610493,0.5219993785299353,0.7907625433761625,0.9999999672825808,0.3051501350689443,0.21684506387114172,3.5294623374938965,0.42497764026206974,0.09228515625,1.2587890625,6.0,0.10400390625,3.0,2048.0,,,,,,,,,,,,,,,,,,,,,,,,,,,,,,,,,,,,,,,,,,,,,,,,,,,,,,,,,,,,,,,,,,,,,,,,,,,,,,,,,,,,,,,,,,,,,,,,,,,,,,,,,
70,"A chemistry class has six lab sessions scheduled over three days—Wednesday, Thursday, and Friday—one session heing held each morning and one each afternoon. Each session will be led by a different lab assistant—Julio, Kevin, Lan, Nessa, Olivia, or Rebecca. The assignment of lab assistants to sessions is constrained as follows: Kevin and Rebecca must lead sessions that meet on the same day. Lan and Olivia cannot lead sessions that meet on the same day. Nessa must lead an afternoon session. Julio's session must meet on an earlier day of the week than Olivia's.Q: Which one of the following could he an accurate assignment of lab assistants to morning and afternoon sessions, respectively, on the three days? Answer Choices: (A)Wednesday: Rebecca, Kevin Thursday: Julio, Lan Friday: Nessa, Olivia (B)Wednesday: Olivia, Nessa Thursday: Julio, Lan Friday: Kevin, Rebecca (C)Wednesday: Lan, Kevin Thursday: Rebecca, Julio Friday: Olivia, Nessa (D)Wednesday: Kevin, Rebecca Thursday: Julio, Nessa Friday: Olivia, Lan (E)Wednesday: Julio, Lan Thursday: Olivia, Nessa Friday: Rebecca, Kevin","A chemistry class has six lab sessions scheduled over three days—Wednesday, Thursday, and Friday—one session heing held each morning and one each afternoon. Each session will be led by a different lab assistant—Julio, Kevin, Lan, Nessa, Olivia, or Rebecca. The assignment of lab assistants to sessions is constrained as follows: Kevin and Rebecca must lead sessions that meet on the same day. Lan and Olivia cannot lead sessions that meet on the same day. Nessa must lead an afternoon session. Julio's session must meet on an earlier day of the week than Olivia's.Q: Which one of the following could he an accurate assignment of lab assistants to morning and afternoon sessions, respectively, on the three days? Answer Choices: (A)Wednesday: Rebecca, Kevin Thursday: Julio, Lan Friday: Nessa, Olivia (B)Wednesday: Olivia, Nessa Thursday: Julio, Lan Friday: Kevin, Rebecca (C)Wednesday: Lan, Kevin Thursday: Rebecca, Julio Friday: Olivia, Nessa (D)Wednesday: Kevin, Rebecca Thursday: Julio, Nessa Friday: Olivia, Lan (E)Wednesday: Julio, Lan Thursday: Olivia, Nessa Friday: Rebecca, Kevin",,E,"Wednesday: Julio, Lan Thursday: Olivia, Nessa Friday: Rebecca, Kevin",4,E,final_answer,1,"

To determine the correct assignment, let's analyze the constraints provided:

1.  **Kevin and Rebecca** must lead sessions on the **same day**.
2.  **Lan and Olivia** cannot lead sessions on the **same day**.
3.  **Nessa** must lead an **afternoon** session.
4.  **Julio's** session must be on an **earlier day** than **Olivia's**.

Now, let's evaluate each option against these constraints:

*   **(A) Wednesday: Rebecca, Kevin; Thursday: Julio, Lan; Friday: Nessa, Olivia**
    *   Kevin and Rebecca are on Wednesday (Same day) - **Pass**.
    *   Lan is Thursday, Olivia is Friday (Different days) - **Pass**.
    *   Nessa is listed as the morning session on Friday. Constraint requires Nessa to lead an afternoon session. - **Fail**.

*   **(B) Wednesday: Olivia, Nessa; Thursday: Julio, Lan; Friday: Kevin, Rebecca**
    *   Kevin and Rebecca are on Friday (Same day) - **Pass**.
    *   Olivia is Wednesday, Lan is Thursday (Different days) - **Pass**.
    *   Nessa is afternoon on Wednesday - **Pass**.
    *   Julio is Thursday, Olivia is Wednesday. Constraint requires Julio to be on an earlier day than Olivia. Thursday is later than Wednesday. - **Fail**.

*   **(C) Wednesday: Lan, Kevin; Thursday: Rebecca, Julio; Friday: Olivia, Nessa**
    *   Kevin is on Wednesday, Rebecca is on Thursday. Constraint requires them to be on the same day. - **Fail**.

*   **(D) Wednesday: Kevin, Rebecca; Thursday: Julio, Nessa; Friday: Olivia, Lan**
    *   Kevin and Rebecca are on Wednesday (Same day) - **Pass**.
    *   Olivia is on Friday, Lan is on Friday. Constraint requires them to be on different days. - **Fail**.

*   **(E) Wednesday: Julio, Lan; Thursday: Olivia, Nessa; Friday: Rebecca, Kevin**
    *   Kevin and Rebecca are on Friday (Same day) - **Pass**.
    *   Lan is on Wednesday, Olivia is on Thursday (Different days) - **Pass**.
    *   Nessa is afternoon on Thursday - **Pass**.
    *   Julio is on Wednesday, Olivia is on Thursday. Wednesday is earlier than Thursday - **Pass**.

Option (E) is the only assignment that satisfies all the given constraints.

Final Answer: E",,"

To determine the correct assignment, let's analyze the constraints provided:

1.  **Kevin and Rebecca** must lead sessions on the **same day**.
2.  **Lan and Olivia** cannot lead sessions on the **same day**.
3.  **Nessa** must lead an **afternoon** session.
4.  **Julio's** session must be on an **earlier day** than **Olivia's**.

Now, let's evaluate each option against these constraints:

*   **(A) Wednesday: Rebecca, Kevin; Thursday: Julio, Lan; Friday: Nessa, Olivia**
    *   Kevin and Rebecca are on Wednesday (Same day) - **Pass**.
    *   Lan is Thursday, Olivia is Friday (Different days) - **Pass**.
    *   Nessa is listed as the morning session on Friday. Constraint requires Nessa to lead an afternoon session. - **Fail**.

*   **(B) Wednesday: Olivia, Nessa; Thursday: Julio, Lan; Friday: Kevin, Rebecca**
    *   Kevin and Rebecca are on Friday (Same day) - **Pass**.
    *   Olivia is Wednesday, Lan is Thursday (Different days) - **Pass**.
    *   Nessa is afternoon on Wednesday - **Pass**.
    *   Julio is Thursday, Olivia is Wednesday. Constraint requires Julio to be on an earlier day than Olivia. Thursday is later than Wednesday. - **Fail**.

*   **(C) Wednesday: Lan, Kevin; Thursday: Rebecca, Julio; Friday: Olivia, Nessa**
    *   Kevin is on Wednesday, Rebecca is on Thursday. Constraint requires them to be on the same day. - **Fail**.

*   **(D) Wednesday: Kevin, Rebecca; Thursday: Julio, Nessa; Friday: Olivia, Lan**
    *   Kevin and Rebecca are on Wednesday (Same day) - **Pass**.
    *   Olivia is on Friday, Lan is on Friday. Constraint requires them to be on different days. - **Fail**.

*   **(E) Wednesday: Julio, Lan; Thursday: Olivia, Nessa; Friday: Rebecca, Kevin**
    *   Kevin and Rebecca are on Friday (Same day) - **Pass**.
    *   Lan is on Wednesday, Olivia is on Thursday (Different days) - **Pass**.
    *   Nessa is afternoon on Thursday - **Pass**.
    *   Julio is on Wednesday, Olivia is on Thursday. Wednesday is earlier than Thursday - **",1677,0,1677,584,0,stop,0,23.956085681915283,0.17017613252147243,2.83869663259616,0.36356541546780585,0.8946921837551872,0.999999991183261,0.2343769581813139,0.10794472309811531,4.602911472320557,0.331717623763909,0.04174120453190221,1.112701252236136,7.0,0.044722719141323794,2.0,1677.0,0.306283756259599,2.83869663259616,0.4802739216356272,0.8131585130578478,0.999999522680232,0.2959944241947577,0.19785466210468927,3.411524534225464,0.4234346022826876,0.0703125,1.234375,7.0,0.078125,2.0,128.0,0.26515664807245587,2.83869663259616,0.4351361602212858,0.8336893380046583,0.999999661886138,0.28402331338956344,0.1781676411161589,3.411524534225464,0.39735780644087043,0.06640625,1.1875,7.0,0.07421875,2.0,256.0,0.24056777396591023,2.83869663259616,0.4176492003567969,0.8523531870782796,0.9999999179448527,0.26937051345251856,0.15409304797768844,3.411524534225464,0.36489695932293464,0.0575,1.17,7.0,0.065,2.0,400.0,0.21646920719982804,2.83869663259616,0.3983691547017146,0.867529301443904,0.9999999374800531,0.2568773687561807,0.13943089191126984,3.411524534225464,0.34894088592217415,0.046875,1.1484375,7.0,0.052734375,2.0,512.0,0.1885730800509917,2.83869663259616,0.3896040188440056,0.8851043372063545,0.9999999569921219,0.24539012592313186,0.12126524522832174,4.416077613830566,0.352874722979513,0.0458984375,1.1328125,7.0,0.05078125,2.0,1024.0,0.17017613252147243,2.83869663259616,0.36356541546780585,0.8946921837551872,0.999999991183261,0.2343769581813139,0.10794472309811531,4.602911472320557,0.331717623763909,0.04174120453190221,1.112701252236136,7.0,0.044722719141323794,2.0,1677.0,0.19618567708048204,2.83869663259616,0.38449047705253436,0.8804326376711751,0.9999999374800531,0.24698507231671826,0.1252738408594505,3.411524534225464,0.3319938758064636,0.04280821917808219,1.1352739726027397,7.0,0.04965753424657534,2.0,584.0,0.306283756259599,2.83869663259616,0.4802739216356272,0.8131585130578478,0.999999522680232,0.2959944241947577,0.19785466210468927,3.411524534225464,0.4234346022826876,0.0703125,1.234375,7.0,0.078125,2.0,128.0,0.26515664807245587,2.83869663259616,0.4351361602212858,0.8336893380046583,0.999999661886138,0.28402331338956344,0.1781676411161589,3.411524534225464,0.39735780644087043,0.06640625,1.1875,7.0,0.07421875,2.0,256.0,0.24056777396591023,2.83869663259616,0.4176492003567969,0.8523531870782796,0.9999999179448527,0.26937051345251856,0.15409304797768844,3.411524534225464,0.36489695932293464,0.0575,1.17,7.0,0.065,2.0,400.0,0.21646920719982804,2.83869663259616,0.3983691547017146,0.867529301443904,0.9999999374800531,0.2568773687561807,0.13943089191126984,3.411524534225464,0.34894088592217415,0.046875,1.1484375,7.0,0.052734375,2.0,512.0,0.19618567708048204,2.83869663259616,0.38449047705253436,0.8804326376711751,0.9999999374800531,0.24698507231671826,0.1252738408594505,3.411524534225464,0.3319938758064636,0.04280821917808219,1.1352739726027397,7.0,0.04965753424657534,2.0,584.0,0.19618567708048204,2.83869663259616,0.38449047705253436,0.8804326376711751,0.9999999374800531,0.24698507231671826,0.1252738408594505,3.411524534225464,0.3319938758064636,0.04280821917808219,1.1352739726027397,7.0,0.04965753424657534,2.0,584.0
71,"A chemistry class has six lab sessions scheduled over three days—Wednesday, Thursday, and Friday—one session heing held each morning and one each afternoon. Each session will be led by a different lab assistant—Julio, Kevin, Lan, Nessa, Olivia, or Rebecca. The assignment of lab assistants to sessions is constrained as follows: Kevin and Rebecca must lead sessions that meet on the same day. Lan and Olivia cannot lead sessions that meet on the same day. Nessa must lead an afternoon session. Julio's session must meet on an earlier day of the week than Olivia's.Q: If Lan does not lead a Wednesday session, then which one of the following lab assistants must lead a Thursday session? Answer Choices: (A)Rebecca (B)Olivia (C)Nessa (D)Kevin (E)Julio","A chemistry class has six lab sessions scheduled over three days—Wednesday, Thursday, and Friday—one session heing held each morning and one each afternoon. Each session will be led by a different lab assistant—Julio, Kevin, Lan, Nessa, Olivia, or Rebecca. The assignment of lab assistants to sessions is constrained as follows: Kevin and Rebecca must lead sessions that meet on the same day. Lan and Olivia cannot lead sessions that meet on the same day. Nessa must lead an afternoon session. Julio's session must meet on an earlier day of the week than Olivia's.Q: If Lan does not lead a Wednesday session, then which one of the following lab assistants must lead a Thursday session? Answer Choices: (A)Rebecca (B)Olivia (C)Nessa (D)Kevin (E)Julio",,E,Julio,4,E,final_answer,1,"

The problem asks us to determine which lab assistant must lead a Thursday session, given a set of constraints and a specific condition.

**1. Analyze the Constraints:**
*   **Days:** Wednesday (W), Thursday (T), Friday (F).
*   **Sessions:** 2 per day (Morning, Afternoon). Total 6 sessions.
*   **Assistants:** Julio (J), Kevin (K), Lan (L), Nessa (N), Olivia (O), Rebecca (R).
*   **Constraint 1:** Kevin and Rebecca (K, R) must lead sessions on the same day. Since there are only two sessions per day, K and R occupy both slots (Morning and Afternoon) of one specific day.
*   **Constraint 2:** Lan (L) and Olivia (O) cannot lead sessions on the same day.
*   **Constraint 3:** Nessa (N) must lead an afternoon session.
*   **Constraint 4:** Julio (J) must meet on an earlier day than Olivia (O). This implies Day(J) < Day(O).
*   **Condition:** Lan (L) does not lead a Wednesday session.

**2. Evaluate the Placement of Kevin and Rebecca (K, R):**
Since K and R occupy an entire day, they must be on Wednesday, Thursday, or Friday. We test each possibility against the condition ""Lan does not lead a Wednesday session"".

*   **Case 1: K and R are on Wednesday.**
    *   Wednesday is filled with K and R.
    *   Remaining assistants: J, L, N, O.
    *   Remaining days: Thursday, Friday.
    *   Constraint 4 (J < O): Since Wednesday is taken, J and O must be on Thursday and Friday. For J to be earlier than O, J must be on Thursday and O must be on Friday.
    *   Constraint 2 (L $\neq$ O Day): O is on Friday, so L cannot be on Friday. Thus, L must be on Thursday.
    *   Constraint 3 (N is Afternoon): Remaining assistants for Friday are O and N. N must be on Friday Afternoon. This works.
    *   **Check Condition:** Is L on Wednesday? No, L is on Thursday. This satisfies the condition.
    *   **Thursday Roster:** Julio and Lan.

*   **Case 2: K and R are on Thursday.**
    *   Thursday is filled with K and R.
    *   Remaining days: Wednesday, Friday.
    *   Constraint 4 (J < O): J must be on Wednesday, O must be on Friday.
    *   Constraint 2 (L $\neq$ O Day): O is on Friday, so L must be on Wednesday.
    *   **Check Condition:** Is L on Wednesday? Yes. This violates the condition ""Lan does not lead a Wednesday session"".
    *   **Conclusion:** This case is invalid.

*   **Case 3: K and R are on Friday.**
    *   Friday is filled with K and R.
    *   Remaining days: Wednesday, Thursday.
    *   Constraint 4 (J < O): J must be on Wednesday, O must be on Thursday.
    *   Constraint 2 (L $\neq$ O Day): O is on Thursday, so L must be on Wednesday.
    *   **Check Condition:** Is L on Wednesday? Yes. This violates the condition ""Lan does not lead a Wednesday session"".
    *   **Conclusion:** This case is invalid.

**3. Final Deduction:**
The only valid scenario satisfying all constraints and the specific condition is **Case 1**.
In this scenario:
*   Wednesday: Kevin, Rebecca
*   Thursday: Julio, Lan
*   Friday: Olivia, Nessa (Nessa in Afternoon)

The question asks which assistant **must** lead a Thursday session.
In the only valid scenario, the assistants on Thursday are **Julio** and Lan.
Looking at the answer choices:
(A) Rebecca (Wednesday)
(B) Olivia (Friday)
(C) Nessa (Friday)
(D) Kevin (Wednesday)
(E) Julio (Thursday)

Julio is the only assistant from the choices who is on Thursday.

Final Answer: E

Final Answer: E",,"

The problem asks us to determine which lab assistant must lead a Thursday session, given a set of constraints and a specific condition.

**1. Analyze the Constraints:**
*   **Days:** Wednesday (W), Thursday (T), Friday (F).
*   **Sessions:** 2 per day (Morning, Afternoon). Total 6 sessions.
*   **Assistants:** Julio (J), Kevin (K), Lan (L), Nessa (N), Olivia (O), Rebecca (R).
*   **Constraint 1:** Kevin and Rebecca (K, R) must lead sessions on the same day. Since there are only two sessions per day, K and R occupy both slots (Morning and Afternoon) of one specific day.
*   **Constraint 2:** Lan (L) and Olivia (O) cannot lead sessions on the same day.
*   **Constraint 3:** Nessa (N) must lead an afternoon session.
*   **Constraint 4:** Julio (J) must meet on an earlier day than Olivia (O). This implies Day(J) < Day(O).
*   **Condition:** Lan (L) does not lead a Wednesday session.

**2. Evaluate the Placement of Kevin and Rebecca (K, R):**
Since K and R occupy an entire day, they must be on Wednesday, Thursday, or Friday. We test each possibility against the condition ""Lan does not lead a Wednesday session"".

*   **Case 1: K and R are on Wednesday.**
    *   Wednesday is filled with K and R.
    *   Remaining assistants: J, L, N, O.
    *   Remaining days: Thursday, Friday.
    *   Constraint 4 (J < O): Since Wednesday is taken, J and O must be on Thursday and Friday. For J to be earlier than O, J must be on Thursday and O must be on Friday.
    *   Constraint 2 (L $\neq$ O Day): O is on Friday, so L cannot be on Friday. Thus, L must be on Thursday.
    *   Constraint 3 (N is Afternoon): Remaining assistants for Friday are O and N. N must be on Friday Afternoon. This works.
    *   **Check Condition:** Is L on Wednesday? No, L is on Thursday. This satisfies the condition.
    *   **Thursday Roster:** Julio and Lan.

*   **Case 2: K and R are on Thursday.**
    *   Thursday is filled with K and R.
    *   Remaining days: Wednesday, Friday.
    *   Constraint 4 (J < O",7787,0,7787,1038,0,stop,0,91.00963497161865,0.3522103845305593,2.8921537600888736,0.5426017997144122,0.8026342390934336,0.9999999951490053,0.30728506644753745,0.23209861517018715,5.407302379608154,0.4945853081766098,0.09271863362013612,1.2784127391806857,8.0,0.10812893283677925,3.0,7787.0,0.24477037962086776,2.3630507524014095,0.4487550576431854,0.8503518301906877,0.9999983091549851,0.28045978978856334,0.19063005629980978,4.405381202697754,0.5416796676361509,0.0703125,1.203125,5.0,0.0703125,1.0,128.0,0.2950332156189882,2.3630507524014095,0.4787167350446653,0.8282677212696514,0.9999992684404171,0.28781687858903565,0.2111819207297807,4.405381202697754,0.506597088019475,0.0703125,1.23046875,5.0,0.0859375,3.0,256.0,0.35553971631458514,2.4920578238979165,0.5358725446385265,0.7987967061013292,0.9999992684404171,0.3067529110416134,0.23378113387271726,4.405381202697754,0.5045203452674151,0.0825,1.29,5.0,0.0975,3.0,400.0,0.35505556766890045,2.4920578238979165,0.5324581953757398,0.7985428548513562,0.9999993898608297,0.30822580719763226,0.23074520779517016,4.405381202697754,0.4873217299962131,0.08203125,1.28515625,5.0,0.09765625,3.0,512.0,0.3788969225849629,2.709796057355059,0.5531891866600186,0.7837444101955425,0.9999999482100839,0.3182610987032774,0.250841463761983,4.405381202697754,0.500517046278185,0.10546875,1.30859375,7.0,0.119140625,3.0,1024.0,0.35908957337162806,2.709796057355059,0.5575829359664233,0.8017769397659749,0.9999999691005135,0.30845708870309474,0.2356026375527186,4.405381202697754,0.49970269742726986,0.091796875,1.29296875,7.0,0.1083984375,3.0,2048.0,0.38266462504120724,2.709796057355059,0.5583100072651381,0.7827323296272075,0.9999999482100839,0.3186300085058063,0.2522868251300276,4.405381202697754,0.5019916511809648,0.10500963391136801,1.3140655105973025,7.0,0.11849710982658959,3.0,1038.0,0.24477037962086776,2.3630507524014095,0.4487550576431854,0.8503518301906877,0.9999983091549851,0.28045978978856334,0.19063005629980978,4.405381202697754,0.5416796676361509,0.0703125,1.203125,5.0,0.0703125,1.0,128.0,0.2950332156189882,2.3630507524014095,0.4787167350446653,0.8282677212696514,0.9999992684404171,0.28781687858903565,0.2111819207297807,4.405381202697754,0.506597088019475,0.0703125,1.23046875,5.0,0.0859375,3.0,256.0,0.35553971631458514,2.4920578238979165,0.5358725446385265,0.7987967061013292,0.9999992684404171,0.3067529110416134,0.23378113387271726,4.405381202697754,0.5045203452674151,0.0825,1.29,5.0,0.0975,3.0,400.0,0.35505556766890045,2.4920578238979165,0.5324581953757398,0.7985428548513562,0.9999993898608297,0.30822580719763226,0.23074520779517016,4.405381202697754,0.4873217299962131,0.08203125,1.28515625,5.0,0.09765625,3.0,512.0,0.3788969225849629,2.709796057355059,0.5531891866600186,0.7837444101955425,0.9999999482100839,0.3182610987032774,0.250841463761983,4.405381202697754,0.500517046278185,0.10546875,1.30859375,7.0,0.119140625,3.0,1024.0,0.38266462504120724,2.709796057355059,0.5583100072651381,0.7827323296272075,0.9999999482100839,0.3186300085058063,0.2522868251300276,4.405381202697754,0.5019916511809648,0.10500963391136801,1.3140655105973025,7.0,0.11849710982658959,3.0,1038.0
72,"A chemistry class has six lab sessions scheduled over three days—Wednesday, Thursday, and Friday—one session heing held each morning and one each afternoon. Each session will be led by a different lab assistant—Julio, Kevin, Lan, Nessa, Olivia, or Rebecca. The assignment of lab assistants to sessions is constrained as follows: Kevin and Rebecca must lead sessions that meet on the same day. Lan and Olivia cannot lead sessions that meet on the same day. Nessa must lead an afternoon session. Julio's session must meet on an earlier day of the week than Olivia's.Q: If Kevin's session meets on the day before Nessa's, then which one of the following is a complete and accurate list of lab assistants any one of whom could lead the Thursday afternoon session? Answer Choices: (A)Julio, Nessa (B)Kevin, Rebecca (C)Kevin, Nessa, Rebecca (D)Julio, Kevin, Nessa, Rebecca (E)Julio, Kevin, Lan, Nessa, Rebecca","A chemistry class has six lab sessions scheduled over three days—Wednesday, Thursday, and Friday—one session heing held each morning and one each afternoon. Each session will be led by a different lab assistant—Julio, Kevin, Lan, Nessa, Olivia, or Rebecca. The assignment of lab assistants to sessions is constrained as follows: Kevin and Rebecca must lead sessions that meet on the same day. Lan and Olivia cannot lead sessions that meet on the same day. Nessa must lead an afternoon session. Julio's session must meet on an earlier day of the week than Olivia's.Q: If Kevin's session meets on the day before Nessa's, then which one of the following is a complete and accurate list of lab assistants any one of whom could lead the Thursday afternoon session? Answer Choices: (A)Julio, Nessa (B)Kevin, Rebecca (C)Kevin, Nessa, Rebecca (D)Julio, Kevin, Nessa, Rebecca (E)Julio, Kevin, Lan, Nessa, Rebecca",,B,"Kevin, Rebecca",1,B,final_answer,1,"

The problem asks for the possible lab assistants for the Thursday afternoon session given a set of constraints and a specific scenario.

**1. Analyze the Constraints:**
*   **Days:** Wednesday (W), Thursday (T), Friday (F).
*   **Slots:** Morning (M), Afternoon (A) per day (2 slots/day, 6 slots total).
*   **Assistants:** Julio (J), Kevin (K), Lan (L), Nessa (N), Olivia (O), Rebecca (R).
*   **Constraint 1:** K and R must lead sessions on the same day.
*   **Constraint 2:** L and O cannot lead sessions on the same day.
*   **Constraint 3:** N must lead an afternoon session.
*   **Constraint 4:** J's session must be on an earlier day than O's session ($Day(J) < Day(O)$).
*   **Scenario:** K's session is on the day immediately before N's session ($Day(K) = Day(N) - 1$).

**2. Analyze the Scenario:**
Since there are only three days (W, T, F), for $Day(K)$ to be the day before $Day(N)$, the possible pairs for (K, N) are (W, T) or (T, F).
*   **Case 1:** K is on Wednesday, N is on Thursday.
*   **Case 2:** K is on Thursday, N is on Friday.

**3. Evaluate Case 1: K on Wednesday, N on Thursday.**
*   Since K and R are on the same day (Constraint 1), **R is on Wednesday**.
*   Wednesday slots (W-M, W-A) are filled by K and R.
*   N is on Thursday and must lead an afternoon session (Constraint 3), so **N is on Thursday Afternoon (T-A)**.
*   Remaining assistants: J, L, O.
*   Remaining slots: T-M, F-M, F-A.
*   Constraint 4 states $Day(J) < Day(O)$. The available days for J and O are Thursday and Friday (Wednesday is full). Thus, **J must be on Thursday** and **O must be on Friday**.
*   Since N occupies T-A, J must occupy **T-M**.
*   Remaining assistant: L. Remaining slots: F-M, F-A.
*   Constraint 2 states L and O cannot be on the same day. O is on Friday, so L must be on Wednesday or Thursday.
*   However, Wednesday is full (K, R) and Thursday is full (N, J).
*   **L cannot be placed.** Therefore, Case 1 is invalid.

**4. Evaluate Case 2: K on Thursday, N on Friday.**
*   Since K and R are on the same day, **R is on Thursday**.
*   Thursday slots (T-M, T-A) are filled by **K and R**.
*   N is on Friday and must lead an afternoon session, so **N is on Friday Afternoon (F-A)**.
*   Remaining assistants: J, L, O.
*   Remaining slots: W-M, W-A, F-M.
*   Constraint 4 states $Day(J) < Day(O)$. The available days are Wednesday and Friday (Thursday is full). Thus, **J must be on Wednesday** and **O must be on Friday**.
*   Remaining assistant: L. Remaining slots: W-M, W-A.
*   Constraint 2 states L and O cannot be on the same day. O is on Friday, so L must be on Wednesday or Thursday.
*   Thursday is full (K, R). Thus, **L must be on Wednesday**.
*   This arrangement is valid:
    *   Wednesday: J, L
    *   Thursday: K, R
    *   Friday: O, N (N is A, O is M)
*   All constraints are satisfied.

**5. Determine Candidates for Thursday Afternoon:**
*   In the only valid scenario (Case 2), the Thursday sessions are led by Kevin and Rebecca.
*   They occupy the two slots on Thursday (Morning and Afternoon).
*   Therefore, the Thursday Afternoon session must be led by either Kevin or Rebecca.
*   No other assistant can lead the Thursday afternoon session because the other slots on Thursday are occupied by the pair (K, R), and no other assistant is assigned to Thursday.
*   The complete and accurate list of possible assistants is Kevin and Rebecca.

**6. Match with Options:**
(A) Julio, Nessa - Incorrect.
(B) Kevin, Rebecca - Correct.
(C) Kevin, Nessa, Rebecca - Incorrect (Nessa is Friday).
(D) Julio, Kevin, Nessa, Rebecca - Incorrect.
(E) Julio, Kevin, Lan, Nessa, Rebecca - Incorrect.

Final Answer: B

Final Answer: B",,"

The problem asks for the possible lab assistants for the Thursday afternoon session given a set of constraints and a specific scenario.

**1. Analyze the Constraints:**
*   **Days:** Wednesday (W), Thursday (T), Friday (F).
*   **Slots:** Morning (M), Afternoon (A) per day (2 slots/day, 6 slots total).
*   **Assistants:** Julio (J), Kevin (K), Lan (L), Nessa (N), Olivia (O), Rebecca (R).
*   **Constraint 1:** K and R must lead sessions on the same day.
*   **Constraint 2:** L and O cannot lead sessions on the same day.
*   **Constraint 3:** N must lead an afternoon session.
*   **Constraint 4:** J's session must be on an earlier day than O's session ($Day(J) < Day(O)$).
*   **Scenario:** K's session is on the day immediately before N's session ($Day(K) = Day(N) - 1$).

**2. Analyze the Scenario:**
Since there are only three days (W, T, F), for $Day(K)$ to be the day before $Day(N)$, the possible pairs for (K, N) are (W, T) or (T, F).
*   **Case 1:** K is on Wednesday, N is on Thursday.
*   **Case 2:** K is on Thursday, N is on Friday.

**3. Evaluate Case 1: K on Wednesday, N on Thursday.**
*   Since K and R are on the same day (Constraint 1), **R is on Wednesday**.
*   Wednesday slots (W-M, W-A) are filled by K and R.
*   N is on Thursday and must lead an afternoon session (Constraint 3), so **N is on Thursday Afternoon (T-A)**.
*   Remaining assistants: J, L, O.
*   Remaining slots: T-M, F-M, F-A.
*   Constraint 4 states $Day(J) < Day(O)$. The available days for J and O are Thursday and Friday (Wednesday is full). Thus, **J must be on Thursday** and **O must be on Friday**.
*   Since N occupies T-A, J must occupy **T-M**.
*   Remaining assistant: L. Remaining slots: F-M, F-A.
*   Constraint 2 states L and O cannot be on the same day. O is on Friday, so L must be on Wednesday or Thursday.
*   However, Wednesday is full (K, R) and Thursday is full (N, J).
*   **L cannot be placed.** Therefore, Case 1 is invalid.

**4. Evaluate Case 2: K on Thursday, N on Friday.**
",5791,0,5791,1273,0,stop,0,71.1467719078064,0.33047989812732126,2.919660780756614,0.5268152787590246,0.8126749552674797,0.9999999950648437,0.2988179577591646,0.21320218252188985,5.8783793449401855,0.46346854099258467,0.08616819202210327,1.257468485581074,8.0,0.1032636850284925,4.0,5791.0,0.24595436537387494,1.818224303659626,0.39093288775883644,0.8497261071999945,0.9999987546346641,0.26294073245078137,0.13128412668407918,1.5167310237884521,0.2776491431339883,0.0703125,1.1484375,3.0,0.078125,2.0,128.0,0.28766168664195246,2.2106791131483594,0.489489639626215,0.8378283982586985,0.9999988343863485,0.28207039047462334,0.15581807555333915,1.7875585556030273,0.3274643567109709,0.078125,1.203125,4.0,0.08984375,3.0,256.0,0.3327237578356149,2.2106791131483594,0.508648142727851,0.8130259996827975,0.9999997668305997,0.2940042577328086,0.1806525352970463,2.5704312324523926,0.35623138709677477,0.0875,1.2275,4.0,0.1,3.0,400.0,0.34497540658741077,2.2106791131483594,0.5198674918807044,0.8049511427056907,0.9999997668305997,0.30281779617471816,0.19861571679316234,3.2303109169006348,0.4066621467196586,0.09375,1.24609375,4.0,0.109375,3.0,512.0,0.3763403633383503,2.6076082891911483,0.5441967821925336,0.7872732012871001,0.9999999776731934,0.31089683903742077,0.23213721100704363,4.036866188049316,0.4722595038534831,0.1015625,1.279296875,6.0,0.123046875,4.0,1024.0,0.36362137815460466,2.919660780756614,0.5371872491786548,0.7928086995387807,0.9999999913759992,0.30933563261277675,0.23200822733557555,4.036866188049316,0.4739035889294312,0.10009765625,1.27490234375,8.0,0.12158203125,4.0,2048.0,0.3814653699904618,2.772799987214192,0.5389064853338441,0.7809379849842595,0.9999999776731934,0.3140482686555392,0.23461038150465574,4.036866188049316,0.45980104189230125,0.10369206598586017,1.2827965435978004,8.0,0.12411626080125687,4.0,1273.0,0.24595436537387494,1.818224303659626,0.39093288775883644,0.8497261071999945,0.9999987546346641,0.26294073245078137,0.13128412668407918,1.5167310237884521,0.2776491431339883,0.0703125,1.1484375,3.0,0.078125,2.0,128.0,0.28766168664195246,2.2106791131483594,0.489489639626215,0.8378283982586985,0.9999988343863485,0.28207039047462334,0.15581807555333915,1.7875585556030273,0.3274643567109709,0.078125,1.203125,4.0,0.08984375,3.0,256.0,0.3327237578356149,2.2106791131483594,0.508648142727851,0.8130259996827975,0.9999997668305997,0.2940042577328086,0.1806525352970463,2.5704312324523926,0.35623138709677477,0.0875,1.2275,4.0,0.1,3.0,400.0,0.34497540658741077,2.2106791131483594,0.5198674918807044,0.8049511427056907,0.9999997668305997,0.30281779617471816,0.19861571679316234,3.2303109169006348,0.4066621467196586,0.09375,1.24609375,4.0,0.109375,3.0,512.0,0.3763403633383503,2.6076082891911483,0.5441967821925336,0.7872732012871001,0.9999999776731934,0.31089683903742077,0.23213721100704363,4.036866188049316,0.4722595038534831,0.1015625,1.279296875,6.0,0.123046875,4.0,1024.0,0.3814653699904618,2.772799987214192,0.5389064853338441,0.7809379849842595,0.9999999776731934,0.3140482686555392,0.23461038150465574,4.036866188049316,0.45980104189230125,0.10369206598586017,1.2827965435978004,8.0,0.12411626080125687,4.0,1273.0
73,"A chemistry class has six lab sessions scheduled over three days—Wednesday, Thursday, and Friday—one session heing held each morning and one each afternoon. Each session will be led by a different lab assistant—Julio, Kevin, Lan, Nessa, Olivia, or Rebecca. The assignment of lab assistants to sessions is constrained as follows: Kevin and Rebecca must lead sessions that meet on the same day. Lan and Olivia cannot lead sessions that meet on the same day. Nessa must lead an afternoon session. Julio's session must meet on an earlier day of the week than Olivia's.Q: If Julio and Kevin both lead morning sessions, then any of the following could be true EXCEPT: Answer Choices: (A)Lan's session meets Wednesday morning. (B)Lan's session meets Thursday afternoon. (C)Nessa's session meets Friday afternoon. (D)Olivia's session meets Thursday morning. (E)Olivia's session meets Friday morning.","A chemistry class has six lab sessions scheduled over three days—Wednesday, Thursday, and Friday—one session heing held each morning and one each afternoon. Each session will be led by a different lab assistant—Julio, Kevin, Lan, Nessa, Olivia, or Rebecca. The assignment of lab assistants to sessions is constrained as follows: Kevin and Rebecca must lead sessions that meet on the same day. Lan and Olivia cannot lead sessions that meet on the same day. Nessa must lead an afternoon session. Julio's session must meet on an earlier day of the week than Olivia's.Q: If Julio and Kevin both lead morning sessions, then any of the following could be true EXCEPT: Answer Choices: (A)Lan's session meets Wednesday morning. (B)Lan's session meets Thursday afternoon. (C)Nessa's session meets Friday afternoon. (D)Olivia's session meets Thursday morning. (E)Olivia's session meets Friday morning.",,A,Lan's session meets Wednesday morning.,0,A,bracketed,1,"

The problem asks us to determine which of the given statements could NOT be true, given a set of constraints and a specific condition.

**Entities and Constraints:**
1.  **Days:** Wednesday (W), Thursday (T), Friday (F).
2.  **Sessions:** Morning (M), Afternoon (A) for each day.
3.  **Assistants:** Julio (J), Kevin (K), Lan (L), Nessa (N), Olivia (O), Rebecca (R).
4.  **Constraint 1:** K and R must lead sessions on the same day.
5.  **Constraint 2:** L and O cannot lead sessions on the same day.
6.  **Constraint 3:** N must lead an afternoon session.
7.  **Constraint 4:** J's session must meet on an earlier day than O's session (Day(J) < Day(O)).
8.  **Condition:** J and K both lead morning sessions.

**Analysis:**
*   Since K and R are on the same day, and there is only one Morning and one Afternoon slot per day, K and R occupy both slots of a single day.
*   Given the condition, K is a Morning leader. Therefore, R is an Afternoon leader.
*   J is a Morning leader (given).
*   N is an Afternoon leader (Constraint 3).
*   The remaining assistants are L and O.
*   There are 3 Morning slots and 3 Afternoon slots total.
    *   Morning leaders: J, K, and one more.
    *   Afternoon leaders: R, N, and one more.
*   The remaining assistants L and O must fill the remaining slots. So, one is Morning and one is Afternoon.
*   **Hypothesis 1:** Lan (L) is Morning and Olivia (O) is Afternoon.
    *   If L is Morning, then L occupies the third Morning slot.
    *   If O is Afternoon, then O occupies the third Afternoon slot.
    *   The days are formed by pairing one Morning and one Afternoon assistant.
    *   We have three days. One day is occupied by {K, R}.
    *   The other two days must be occupied by {J, L, O, N}.
    *   J is Morning. If L is Morning, they are on different days (since only one Morning per day).
    *   So we have two days: Day 1 with {J(M), ?(A)} and Day 2 with {L(M), ?(A)}.
    *   The remaining Afternoon slots must be filled by N and O.
    *   So Day 1 is {J(M), N(A)} or {J(M), O(A)}.
    *   Day 2 is {L(M), O(A)} or {L(M), N(A)}.
    *   Constraint 2 says L and O cannot be on the same day. So Day 2 cannot be {L(M), O(A)}. Thus Day 2 is {L(M), N(A)}.
    *   This forces Day 1 to be {J(M), O(A)}.
    *   In this scenario, Day(J) = Day(O).
    *   Constraint 4 says Day(J) < Day(O).
    *   Since Day(J) cannot equal Day(O), this hypothesis is **invalid**.
*   **Hypothesis",,"

The problem asks us to determine which of the given statements could NOT be true, given a set of constraints and a specific condition.

**Entities and Constraints:**
1.  **Days:** Wednesday (W), Thursday (T), Friday (F).
2.  **Sessions:** Morning (M), Afternoon (A) for each day.
3.  **Assistants:** Julio (J), Kevin (K), Lan (L), Nessa (N), Olivia (O), Rebecca (R).
4.  **Constraint 1:** K and R must lead sessions on the same day.
5.  **Constraint 2:** L and O cannot lead sessions on the same day.
6.  **Constraint 3:** N must lead an afternoon session.
7.  **Constraint 4:** J's session must meet on an earlier day than O's session (Day(J) < Day(O)).
8.  **Condition:** J and K both lead morning sessions.

**Analysis:**
*   Since K and R are on the same day, and there is only one Morning and one Afternoon slot per day, K and R occupy both slots of a single day.
*   Given the condition, K is a Morning leader. Therefore, R is an Afternoon leader.
*   J is a Morning leader (given).
*   N is an Afternoon leader (Constraint 3).
*   The remaining assistants are L and O.
*   There are 3 Morning slots and 3 Afternoon slots total.
    *   Morning leaders: J, K, and one more.
    *   Afternoon leaders: R, N, and one more.
*   The remaining assistants L and O must fill the remaining slots. So, one is Morning and one is Afternoon.
*   **Hypothesis 1:** Lan (L) is Morning and Olivia (O) is Afternoon.
    *   If L is Morning, then L occupies the third Morning slot.
    *   If O is Afternoon, then O occupies the third Afternoon slot.
    *   The days are formed by pairing one Morning and one Afternoon assistant.
    *   We have three days. One day is occupied by {K, R}.
    *   The other two days must be occupied by {J, L, O, N}.
    *   J is Morning. If L is Morning, they are on different days (since only one Morning per day).
    *   So we have two days: Day 1 with {J(M), ?(A)} and Day 2 with {L(M), ?(A)}.
    *   The remaining Afternoon slots must be filled by N and O.
    *   So ",8012,0,8012,0,1,length,0,98.19356536865234,0.36969086893948916,3.0310733113729924,0.5603467450930641,0.793486461157819,0.9999999880610095,0.313754223248096,0.24004185964666475,5.08723783493042,0.4970895348245055,0.1009735396904643,1.299301048427359,9.0,0.12106839740389416,4.0,8012.0,0.34928004953609293,1.9648219257818316,0.4912956715840031,0.7861608113074662,0.9999989254021022,0.3185795255948815,0.2647269926378697,3.568671464920044,0.5452758298092979,0.109375,1.25,3.0,0.15625,3.0,128.0,0.3243144663716527,2.0931728175486333,0.4806455296974578,0.7974533149117424,0.9999995878797988,0.31218683388,0.21520099031072648,3.568671464920044,0.45410590098139303,0.09765625,1.23046875,4.0,0.125,3.0,256.0,0.3742764285717199,2.624284175002891,0.5292398085713669,0.7784300697555534,0.9999997604975883,0.31895655990812904,0.22752860166054653,3.568671464920044,0.4457147615185816,0.0975,1.2875,7.0,0.12,3.0,400.0,0.41828863233695346,2.624284175002891,0.5579430311573484,0.7583130848182463,0.9999997604975883,0.32469682461739646,0.25662157777770805,3.568671464920044,0.468472626348359,0.1015625,1.322265625,7.0,0.12890625,3.0,512.0,0.4798190637066799,2.8394280162393497,0.6019360077618072,0.7384317472101594,0.9999997715051144,0.32947496882583777,0.2940971710855805,4.245070457458496,0.5193991728895693,0.1171875,1.380859375,8.0,0.142578125,3.0,1024.0,0.46776651609213465,2.9675871801138465,0.5997159235706766,0.7434036982306496,0.9999999451895595,0.3281521388446235,0.2945806263815759,5.08723783493042,0.5293783998394127,0.11376953125,1.38525390625,9.0,0.1376953125,3.0,2048.0,,,,,,,,,,,,,,,,,,,,,,,,,,,,,,,,,,,,,,,,,,,,,,,,,,,,,,,,,,,,,,,,,,,,,,,,,,,,,,,,,,,,,,,,,,,,,,,,,,,,,,,,,
74,"A chemistry class has six lab sessions scheduled over three days—Wednesday, Thursday, and Friday—one session heing held each morning and one each afternoon. Each session will be led by a different lab assistant—Julio, Kevin, Lan, Nessa, Olivia, or Rebecca. The assignment of lab assistants to sessions is constrained as follows: Kevin and Rebecca must lead sessions that meet on the same day. Lan and Olivia cannot lead sessions that meet on the same day. Nessa must lead an afternoon session. Julio's session must meet on an earlier day of the week than Olivia's.Q: If Julio leads the Thursday afternoon session, then for how many of the other lab assistants can one determine which sessions they lead? Answer Choices: (A)one (B)two (C)three (D)four (E)five","A chemistry class has six lab sessions scheduled over three days—Wednesday, Thursday, and Friday—one session heing held each morning and one each afternoon. Each session will be led by a different lab assistant—Julio, Kevin, Lan, Nessa, Olivia, or Rebecca. The assignment of lab assistants to sessions is constrained as follows: Kevin and Rebecca must lead sessions that meet on the same day. Lan and Olivia cannot lead sessions that meet on the same day. Nessa must lead an afternoon session. Julio's session must meet on an earlier day of the week than Olivia's.Q: If Julio leads the Thursday afternoon session, then for how many of the other lab assistants can one determine which sessions they lead? Answer Choices: (A)one (B)two (C)three (D)four (E)five",,C,three,2,C,final_answer,1,"

To determine the answer, let's break down the constraints and the given condition step by step.

**1. Setup and Constraints:**
*   **Days:** Wednesday, Thursday, Friday.
*   **Slots:** Each day has Morning (AM) and Afternoon (PM). Total 6 slots.
*   **Assistants:** Julio (J), Kevin (K), Lan (L), Nessa (N), Olivia (O), Rebecca (R).
*   **Constraints:**
    1.  Kevin and Rebecca must lead sessions on the same day ($Day(K) = Day(R)$).
    2.  Lan and Olivia cannot lead sessions on the same day ($Day(L) \neq Day(O)$).
    3.  Nessa must lead an afternoon session ($Time(N) = PM$).
    4.  Julio's session must meet on an earlier day than Olivia's ($Day(J) < Day(O)$).

**2. Applying the Condition:**
*   **Condition:** Julio leads the Thursday afternoon session.
    *   $J = \text{Thursday PM}$.

**3. Logical Deduction:**

*   **Determine Olivia's Day:**
    *   From Constraint 4, $Day(J) < Day(O)$.
    *   Since $J$ is on Thursday, $O$ must be on a day after Thursday.
    *   The only day after Thursday is Friday.
    *   **Conclusion:** Olivia is on Friday.

*   **Determine Kevin and Rebecca's Day:**
    *   From Constraint 1, $K$ and $R$ must be on the same day. They require two open slots on that day.
    *   **Thursday:** Only one slot is available (Thursday AM), since Thursday PM is taken by Julio. They cannot fit.
    *   **Friday:** Olivia is on Friday. Olivia needs one slot. If $K$ and $R$ were on Friday, they would take both Friday AM and Friday PM. There would be no slot left for Olivia on Friday. This creates a contradiction.
    *   **Wednesday:** All slots on Wednesday are open. This is the only option for a pair.
    *   **Conclusion:** Kevin and Rebecca are on Wednesday (one in AM, one in PM).

*   **Determine Nessa's Session:**
    *   From Constraint 3, Nessa leads an afternoon session ($Time(N) = PM$).
    *   Available PM slots:
        *   Wednesday PM: Taken by Kevin or Rebecca.
        *   Thursday PM: Taken by Julio.
        *   Friday PM: Open.
    *   Nessa must take the only available afternoon slot.
    *   **Conclusion:** Nessa leads the Friday afternoon session.

*   **Determine Olivia's Session:**
    *   We know Olivia is on Friday.
    *   Friday slots are Friday AM and Friday PM.
    *   Friday PM is taken by Nessa.
    *   **Conclusion:** Olivia leads the Friday morning session.

*   **Determine Lan's Session:**
    *   We have assigned sessions to:
        *   Julio: Thursday PM
        *   Kevin/Rebecca: Wednesday (2 slots)
        *   Nessa: Friday PM
        *   Olivia: Friday AM
    *   The only remaining assistant is Lan.
    *   The only remaining slot is Thursday AM.
    *   **Conclusion:** Lan leads the Thursday morning session.
    *   Check Constraint 2: Lan (Thursday) and Olivia (Friday) are on different days. Constraint satisfied.

*   **Determine Kevin and Rebecca's Specific Sessions:**
    *   We know they are both on Wednesday.
    *   One is Wednesday AM, and the other is Wednesday PM.
    *   There are no constraints distinguishing between Kevin and Rebecca for morning vs. afternoon.
    *   **Conclusion:** We cannot determine exactly which session Kevin leads or which session Rebecca leads, only that they share Wednesday.

**4. Counting Determined Assistants:**
*   **Julio:** Given (Thursday PM).
*   **Lan:** Determined (Thursday AM).
*   **Olivia:** Determined (Friday AM).
*   **Nessa:** Determined (Friday PM).
*   **Kevin:** Not determined (Wednesday AM/PM).
*   **Rebecca:** Not determined (Wednesday PM/AM).

The question asks for the number of **other** lab assistants for whom we can determine the session.
The determined others are Lan, Olivia, and Nessa.
Total count = 3.

Final Answer: C

Final Answer: C",,"

To determine the answer, let's break down the constraints and the given condition step by step.

**1. Setup and Constraints:**
*   **Days:** Wednesday, Thursday, Friday.
*   **Slots:** Each day has Morning (AM) and Afternoon (PM). Total 6 slots.
*   **Assistants:** Julio (J), Kevin (K), Lan (L), Nessa (N), Olivia (O), Rebecca (R).
*   **Constraints:**
    1.  Kevin and Rebecca must lead sessions on the same day ($Day(K) = Day(R)$).
    2.  Lan and Olivia cannot lead sessions on the same day ($Day(L) \neq Day(O)$).
    3.  Nessa must lead an afternoon session ($Time(N) = PM$).
    4.  Julio's session must meet on an earlier day than Olivia's ($Day(J) < Day(O)$).

**2. Applying the Condition:**
*   **Condition:** Julio leads the Thursday afternoon session.
    *   $J = \text{Thursday PM}$.

**3. Logical Deduction:**

*   **Determine Olivia's Day:**
    *   From Constraint 4, $Day(J) < Day(O)$.
    *   Since $J$ is on Thursday, $O$ must be on a day after Thursday.
    *   The only day after Thursday is Friday.
    *   **Conclusion:** Olivia is on Friday.

*   **Determine Kevin and Rebecca's Day:**
    *   From Constraint 1, $K$ and $R$ must be on the same day. They require two open slots on that day.
    *   **Thursday:** Only one slot is available (Thursday AM), since Thursday PM is taken by Julio. They cannot fit.
    *   **Friday:** Olivia is on Friday. Olivia needs one slot. If $K$ and $R$ were on Friday, they would take both Friday AM and Friday PM. There would be no slot left for Olivia on Friday. This creates a contradiction.
    *   **Wednesday:** All slots on Wednesday are open. This is the only option for a pair.
    *   **Conclusion:** Kevin and Rebecca are on Wednesday (one in AM, one in PM).

*   **Determine Nessa's Session:**
    *   From Constraint 3, Nessa leads an afternoon session ($Time(N) = PM$).
    *   Available PM slots:
        *   Wednesday PM: Taken by Kevin or Rebecca.
        *   Thursday PM: Taken by Julio.
        *   Friday PM: Open.
  ",5767,0,5767,1174,0,stop,0,70.90342497825623,0.32315683219438296,2.95873178723684,0.5034484628554038,0.8128631487529103,0.9999999947679734,0.29703239352681465,0.213124184540929,4.173425197601318,0.45729794719251604,0.08670019074041962,1.2327033119472863,8.0,0.10022542049592509,4.0,5767.0,0.270972848615598,1.9973581780431617,0.39385667428481785,0.8142464583444791,0.9999998093253503,0.29240523017733583,0.16943729591298234,1.6541216373443604,0.31842905675477906,0.078125,1.171875,3.0,0.078125,1.0,128.0,0.23992600905961367,2.95873178723684,0.4132532351594326,0.8478361373534155,0.9999998093253503,0.2696807723613583,0.14720135066403678,2.4274561405181885,0.3462400472420703,0.0625,1.16796875,8.0,0.0625,1.0,256.0,0.26161056278779354,2.95873178723684,0.43034519366573987,0.8361316879218049,0.9999998093253503,0.2799687083441535,0.16510771391745682,2.4274561405181885,0.37559100184816957,0.0775,1.1825,8.0,0.08,2.0,400.0,0.2525880849033839,2.95873178723684,0.40783969310575025,0.8380748721767011,0.9999998798708758,0.275906720499988,0.16128762721647927,2.4274561405181885,0.36614201268193725,0.07421875,1.1640625,8.0,0.078125,2.0,512.0,0.29990600217337693,2.95873178723684,0.4845269606734366,0.821971623808778,0.9999998798708758,0.29024817045513807,0.19760786487970367,3.647324562072754,0.44312696775648897,0.0791015625,1.2138671875,8.0,0.0859375,3.0,1024.0,0.29634345513625543,2.95873178723684,0.472579591671269,0.8233615873776448,0.9999999877334396,0.2868071484286504,0.1935218110398924,3.647324562072754,0.4264284644214943,0.07666015625,1.20458984375,8.0,0.08740234375,4.0,2048.0,0.3089159922539383,2.95873178723684,0.4832124883040323,0.8159802063130002,0.9999998798708758,0.291566311456104,0.19979990454689006,3.647324562072754,0.4349737034662949,0.0817717206132879,1.2180579216354344,8.0,0.09028960817717206,3.0,1174.0,0.270972848615598,1.9973581780431617,0.39385667428481785,0.8142464583444791,0.9999998093253503,0.29240523017733583,0.16943729591298234,1.6541216373443604,0.31842905675477906,0.078125,1.171875,3.0,0.078125,1.0,128.0,0.23992600905961367,2.95873178723684,0.4132532351594326,0.8478361373534155,0.9999998093253503,0.2696807723613583,0.14720135066403678,2.4274561405181885,0.3462400472420703,0.0625,1.16796875,8.0,0.0625,1.0,256.0,0.26161056278779354,2.95873178723684,0.43034519366573987,0.8361316879218049,0.9999998093253503,0.2799687083441535,0.16510771391745682,2.4274561405181885,0.37559100184816957,0.0775,1.1825,8.0,0.08,2.0,400.0,0.2525880849033839,2.95873178723684,0.40783969310575025,0.8380748721767011,0.9999998798708758,0.275906720499988,0.16128762721647927,2.4274561405181885,0.36614201268193725,0.07421875,1.1640625,8.0,0.078125,2.0,512.0,0.29990600217337693,2.95873178723684,0.4845269606734366,0.821971623808778,0.9999998798708758,0.29024817045513807,0.19760786487970367,3.647324562072754,0.44312696775648897,0.0791015625,1.2138671875,8.0,0.0859375,3.0,1024.0,0.3089159922539383,2.95873178723684,0.4832124883040323,0.8159802063130002,0.9999998798708758,0.291566311456104,0.19979990454689006,3.647324562072754,0.4349737034662949,0.0817717206132879,1.2180579216354344,8.0,0.09028960817717206,3.0,1174.0
75,"A shopping center has exactly seven spaces—space 1 through space 7—arranged in a straight row. Seven businesses—an optometrist, a pharmacy, two restaurants, a shoe store, a toy store, and a veterinarian—will be located in the shopping center, one in each space. The locations of the businesses are subject to the following constraints: The pharmacy must be at one end of the row and one of the restaurants at the other. The two restaurants must be separated by at least two other businesses. The pharmacy must be next to either the optometrist or the veterinarian. The toy store cannot be next to the veterinarian.Q: Which one of the following could be the order of the businesses in spaces 1 through 7 respectively? Answer Choices: (A)pharmacy, optometrist, shoe store, restaurant, veterinarian, toy store, restaurant (B)pharmacy, veterinarian, optometrist, shoe store, restaurant, toy store, restaurant (C)restaurant, shoe store, veterinarian, pharmacy, optometrist, toy store, restaurant (D)restaurant, toy store, optometrist, restaurant, veterinarian, shoe store, pharmacy (E)restaurant, optometrist, toy store, restaurant, shoe store, veterinarian, pharmacy","A shopping center has exactly seven spaces—space 1 through space 7—arranged in a straight row. Seven businesses—an optometrist, a pharmacy, two restaurants, a shoe store, a toy store, and a veterinarian—will be located in the shopping center, one in each space. The locations of the businesses are subject to the following constraints: The pharmacy must be at one end of the row and one of the restaurants at the other. The two restaurants must be separated by at least two other businesses. The pharmacy must be next to either the optometrist or the veterinarian. The toy store cannot be next to the veterinarian.Q: Which one of the following could be the order of the businesses in spaces 1 through 7 respectively? Answer Choices: (A)pharmacy, optometrist, shoe store, restaurant, veterinarian, toy store, restaurant (B)pharmacy, veterinarian, optometrist, shoe store, restaurant, toy store, restaurant (C)restaurant, shoe store, veterinarian, pharmacy, optometrist, toy store, restaurant (D)restaurant, toy store, optometrist, restaurant, veterinarian, shoe store, pharmacy (E)restaurant, optometrist, toy store, restaurant, shoe store, veterinarian, pharmacy",,E,"restaurant, optometrist, toy store, restaurant, shoe store, veterinarian, pharmacy",4,E,final_answer,1,"

To determine the correct order of businesses, we must evaluate each answer choice against the four constraints provided in the problem description.

**The Constraints:**
1.  **End Constraint:** The pharmacy (P) must be at one end (Space 1 or 7), and a restaurant (R) must be at the other end.
2.  **Restaurant Separation:** The two restaurants must be separated by at least two other businesses.
3.  **Pharmacy Neighbor:** The pharmacy must be next to either the optometrist (O) or the veterinarian (V).
4.  **Toy/Vet Separation:** The toy store (T) cannot be next to the veterinarian (V).

**Evaluating the Options:**

*   **(A) pharmacy, optometrist, shoe store, restaurant, veterinarian, toy store, restaurant**
    *   Order: P(1), O(2), S(3), R(4), V(5), T(6), R(7).
    *   Constraint 1: P is at 1, R is at 7. (Pass)
    *   Constraint 2: Restaurants are at 4 and 7. Businesses between are at 5 and 6 (Veterinarian, Toy Store). There are 2 businesses between them. (Pass)
    *   Constraint 3: P is at 1. Neighbor is 2 (Optometrist). (Pass)
    *   Constraint 4: Toy Store is at 6. Veterinarian is at 5. They are next to each other. (Fail)
    *   **Result: Incorrect.**

*   **(B) pharmacy, veterinarian, optometrist, shoe store, restaurant, toy store, restaurant**
    *   Order: P(1), V(2), O(3), S(4), R(5), T(6), R(7).
    *   Constraint 1: P is at 1, R is at 7. (Pass)
    *   Constraint 2: Restaurants are at 5 and 7. Business between is at 6 (Toy Store). There is only 1 business between them. (Fail)
    *   **Result: Incorrect.**

*   **(C) restaurant, shoe store, veterinarian, pharmacy, optometrist, toy store, restaurant**
    *   Order: R(1), S(2), V(3), P(4), O(5), T(6), R(7).
    *   Constraint 1: Pharmacy is at Space 4. It must be at an end (1 or 7). (Fail)
    *   **Result: Incorrect.**

*   **(D) restaurant, toy store, optometrist, restaurant, veterinarian, shoe store, pharmacy**
    *   Order: R(1), T(2), O(3), R(4), V(5), S(6), P(7).
    *   Constraint 1: P is at 7, R is at 1. (Pass)
    *   Constraint 2: Restaurants are at 1 and 4. Businesses between are at 2 and 3 (Toy Store, Optometrist). There are 2 businesses between them. (Pass)
    *   Constraint 3: P is at 7. Neighbor is at 6 (Shoe Store). It must be next to Optometrist or Veterinarian. (Fail)
    *   **Result: Incorrect.**

*   **(E) restaurant, optometrist, toy store, restaurant, shoe store, veterinarian, pharmacy**
    *   Order: R(1), O(2), T(3), R(4), S(5), V(6), P(7).
    *   Constraint 1: P is at 7, R is at 1. (Pass)
    *   Constraint 2: Restaurants are at 1 and 4. Businesses between are at 2 and 3 (Optometrist, Toy Store). There are 2 businesses between them. (Pass)
    *   Constraint 3: P is at 7. Neighbor is at 6 (Veterinarian). It is next to a Veterinarian. (Pass)
    *   Constraint 4: Toy Store is at 3. Veterinarian is at 6. They are not next to each other. (Pass)
    *   **Result: Correct.**

Final Answer: E",,"

To determine the correct order of businesses, we must evaluate each answer choice against the four constraints provided in the problem description.

**The Constraints:**
1.  **End Constraint:** The pharmacy (P) must be at one end (Space 1 or 7), and a restaurant (R) must be at the other end.
2.  **Restaurant Separation:** The two restaurants must be separated by at least two other businesses.
3.  **Pharmacy Neighbor:** The pharmacy must be next to either the optometrist (O) or the veterinarian (V).
4.  **Toy/Vet Separation:** The toy store (T) cannot be next to the veterinarian (V).

**Evaluating the Options:**

*   **(A) pharmacy, optometrist, shoe store, restaurant, veterinarian, toy store, restaurant**
    *   Order: P(1), O(2), S(3), R(4), V(5), T(6), R(7).
    *   Constraint 1: P is at 1, R is at 7. (Pass)
    *   Constraint 2: Restaurants are at 4 and 7. Businesses between are at 5 and 6 (Veterinarian, Toy Store). There are 2 businesses between them. (Pass)
    *   Constraint 3: P is at 1. Neighbor is 2 (Optometrist). (Pass)
    *   Constraint 4: Toy Store is at 6. Veterinarian is at 5. They are next to each other. (Fail)
    *   **Result: Incorrect.**

*   **(B) pharmacy, veterinarian, optometrist, shoe store, restaurant, toy store, restaurant**
    *   Order: P(1), V(2), O(3), S(4), R(5), T(6), R(7).
    *   Constraint 1: P is at 1, R is at 7. (Pass)
    *   Constraint 2: Restaurants are at 5 and 7. Business between is at 6 (Toy Store). There is only 1 business between them. (Fail)
    *   **Result: Incorrect.**

*   **(C) restaurant, shoe store, veterinarian, pharmacy, optometrist, toy store, restaurant**
    *   Order: R(1), S(2), V(3), P(4), O(5), T(6), R(7).
    *   Constraint 1: Pharmacy is at Space 4. It must be at an end (1 or 7). (Fail)
    *   **Result: Incorrect.**

*   **(D) restaurant, toy store, optometrist, restaurant, veterinarian, shoe store, pharmacy**
    *   Order: R(1), T(2), O(3), R(4), V(5), S(6), P(7).
    *   Constraint 1: P is at 7",4654,0,4654,931,0,stop,0,50.08575415611267,0.2220032019934691,3.1049072005427245,0.44686249406487455,0.868912940102062,0.9999999993259738,0.2648629950974469,0.14924755935327902,5.959177494049072,0.41621371162907655,0.059733562526858616,1.174258702191663,10.0,0.06983240223463687,3.0,4654.0,0.2690382144374189,2.469130334113502,0.4427964910762631,0.8146684503736998,0.9999999359034275,0.3046178055136963,0.18305927246035902,2.273738384246826,0.3838390886620714,0.1171875,1.21875,5.0,0.125,2.0,128.0,0.38465237457236523,3.1049072005427245,0.5567490709117278,0.7756082913127358,0.9999999739798623,0.31872825146934,0.2458468854744298,4.282602310180664,0.5020141265802945,0.125,1.31640625,10.0,0.14453125,3.0,256.0,0.4188977808177274,3.1049072005427245,0.6187672186461054,0.7749262687959282,0.9999999739798623,0.3221388486879932,0.25716717961103835,4.282602310180664,0.5093299104855391,0.115,1.365,10.0,0.135,3.0,400.0,0.40941082593524775,3.1049072005427245,0.6043127487314703,0.7795965210513313,0.9999999739798623,0.3180147779951655,0.2459835697848671,4.282602310180664,0.4879987455606306,0.107421875,1.353515625,10.0,0.130859375,3.0,512.0,0.3775663306632401,3.1049072005427245,0.5557126943569303,0.7848345039802315,0.9999999987745866,0.3145443304521041,0.24812582427146665,4.282602310180664,0.4951411901929465,0.1015625,1.314453125,10.0,0.1171875,3.0,1024.0,0.2332834506870276,3.1049072005427245,0.4579933297543322,0.8636799052911708,0.9999999987745866,0.2675861425182053,0.1515584192017199,4.282602310180664,0.3954827948031607,0.06201171875,1.18310546875,10.0,0.0712890625,3.0,2048.0,0.40107799620258067,3.1049072005427245,0.5718358864672077,0.7719308746113431,0.9999999987745866,0.32200270649181234,0.2647128354921465,4.282602310180664,0.5107547835529708,0.10955961331901182,1.339419978517723,10.0,0.1267454350161117,3.0,931.0,0.2690382144374189,2.469130334113502,0.4427964910762631,0.8146684503736998,0.9999999359034275,0.3046178055136963,0.18305927246035902,2.273738384246826,0.3838390886620714,0.1171875,1.21875,5.0,0.125,2.0,128.0,0.38465237457236523,3.1049072005427245,0.5567490709117278,0.7756082913127358,0.9999999739798623,0.31872825146934,0.2458468854744298,4.282602310180664,0.5020141265802945,0.125,1.31640625,10.0,0.14453125,3.0,256.0,0.4188977808177274,3.1049072005427245,0.6187672186461054,0.7749262687959282,0.9999999739798623,0.3221388486879932,0.25716717961103835,4.282602310180664,0.5093299104855391,0.115,1.365,10.0,0.135,3.0,400.0,0.40941082593524775,3.1049072005427245,0.6043127487314703,0.7795965210513313,0.9999999739798623,0.3180147779951655,0.2459835697848671,4.282602310180664,0.4879987455606306,0.107421875,1.353515625,10.0,0.130859375,3.0,512.0,0.40107799620258067,3.1049072005427245,0.5718358864672077,0.7719308746113431,0.9999999987745866,0.32200270649181234,0.2647128354921465,4.282602310180664,0.5107547835529708,0.10955961331901182,1.339419978517723,10.0,0.1267454350161117,3.0,931.0,0.40107799620258067,3.1049072005427245,0.5718358864672077,0.7719308746113431,0.9999999987745866,0.32200270649181234,0.2647128354921465,4.282602310180664,0.5107547835529708,0.10955961331901182,1.339419978517723,10.0,0.1267454350161117,3.0,931.0
76,"A shopping center has exactly seven spaces—space 1 through space 7—arranged in a straight row. Seven businesses—an optometrist, a pharmacy, two restaurants, a shoe store, a toy store, and a veterinarian—will be located in the shopping center, one in each space. The locations of the businesses are subject to the following constraints: The pharmacy must be at one end of the row and one of the restaurants at the other. The two restaurants must be separated by at least two other businesses. The pharmacy must be next to either the optometrist or the veterinarian. The toy store cannot be next to the veterinarian.Q: If the shoe store is in space 2, which one of the following could be true? Answer Choices: (A)The optometrist is in space 5. (B)The pharmacy is in space 1. (C)A restaurant is in space 3. (D)The toy store is in space 6. (E)The veterinarian is in space 4.","A shopping center has exactly seven spaces—space 1 through space 7—arranged in a straight row. Seven businesses—an optometrist, a pharmacy, two restaurants, a shoe store, a toy store, and a veterinarian—will be located in the shopping center, one in each space. The locations of the businesses are subject to the following constraints: The pharmacy must be at one end of the row and one of the restaurants at the other. The two restaurants must be separated by at least two other businesses. The pharmacy must be next to either the optometrist or the veterinarian. The toy store cannot be next to the veterinarian.Q: If the shoe store is in space 2, which one of the following could be true? Answer Choices: (A)The optometrist is in space 5. (B)The pharmacy is in space 1. (C)A restaurant is in space 3. (D)The toy store is in space 6. (E)The veterinarian is in space 4.",,A,The optometrist is in space 5.,0,A,final_answer,1,"

First, let's analyze the constraints and the given condition.

**Entities:**
- Spaces: 1, 2, 3, 4, 5, 6, 7
- Businesses: Pharmacy (P), Optometrist (O), 2 Restaurants (R1, R2), Shoe Store (S), Toy Store (T), Veterinarian (V)

**Constraints:**
1.  **Ends:** Pharmacy (P) is at one end (1 or 7), and one Restaurant (R) is at the other end.
2.  **Restaurant Separation:** The two restaurants must be separated by at least two other businesses.
3.  **Pharmacy Neighbor:** Pharmacy (P) must be next to either the Optometrist (O) or the Veterinarian (V).
4.  **Toy/Vet:** The Toy Store (T) cannot be next to the Veterinarian (V).
5.  **Given:** Shoe Store (S) is in space 2.

**Deduction:**
1.  **Locate Pharmacy:**
    - From Constraint 1, P is at 1 or 7.
    - From Constraint 3, P must be next to O or V.
    - We are given S is in space 2.
    - If P were at space 1, its only neighbor would be space 2. Space 2 is occupied by S. Since S is neither O nor V, P cannot be at space 1.
    - Therefore, **Pharmacy (P) must be at space 7**.
    - Consequently, from Constraint 1, **one Restaurant (R1) must be at space 1**.

2.  **Locate Space 6:**
    - P is at space 7. Its neighbor is space 6.
    - From Constraint 3, space 6 must contain O or V.

3.  **Locate Restaurants:**
    - R1 is at space 1.
    - From Constraint 2, the other Restaurant (R2) must be separated from space 1 by at least two businesses.
    - This means R2 cannot be at space 2 or 3.
    - R2 must be at space 4, 5, or 6. (Space 7 is P).

4.  **Evaluate Answer Choices:**

    *   **(B) The pharmacy is in space 1.**
        - We proved above that P cannot be at space 1 because space 2 is S, and P needs O or V as a neighbor.
        - **False.**

    *   **(C) A restaurant is in space 3.**
        - R1 is at space 1. If R2 is at space 3, they are separated only by space 2 (S). This is only one business. Constraint requires at least two.
        - **False.**

    *   **(D) The toy store is in space 6.**
        - Space 6 must be O or V (neighbor of P at 7). T is not O or V.
        - **False.**

    *   **(E) The veterinarian is in space 4.**
        - If V is at 4, then space 6 must be O (since 6 must be O or V).
        - R2 must be at space 4, 5, or 6. Since 4 is V and 6 is O, R2 must be at 5.
        - Remaining spot is 3. Remaining business is T. So T is at 3.
        - Arrangement: 1:R, 2:S, 3:T, 4:V, 5:R, 6:O, 7:P.
        - Check Constraint 4: T (3) is next to V (4). This violates ""Toy store cannot be next to veterinarian"".
        - **False.**

    *   **(A) The optometrist is in space 5.**
        - Let's construct a scenario.
        - P is at 7, R1 is at 1, S is at 2.
        - O is at 5.
        - Space 6 must be O or V. Since O is at 5, V must be at 6.
        - R2 must be at 4, 5, or 6. Spots 5 and 6 are taken. So R2 is at 4.
        - Remaining spot is 3. Remaining business is T. So T is at 3.
        - Proposed Arrangement: 1:R, 2:S, 3:T, 4:R, 5:O, 6:V, 7:P.
        - Check Constraints:
            - P at end (7), R at end (1): Yes.
            - R separation: R1(1) and R2(4) separated by S(2) and T(3). That is 2 businesses. Yes.
            - P neighbor: P(7) next to V(6). Yes.
            - T not next to V: T(3) and V(6). Not adjacent. Yes.
        - All constraints satisfied.
        - **True.**

Final Answer: A

Final Answer: A",,"

First, let's analyze the constraints and the given condition.

**Entities:**
- Spaces: 1, 2, 3, 4, 5, 6, 7
- Businesses: Pharmacy (P), Optometrist (O), 2 Restaurants (R1, R2), Shoe Store (S), Toy Store (T), Veterinarian (V)

**Constraints:**
1.  **Ends:** Pharmacy (P) is at one end (1 or 7), and one Restaurant (R) is at the other end.
2.  **Restaurant Separation:** The two restaurants must be separated by at least two other businesses.
3.  **Pharmacy Neighbor:** Pharmacy (P) must be next to either the Optometrist (O) or the Veterinarian (V).
4.  **Toy/Vet:** The Toy Store (T) cannot be next to the Veterinarian (V).
5.  **Given:** Shoe Store (S) is in space 2.

**Deduction:**
1.  **Locate Pharmacy:**
    - From Constraint 1, P is at 1 or 7.
    - From Constraint 3, P must be next to O or V.
    - We are given S is in space 2.
    - If P were at space 1, its only neighbor would be space 2. Space 2 is occupied by S. Since S is neither O nor V, P cannot be at space 1.
    - Therefore, **Pharmacy (P) must be at space 7**.
    - Consequently, from Constraint 1, **one Restaurant (R1) must be at space 1**.

2.  **Locate Space 6:**
    - P is at space 7. Its neighbor is space 6.
    - From Constraint 3, space 6 must contain O or V.

3.  **Locate Restaurants:**
    - R1 is at space 1.
    - From Constraint 2, the other Restaurant (R2) must be separated from space 1 by at least two businesses.
    - This means R2 cannot be at space 2 or 3.
    - R2 must be at space 4, 5, or 6. (Space 7 is P).

4.  **Evaluate Answer Choices:**

    *   **(B) The pharmacy is in space 1.**
        - We proved above that P cannot be at space 1 because space 2 is S, and P needs O or V as a neighbor.
        - **False.**

    *   **(C) A restaurant is in space 3.**
        - R1 is at space 1. If R2 is at space 3, they are separated only by space 2 (S). This is only one business. Constraint requires at least two.
        - **False.**

    *   **(D) The toy store is in space 6.**
        - Space 6 m",4359,0,4359,1238,0,stop,0,67.28619480133057,0.2506328790198241,2.5214325565249354,0.4293763909141726,0.8459742593077799,0.9999999997385564,0.274409692882991,0.16278211014503347,5.0922441482543945,0.3881863167327903,0.06928194540032118,1.167010782289516,6.0,0.07731130993347098,3.0,4359.0,0.2181704094771732,1.8599069838646207,0.394913700583061,0.8712179143446449,0.9999999644784693,0.2528860319755918,0.14860277294886054,3.546833038330078,0.4478976189952196,0.0625,1.125,3.0,0.0703125,2.0,128.0,0.24973249305195644,2.4531988776536107,0.4114620555422535,0.8560661959452587,0.9999999644784693,0.24810278435387215,0.15488486859030584,3.546833038330078,0.42791332667164433,0.046875,1.14453125,5.0,0.0546875,2.0,256.0,0.22602811887510404,2.4531988776536107,0.4019812491161649,0.8716189856750929,0.9999999644784693,0.23965160970146673,0.13729153421811569,3.546833038330078,0.39200498556461894,0.04,1.1325,5.0,0.045,2.0,400.0,0.2564359738759704,2.4531988776536107,0.4241885072772897,0.8526969089224786,0.9999999876974655,0.2553712275153955,0.15553100966581757,3.546833038330078,0.3968697262665011,0.0546875,1.15234375,5.0,0.060546875,2.0,512.0,0.2873430987523341,2.4531988776536107,0.4524586262335204,0.8334968894786641,0.9999999941665856,0.272524868123885,0.16989786568418175,3.546833038330078,0.3847191862658586,0.0673828125,1.181640625,5.0,0.072265625,2.0,1024.0,0.2644478954920053,2.5214325565249354,0.4356903905565213,0.8416666305681574,0.9999999989156506,0.273550991257052,0.164634434962125,3.546833038330078,0.3769009656361561,0.0693359375,1.17236328125,6.0,0.07568359375,2.0,2048.0,0.2779845131732342,2.4531988776536107,0.4442939873423229,0.8365680199073955,0.9999999956745763,0.2713868413564796,0.1682078594210371,3.546833038330078,0.38483153823740046,0.06623586429725363,1.1768982229402263,5.0,0.07189014539579967,2.0,1238.0,0.2181704094771732,1.8599069838646207,0.394913700583061,0.8712179143446449,0.9999999644784693,0.2528860319755918,0.14860277294886054,3.546833038330078,0.4478976189952196,0.0625,1.125,3.0,0.0703125,2.0,128.0,0.24973249305195644,2.4531988776536107,0.4114620555422535,0.8560661959452587,0.9999999644784693,0.24810278435387215,0.15488486859030584,3.546833038330078,0.42791332667164433,0.046875,1.14453125,5.0,0.0546875,2.0,256.0,0.22602811887510404,2.4531988776536107,0.4019812491161649,0.8716189856750929,0.9999999644784693,0.23965160970146673,0.13729153421811569,3.546833038330078,0.39200498556461894,0.04,1.1325,5.0,0.045,2.0,400.0,0.2564359738759704,2.4531988776536107,0.4241885072772897,0.8526969089224786,0.9999999876974655,0.2553712275153955,0.15553100966581757,3.546833038330078,0.3968697262665011,0.0546875,1.15234375,5.0,0.060546875,2.0,512.0,0.2873430987523341,2.4531988776536107,0.4524586262335204,0.8334968894786641,0.9999999941665856,0.272524868123885,0.16989786568418175,3.546833038330078,0.3847191862658586,0.0673828125,1.181640625,5.0,0.072265625,2.0,1024.0,0.2779845131732342,2.4531988776536107,0.4442939873423229,0.8365680199073955,0.9999999956745763,0.2713868413564796,0.1682078594210371,3.546833038330078,0.38483153823740046,0.06623586429725363,1.1768982229402263,5.0,0.07189014539579967,2.0,1238.0
77,"A shopping center has exactly seven spaces—space 1 through space 7—arranged in a straight row. Seven businesses—an optometrist, a pharmacy, two restaurants, a shoe store, a toy store, and a veterinarian—will be located in the shopping center, one in each space. The locations of the businesses are subject to the following constraints: The pharmacy must be at one end of the row and one of the restaurants at the other. The two restaurants must be separated by at least two other businesses. The pharmacy must be next to either the optometrist or the veterinarian. The toy store cannot be next to the veterinarian.Q: If the veterinarian is in space 5, which one of the following must be true? Answer Choices: (A)The optometrist is in space 2. (B)The pharmacy is in space 7. (C)A restaurant is in space 4. (D)The shoe store is in space 6. (E)The toy store is in space 3.","A shopping center has exactly seven spaces—space 1 through space 7—arranged in a straight row. Seven businesses—an optometrist, a pharmacy, two restaurants, a shoe store, a toy store, and a veterinarian—will be located in the shopping center, one in each space. The locations of the businesses are subject to the following constraints: The pharmacy must be at one end of the row and one of the restaurants at the other. The two restaurants must be separated by at least two other businesses. The pharmacy must be next to either the optometrist or the veterinarian. The toy store cannot be next to the veterinarian.Q: If the veterinarian is in space 5, which one of the following must be true? Answer Choices: (A)The optometrist is in space 2. (B)The pharmacy is in space 7. (C)A restaurant is in space 4. (D)The shoe store is in space 6. (E)The toy store is in space 3.",,C,A restaurant is in space 4.,2,C,final_answer,1,"

The problem asks us to determine which statement must be true given that the Veterinarian (V) is in Space 5.

**1. Analyze the Constraints:**
*   **Spaces:** 1 through 7.
*   **Businesses:** Optometrist (O), Pharmacy (P), Restaurant 1 (R1), Restaurant 2 (R2), Shoe Store (S), Toy Store (T), Veterinarian (V).
*   **Constraint 1:** Pharmacy (P) is at one end (1 or 7), and a Restaurant (R) is at the other end (7 or 1).
*   **Constraint 2:** The two restaurants are separated by at least two other businesses. (If R is at $x$ and $y$ with $x < y$, then $y - x \ge 3$).
*   **Constraint 3:** Pharmacy (P) is next to Optometrist (O) or Veterinarian (V).
*   **Constraint 4:** Toy Store (T) is not next to Veterinarian (V).
*   **Given:** Veterinarian (V) is in Space 5.

**2. Deduce Positions:**
*   Since V is in Space 5, P cannot be next to V (as P must be at Space 1 or 7, and neighbors of 5 are 4 and 6).
*   Therefore, P must be next to O (Constraint 3).
*   **Case 1: Pharmacy (P) is in Space 1.**
    *   Then the Restaurant (R) must be in Space 7 (Constraint 1).
    *   Since P is at 1, O must be at Space 2.
    *   Current layout: 1:P, 2:O, 3:?, 4:?, 5:V, 6:?, 7:R.
    *   Remaining spots: 3, 4, 6. Remaining businesses: R (the second restaurant), S, T.
    *   The second Restaurant must be separated from R at 7 by at least two businesses. So the second R must be at Space 3 or 4 (Spaces 5, 6 are too close).
    *   T cannot be next to V (Space 5). So T cannot be at 4 or 6.
    *   Therefore, T must be at Space 3.
    *   Since T is at 3, the second Restaurant must be at Space 4.
    *   This leaves Space 6 for the Shoe Store (S).
    *   **Result:** A Restaurant is in Space 4.
*   **Case 2: Pharmacy (P) is in Space 7.**
    *   Then the Restaurant (R) must be in Space 1 (Constraint 1).
    *   Since P is at 7, O must be at Space 6.
    *   Current layout: 1:R, 2:?, 3:?, 4:?, 5:V, 6:O, 7:P.
    *   Remaining spots: 2, 3, 4. Remaining businesses: R (the second restaurant), S, T.
    *   The second Restaurant must be separated from R at 1 by at least two businesses. So the second R must be at Space 4 or higher.
    *   Available spots for R are 2, 3, 4. Since it must be at least 3 spaces away from 1, it must be at Space 4.
    *   **Result:** A Restaurant is in Space 4.
    *   (Note: T can be at 2 or 3, S takes the other. This does not affect the location of the Restaurant).

**3. Evaluate the Options:**
*   (A) The optometrist is in space 2. (False in Case 2, where O is in 6).
*   (B) The pharmacy is in space 7. (False in Case 1, where P is in 1).
*   (C) A restaurant is in space 4. (True in both Case 1 and Case 2).
*   (D) The shoe store is in space 6. (False in Case 2, where S is in 2 or 3).
*   (E) The toy store is in space 3. (False in Case 2, where T can be in 2).

Since a Restaurant must be in Space 4 in all valid scenarios, option (C) is the correct answer.

Final Answer: C",,"

The problem asks us to determine which statement must be true given that the Veterinarian (V) is in Space 5.

**1. Analyze the Constraints:**
*   **Spaces:** 1 through 7.
*   **Businesses:** Optometrist (O), Pharmacy (P), Restaurant 1 (R1), Restaurant 2 (R2), Shoe Store (S), Toy Store (T), Veterinarian (V).
*   **Constraint 1:** Pharmacy (P) is at one end (1 or 7), and a Restaurant (R) is at the other end (7 or 1).
*   **Constraint 2:** The two restaurants are separated by at least two other businesses. (If R is at $x$ and $y$ with $x < y$, then $y - x \ge 3$).
*   **Constraint 3:** Pharmacy (P) is next to Optometrist (O) or Veterinarian (V).
*   **Constraint 4:** Toy Store (T) is not next to Veterinarian (V).
*   **Given:** Veterinarian (V) is in Space 5.

**2. Deduce Positions:**
*   Since V is in Space 5, P cannot be next to V (as P must be at Space 1 or 7, and neighbors of 5 are 4 and 6).
*   Therefore, P must be next to O (Constraint 3).
*   **Case 1: Pharmacy (P) is in Space 1.**
    *   Then the Restaurant (R) must be in Space 7 (Constraint 1).
    *   Since P is at 1, O must be at Space 2.
    *   Current layout: 1:P, 2:O, 3:?, 4:?, 5:V, 6:?, 7:R.
    *   Remaining spots: 3, 4, 6. Remaining businesses: R (the second restaurant), S, T.
    *   The second Restaurant must be separated from R at 7 by at least two businesses. So the second R must be at Space 3 or 4 (Spaces 5, 6 are too close).
    *   T cannot be next to V (Space 5). So T cannot be at 4 or 6.
    *   Therefore, T must be at Space 3.
    *   Since T is at 3, the second Restaurant must be at Space 4.
    *   This leaves Space 6 for the Shoe Store (S).
    *   **Result:** A Restaurant is in Space 4.
*   **Case 2: Pharmacy (P) is in Space 7.**
    *   Then the Restaurant (R) must be in Space 1 (Constraint 1).
    *   Since P is at 7, O must be at Space 6.
    *   Current layout: 1:R, 2:?, 3:?, 4:?, 5:V, 6:O, 7:P.
    *   Remaining spots: 2, 3, 4. Remaining businesses: R (the second restaurant), S, ",6872,0,6872,997,0,stop,0,94.56231212615967,0.2613429350239316,2.782435629858005,0.46861038399655025,0.8465610001327062,0.9999999993486391,0.2801025444078245,0.16701707209576608,4.772096157073975,0.4093501002492764,0.07174039580908033,1.193102444703143,8.0,0.08323632130384168,5.0,6872.0,0.1980190917188236,1.7625615556472694,0.3817402273329151,0.872842235632662,0.9999998166789609,0.2743050074392422,0.10699973332650003,1.4308918714523315,0.26098447658792445,0.09375,1.1328125,3.0,0.09375,1.0,128.0,0.2433997683550847,1.8447527076824295,0.4048520313863311,0.8385646879392344,0.9999998499836914,0.29504672040633606,0.15746036574811303,2.379034996032715,0.35735649063402486,0.09765625,1.15625,3.0,0.10546875,2.0,256.0,0.28660642585384566,2.10035904764343,0.4354733843480592,0.8133956465605492,0.999999975537383,0.3048950212310554,0.19746395557916582,3.2360029220581055,0.4189382018913786,0.1,1.1975,5.0,0.11,2.0,400.0,0.2931183296868806,2.10035904764343,0.4543798866938157,0.8109989103674445,0.9999999946064776,0.3083676351676041,0.19268308694733577,3.2360029220581055,0.4031859169317715,0.10546875,1.2109375,5.0,0.11328125,2.0,512.0,0.308776533576128,2.495372724552746,0.48090234955937566,0.8084621426961158,0.9999999946064776,0.30667779677715423,0.206528357539927,3.9577183723449707,0.44395474724597317,0.09765625,1.22265625,6.0,0.107421875,2.0,1024.0,0.27685272811328127,2.6613818917547154,0.46380780357667806,0.8322240003218802,0.9999999982512927,0.28955953959765607,0.1855101138457224,4.0725297927856445,0.43365747598400806,0.08154296875,1.19970703125,6.0,0.09130859375,3.0,2048.0,0.30879916542593355,2.457876805868422,0.47932047085898627,0.8084791450711062,0.9999999946064776,0.30723525754435355,0.2052839460482388,3.5518882274627686,0.4325637988740452,0.09829488465396188,1.221664994984955,5.0,0.10832497492477432,2.0,997.0,0.1980190917188236,1.7625615556472694,0.3817402273329151,0.872842235632662,0.9999998166789609,0.2743050074392422,0.10699973332650003,1.4308918714523315,0.26098447658792445,0.09375,1.1328125,3.0,0.09375,1.0,128.0,0.2433997683550847,1.8447527076824295,0.4048520313863311,0.8385646879392344,0.9999998499836914,0.29504672040633606,0.15746036574811303,2.379034996032715,0.35735649063402486,0.09765625,1.15625,3.0,0.10546875,2.0,256.0,0.28660642585384566,2.10035904764343,0.4354733843480592,0.8133956465605492,0.999999975537383,0.3048950212310554,0.19746395557916582,3.2360029220581055,0.4189382018913786,0.1,1.1975,5.0,0.11,2.0,400.0,0.2931183296868806,2.10035904764343,0.4543798866938157,0.8109989103674445,0.9999999946064776,0.3083676351676041,0.19268308694733577,3.2360029220581055,0.4031859169317715,0.10546875,1.2109375,5.0,0.11328125,2.0,512.0,0.30879916542593355,2.457876805868422,0.47932047085898627,0.8084791450711062,0.9999999946064776,0.30723525754435355,0.2052839460482388,3.5518882274627686,0.4325637988740452,0.09829488465396188,1.221664994984955,5.0,0.10832497492477432,2.0,997.0,0.30879916542593355,2.457876805868422,0.47932047085898627,0.8084791450711062,0.9999999946064776,0.30723525754435355,0.2052839460482388,3.5518882274627686,0.4325637988740452,0.09829488465396188,1.221664994984955,5.0,0.10832497492477432,2.0,997.0
78,"A shopping center has exactly seven spaces—space 1 through space 7—arranged in a straight row. Seven businesses—an optometrist, a pharmacy, two restaurants, a shoe store, a toy store, and a veterinarian—will be located in the shopping center, one in each space. The locations of the businesses are subject to the following constraints: The pharmacy must be at one end of the row and one of the restaurants at the other. The two restaurants must be separated by at least two other businesses. The pharmacy must be next to either the optometrist or the veterinarian. The toy store cannot be next to the veterinarian.Q: If the optometrist is next to the shoe store, the businesses immediately on either side of this pair must be Answer Choices: (A)the pharmacy and a restaurant (B)the pharmacy and the toy store (C)the two restaurants (D)a restaurant and the toy store (E)a restaurant and the veterinarian","A shopping center has exactly seven spaces—space 1 through space 7—arranged in a straight row. Seven businesses—an optometrist, a pharmacy, two restaurants, a shoe store, a toy store, and a veterinarian—will be located in the shopping center, one in each space. The locations of the businesses are subject to the following constraints: The pharmacy must be at one end of the row and one of the restaurants at the other. The two restaurants must be separated by at least two other businesses. The pharmacy must be next to either the optometrist or the veterinarian. The toy store cannot be next to the veterinarian.Q: If the optometrist is next to the shoe store, the businesses immediately on either side of this pair must be Answer Choices: (A)the pharmacy and a restaurant (B)the pharmacy and the toy store (C)the two restaurants (D)a restaurant and the toy store (E)a restaurant and the veterinarian",,D,a restaurant and the toy store,3,,none,0,,,,8012,0,8012,0,1,length,0,102.6613335609436,0.35174920004645505,2.869190499105615,0.5338626872451709,0.803463090547627,0.9999999959045908,0.3023424332501611,0.23094662092665433,5.60687255859375,0.49014896526711127,0.08686969545681478,1.2695956065901148,8.0,0.10496754867698452,4.0,8012.0,0.3952347703009686,2.4146469299923377,0.5509239800303076,0.7861737767689719,0.9999999192265698,0.3047318996680801,0.2748919716817121,3.96543025970459,0.600267142235085,0.0859375,1.28125,5.0,0.09375,2.0,128.0,0.30254633264890346,2.4146469299923377,0.47355835922512685,0.8332197408676569,0.9999999192265698,0.2727603150235407,0.1904205132470179,3.96543025970459,0.47586277148663225,0.0625,1.18359375,5.0,0.06640625,2.0,256.0,0.37061061940747986,2.601107559413134,0.5384783270798618,0.8034046250000066,0.9999999192265698,0.2924270566846732,0.2531862325048402,5.60687255859375,0.584996555016869,0.0775,1.26,8.0,0.085,2.0,400.0,0.3743209944486852,2.601107559413134,0.5399701320901259,0.7975821570644566,0.9999999295280076,0.3002823550707386,0.2591690118214234,5.60687255859375,0.5874015331123744,0.0859375,1.259765625,8.0,0.09765625,2.0,512.0,0.39052817030125453,2.7224824601595525,0.5676169859448428,0.7872122562086009,0.9999999959045908,0.31114150093185655,0.2639459790839357,5.60687255859375,0.5528866768875921,0.095703125,1.3017578125,8.0,0.1123046875,3.0,1024.0,0.344191823181633,2.7224824601595525,0.5326477325363219,0.8106125485031186,0.9999999959045908,0.29609281337938564,0.23145604627938876,5.60687255859375,0.5086553618833768,0.08056640625,1.2587890625,8.0,0.09423828125,3.0,2048.0,,,,,,,,,,,,,,,,,,,,,,,,,,,,,,,,,,,,,,,,,,,,,,,,,,,,,,,,,,,,,,,,,,,,,,,,,,,,,,,,,,,,,,,,,,,,,,,,,,,,,,,,,
79,"A shopping center has exactly seven spaces—space 1 through space 7—arranged in a straight row. Seven businesses—an optometrist, a pharmacy, two restaurants, a shoe store, a toy store, and a veterinarian—will be located in the shopping center, one in each space. The locations of the businesses are subject to the following constraints: The pharmacy must be at one end of the row and one of the restaurants at the other. The two restaurants must be separated by at least two other businesses. The pharmacy must be next to either the optometrist or the veterinarian. The toy store cannot be next to the veterinarian.Q: If the shoe store is in space 4, which one of the following must be true? Answer Choices: (A)The optometrist is next to a restaurant. (B)The pharmacy is next to the veterinarian. (C)A restaurant is next to the toy store. (D)The shoe store is next to the toy store. (E)The shoe store is next to the veterinarian.","A shopping center has exactly seven spaces—space 1 through space 7—arranged in a straight row. Seven businesses—an optometrist, a pharmacy, two restaurants, a shoe store, a toy store, and a veterinarian—will be located in the shopping center, one in each space. The locations of the businesses are subject to the following constraints: The pharmacy must be at one end of the row and one of the restaurants at the other. The two restaurants must be separated by at least two other businesses. The pharmacy must be next to either the optometrist or the veterinarian. The toy store cannot be next to the veterinarian.Q: If the shoe store is in space 4, which one of the following must be true? Answer Choices: (A)The optometrist is next to a restaurant. (B)The pharmacy is next to the veterinarian. (C)A restaurant is next to the toy store. (D)The shoe store is next to the toy store. (E)The shoe store is next to the veterinarian.",,B,The pharmacy is next to the veterinarian.,1,B,final_answer,1,"

The problem asks us to determine which statement must be true given that the Shoe Store (S) is in Space 4. Let's analyze the constraints and the layout.

**1. Setup and Constraints:**
*   **Spaces:** 1, 2, 3, 4, 5, 6, 7.
*   **Businesses:** Optometrist (O), Pharmacy (P), Restaurants (R1, R2), Shoe Store (S), Toy Store (T), Veterinarian (V).
*   **Given:** S is in Space 4.
*   **Constraint 1:** P is at an end (1 or 7).
*   **Constraint 2:** A Restaurant (R) is at the other end.
*   **Constraint 3:** The two Restaurants are separated by at least two businesses (index difference $\ge 3$).
*   **Constraint 4:** P is next to O or V.
*   **Constraint 5:** T is not next to V.

**2. Analyzing the Ends:**
Since P must be at one end and a Restaurant at the other, there are two main scenarios:
*   **Scenario A:** P is at Space 1, R is at Space 7.
*   **Scenario B:** R is at Space 1, P is at Space 7.

**3. Analyzing Scenario A (P at 1, R at 7):**
*   Space 1: P
*   Space 7: R
*   Space 4: S (Given)
*   **Restaurant Separation:** The other Restaurant (R2) must be at least 3 spaces away from Space 7. So R2 must be at Space 4 or lower.
    *   R2 cannot be Space 4 (occupied by S).
    *   R2 cannot be Space 1 (occupied by P).
    *   So R2 must be at Space 2 or Space 3.
*   **Pharmacy Neighbor:** P (Space 1) must be next to O or V. So Space 2 must be O or V.
    *   Space 2 cannot be R (since R is at 7 and R2 is at 2 or 3, but if R2 were at 2, P would be next to R, which violates Constraint 4).
    *   So R2 cannot be at Space 2.
    *   Therefore, **R2 must be at Space 3**.
    *   This leaves Space 2 for O or V.
*   **Toy Store/Veterinarian Constraint:** The remaining businesses for Spaces 2, 5, and 6 are O, V, and T.
    *   We know Space 2 is O or V.
    *   **Case A1:** If Space 2 is O, then V and T must be in Spaces 5 and 6. Since 5 and 6 are adjacent, V and T would be next to each other. This violates Constraint 5 (T cannot be next to V). Thus, Space 2 cannot be O.
    *   **Case A2:** Space 2 must be **V**.
    *   This leaves O and T for Spaces 5 and 6. Since V is at Space 2, T is at 5 or 6, so T is not next to V. This is valid.
*   **Result for Scenario A:** P (1) is next to V (2).

**4. Analyzing Scenario B (R at 1, P at 7):**
*   Space 1: R
*   Space 7: P
*   Space 4: S (Given)
*   **Restaurant Separation:** The other Restaurant (R2) must be at least 3 spaces away from Space 1. So R2 must be at Space 4 or higher.
    *   R2 cannot be Space 4 (occupied by S).
    *   R2 cannot be Space 7 (occupied by P).
    *   So R2 must be at Space 5 or Space 6.
*   **Pharmacy Neighbor:** P (Space 7) must be next to O or V. So Space 6 must be O or V.
    *   Space 6 cannot be R (since R is at 1 and R2 is at 5 or 6, but if R2 were at 6, P would be next to R, violating Constraint 4).
    *   So R2 cannot be at Space 6.
    *   Therefore, **R2 must be at Space 5**.
    *   This leaves Space 6 for O or V.
*   **Toy Store/Veterinarian Constraint:** The remaining businesses for Spaces 2, 3, and 6 are O, V, and T.
    *   We know Space 6 is O or V.
    *   **Case B1:** If Space 6 is O, then V and T must be in Spaces 2 and 3. Since 2 and 3 are adjacent, V and T would be next to each other. This violates Constraint 5. Thus, Space 6 cannot be O.
    *   **Case B2:** Space 6 must be **V**.
    *   This leaves O and T for Spaces 2 and 3. Since V is at Space 6, T is at 2 or 3, so T is not next to V. This is valid.
*   **Result for Scenario B:** P (7) is next to V (6).

**5. Conclusion:**
In both valid scenarios (A and B), the Pharmacy is next to the Veterinarian.
*   Scenario A: P at 1, V at 2.
*   Scenario B: P at 7, V at 6.

Therefore, ""The pharmacy is next to the veterinarian"" must be true.

Final Answer: B

Final Answer: B",,"

The problem asks us to determine which statement must be true given that the Shoe Store (S) is in Space 4. Let's analyze the constraints and the layout.

**1. Setup and Constraints:**
*   **Spaces:** 1, 2, 3, 4, 5, 6, 7.
*   **Businesses:** Optometrist (O), Pharmacy (P), Restaurants (R1, R2), Shoe Store (S), Toy Store (T), Veterinarian (V).
*   **Given:** S is in Space 4.
*   **Constraint 1:** P is at an end (1 or 7).
*   **Constraint 2:** A Restaurant (R) is at the other end.
*   **Constraint 3:** The two Restaurants are separated by at least two businesses (index difference $\ge 3$).
*   **Constraint 4:** P is next to O or V.
*   **Constraint 5:** T is not next to V.

**2. Analyzing the Ends:**
Since P must be at one end and a Restaurant at the other, there are two main scenarios:
*   **Scenario A:** P is at Space 1, R is at Space 7.
*   **Scenario B:** R is at Space 1, P is at Space 7.

**3. Analyzing Scenario A (P at 1, R at 7):**
*   Space 1: P
*   Space 7: R
*   Space 4: S (Given)
*   **Restaurant Separation:** The other Restaurant (R2) must be at least 3 spaces away from Space 7. So R2 must be at Space 4 or lower.
    *   R2 cannot be Space 4 (occupied by S).
    *   R2 cannot be Space 1 (occupied by P).
    *   So R2 must be at Space 2 or Space 3.
*   **Pharmacy Neighbor:** P (Space 1) must be next to O or V. So Space 2 must be O or V.
    *   Space 2 cannot be R (since R is at 7 and R2 is at 2 or 3, but if R2 were at 2, P would be next to R, which violates Constraint 4).
    *   So R2 cannot be at Space 2.
    *   Therefore, **R2 must be at Space 3**.
    *   This leaves Space 2 for O or V.
*   **Toy Store/Veterinarian Constraint:** The remaining businesses for Spaces 2, 5, and 6 are O, V, and T.
    *   We know Space 2 is O or V.
    *   **Case A1:** If Space 2 is O, then V and T must be in Spaces 5 and 6. Since 5 and 6 are adjacent, V and T would be next to each other. This violates Constraint 5 (T cannot be next to V). Thus, Space 2 cannot be O.
    * ",7509,0,7509,1526,0,stop,0,99.39534211158752,0.23614869132474364,3.0710519155106604,0.45749482304782246,0.8643959394351033,0.9999999981157458,0.2659706704399552,0.15268416920655195,5.553576469421387,0.4073310755786751,0.0617925156478892,1.1796510853642297,9.0,0.07484352110800373,4.0,7509.0,0.2234287361079048,2.060217460148838,0.4053178772017574,0.8674112641254629,0.9999999791644097,0.25684441064568003,0.1761567652592817,3.5483152866363525,0.5246771175417397,0.0703125,1.140625,4.0,0.078125,2.0,128.0,0.22458917493638209,2.060217460148838,0.39882701105318075,0.8624176619841623,0.9999999791644097,0.25646840266973125,0.15915986790108155,3.5483152866363525,0.4400333336138653,0.0546875,1.1484375,4.0,0.06640625,3.0,256.0,0.2831280752302563,2.866521469813739,0.47627059221281176,0.8316418859034923,0.9999999791644097,0.2825636387255582,0.18227758447491546,3.5483152866363525,0.4240825711607206,0.0675,1.2325,9.0,0.075,3.0,400.0,0.27995957835016133,2.866521469813739,0.4753074729080701,0.8316123878287326,0.9999999791644097,0.2870087560177458,0.17811026797633406,3.5483152866363525,0.40878243552746985,0.076171875,1.23046875,9.0,0.08984375,3.0,512.0,0.26009708112251384,2.866521469813739,0.46402076009769433,0.8453260142995185,0.9999999855786805,0.2800957125481996,0.16502070935632168,5.0919952392578125,0.4081827468910179,0.072265625,1.2041015625,9.0,0.08984375,3.0,1024.0,0.27673319875164637,3.048984333857067,0.4825376158768937,0.8370373740665713,0.9999999981157458,0.2872065535224263,0.1796821141298989,5.553576469421387,0.43138545676731405,0.07666015625,1.2197265625,9.0,0.09814453125,4.0,2048.0,0.2675546520366822,3.048984333857067,0.47896936012512065,0.8409095788854808,0.9999999945153655,0.28554931986823495,0.1759827884346949,5.553576469421387,0.43756409521984996,0.07601572739187418,1.2155963302752293,9.0,0.09567496723460026,4.0,1526.0,0.2234287361079048,2.060217460148838,0.4053178772017574,0.8674112641254629,0.9999999791644097,0.25684441064568003,0.1761567652592817,3.5483152866363525,0.5246771175417397,0.0703125,1.140625,4.0,0.078125,2.0,128.0,0.22458917493638209,2.060217460148838,0.39882701105318075,0.8624176619841623,0.9999999791644097,0.25646840266973125,0.15915986790108155,3.5483152866363525,0.4400333336138653,0.0546875,1.1484375,4.0,0.06640625,3.0,256.0,0.2831280752302563,2.866521469813739,0.47627059221281176,0.8316418859034923,0.9999999791644097,0.2825636387255582,0.18227758447491546,3.5483152866363525,0.4240825711607206,0.0675,1.2325,9.0,0.075,3.0,400.0,0.27995957835016133,2.866521469813739,0.4753074729080701,0.8316123878287326,0.9999999791644097,0.2870087560177458,0.17811026797633406,3.5483152866363525,0.40878243552746985,0.076171875,1.23046875,9.0,0.08984375,3.0,512.0,0.26009708112251384,2.866521469813739,0.46402076009769433,0.8453260142995185,0.9999999855786805,0.2800957125481996,0.16502070935632168,5.0919952392578125,0.4081827468910179,0.072265625,1.2041015625,9.0,0.08984375,3.0,1024.0,0.2675546520366822,3.048984333857067,0.47896936012512065,0.8409095788854808,0.9999999945153655,0.28554931986823495,0.1759827884346949,5.553576469421387,0.43756409521984996,0.07601572739187418,1.2155963302752293,9.0,0.09567496723460026,4.0,1526.0
80,"A shopping center has exactly seven spaces—space 1 through space 7—arranged in a straight row. Seven businesses—an optometrist, a pharmacy, two restaurants, a shoe store, a toy store, and a veterinarian—will be located in the shopping center, one in each space. The locations of the businesses are subject to the following constraints: The pharmacy must be at one end of the row and one of the restaurants at the other. The two restaurants must be separated by at least two other businesses. The pharmacy must be next to either the optometrist or the veterinarian. The toy store cannot be next to the veterinarian.Q: Which one of the following, if substituted for the constraint that the two restaurants must be separated by at least two other businesses, would have the same effect in determining the locations of the businesses? Answer Choices: (A)A restaurant must be in either space 3, space 4, or space 5. (B)A restaurant must be next to either the optometrist or the veterinarian. (C)Either the toy store or the veterinarian must be somewhere between the two restaurants. (D)No more than two businesses can separate the pharmacy and the restaurant nearest it. (E)The optometrist cannot be next to the shoe store.","A shopping center has exactly seven spaces—space 1 through space 7—arranged in a straight row. Seven businesses—an optometrist, a pharmacy, two restaurants, a shoe store, a toy store, and a veterinarian—will be located in the shopping center, one in each space. The locations of the businesses are subject to the following constraints: The pharmacy must be at one end of the row and one of the restaurants at the other. The two restaurants must be separated by at least two other businesses. The pharmacy must be next to either the optometrist or the veterinarian. The toy store cannot be next to the veterinarian.Q: Which one of the following, if substituted for the constraint that the two restaurants must be separated by at least two other businesses, would have the same effect in determining the locations of the businesses? Answer Choices: (A)A restaurant must be in either space 3, space 4, or space 5. (B)A restaurant must be next to either the optometrist or the veterinarian. (C)Either the toy store or the veterinarian must be somewhere between the two restaurants. (D)No more than two businesses can separate the pharmacy and the restaurant nearest it. (E)The optometrist cannot be next to the shoe store.",,D,No more than two businesses can separate the pharmacy and the restaurant nearest it.,3,,none,0,,,,8012,0,8012,0,1,length,0,104.88123774528503,0.40472914673036237,3.064468570211445,0.5901450766532698,0.7803034423904831,0.9999999977266077,0.3190501356705724,0.26255825642998337,4.855871200561523,0.5234190970315533,0.10421867199201199,1.3376185721417873,10.0,0.1264353469795307,7.0,8012.0,0.47819471025426347,2.546621500604384,0.6379611616674543,0.7429196111980556,0.9999996584652643,0.34120746024076976,0.28434458602778867,2.2483325004577637,0.46888305637865935,0.109375,1.4375,5.0,0.1484375,3.0,128.0,0.35795254183823955,2.546621500604384,0.5677098982706253,0.7969219569683857,0.9999998833618626,0.32134826790415894,0.21467896664776634,2.5085253715515137,0.42220640703802137,0.09765625,1.30859375,5.0,0.125,3.0,256.0,0.3317949995013835,2.832176065498761,0.5286499765829097,0.809245127414893,0.9999998833618626,0.3045959169392226,0.19548092519405721,2.5085253715515137,0.39764314376728155,0.09,1.2625,7.0,0.1125,3.0,400.0,0.28832025115415877,2.832176065498761,0.499637958850806,0.8342536834789515,0.9999999071939077,0.28988143787230575,0.16621186415524547,2.5085253715515137,0.3663815873371128,0.078125,1.220703125,7.0,0.095703125,3.0,512.0,0.3231604655921296,3.064468570211445,0.5229905671315798,0.8193156459116876,0.9999999915831955,0.29670009250522655,0.20008335325939605,3.715590715408325,0.43718852996689683,0.0849609375,1.25,10.0,0.1015625,3.0,1024.0,0.33617424283530933,3.064468570211445,0.5544886078047947,0.8182877668547937,0.9999999915831955,0.29999685336644155,0.21943976483617622,4.467534065246582,0.4896689486522787,0.0908203125,1.27294921875,10.0,0.109375,3.0,2048.0,,,,,,,,,,,,,,,,,,,,,,,,,,,,,,,,,,,,,,,,,,,,,,,,,,,,,,,,,,,,,,,,,,,,,,,,,,,,,,,,,,,,,,,,,,,,,,,,,,,,,,,,,
81,"A software company employs exactly seven sales representatives—Kim, Mahr, Parra, Quinn, Stuckey, Tiao, and Udall—to work in its three sales zones—Zone 1, Zone 2, and Zone 3. Each sales representative works in exactly one of the sales zones, in accordance with the following conditions: Either Parra or Tiao (but not both) works in Zone 1. Either Tiao or Udall (but not both) works in Zone 2. Parra and Quinn work in the same sales zone as each other. Stuckey and Udall work in the same sales zone as each other. There are more of the sales representatives working in Zone 3 than in Zone 2.Q: Which one of the following could be an accurate matching of the sales representatives to the sales zones in which they work? Answer Choices: (A)Zone 1: Kim, Parra Zone 2: Stuckey, Udall Zone 3: Mahr, Quinn, Tiao (B)Zone 1: Kim, Tiao Zone 2: Stuckey, Udall Zone 3: Mahr, Parra, Quinn (C)Zone 1: Parra, Quinn Zone 2: Kim, Udall Zone 3: Mahr, Stuckey, Tiao (D)Zone 1: Stuckey, Udall Zone 2: Kim, Tiao Zone 3: Mahr, Parra, Quinn (E)Zone 1: Tiao Zone 2: Kim, Parra, Quinn Zone 3: Stuckey, Udall","A software company employs exactly seven sales representatives—Kim, Mahr, Parra, Quinn, Stuckey, Tiao, and Udall—to work in its three sales zones—Zone 1, Zone 2, and Zone 3. Each sales representative works in exactly one of the sales zones, in accordance with the following conditions: Either Parra or Tiao (but not both) works in Zone 1. Either Tiao or Udall (but not both) works in Zone 2. Parra and Quinn work in the same sales zone as each other. Stuckey and Udall work in the same sales zone as each other. There are more of the sales representatives working in Zone 3 than in Zone 2.Q: Which one of the following could be an accurate matching of the sales representatives to the sales zones in which they work? Answer Choices: (A)Zone 1: Kim, Parra Zone 2: Stuckey, Udall Zone 3: Mahr, Quinn, Tiao (B)Zone 1: Kim, Tiao Zone 2: Stuckey, Udall Zone 3: Mahr, Parra, Quinn (C)Zone 1: Parra, Quinn Zone 2: Kim, Udall Zone 3: Mahr, Stuckey, Tiao (D)Zone 1: Stuckey, Udall Zone 2: Kim, Tiao Zone 3: Mahr, Parra, Quinn (E)Zone 1: Tiao Zone 2: Kim, Parra, Quinn Zone 3: Stuckey, Udall",,B,"Zone 1: Kim, Tiao Zone 2: Stuckey, Udall Zone 3: Mahr, Parra, Quinn",1,B,final_answer,1,"

To determine the correct matching of sales representatives to sales zones, we must analyze the given constraints and evaluate each answer choice against them.

**The Constraints:**
1.  **Representatives:** Kim (K), Mahr (M), Parra (P), Quinn (Q), Stuckey (S), Tiao (T), Udall (U). Total = 7.
2.  **Zone 1:** Either Parra or Tiao works in Zone 1, but not both. (Exactly one of P or T is in Zone 1).
3.  **Zone 2:** Either Tiao or Udall works in Zone 2, but not both. (Exactly one of T or U is in Zone 2).
4.  **Parra & Quinn:** Parra and Quinn work in the same sales zone. ($Zone(P) = Zone(Q)$).
5.  **Stuckey & Udall:** Stuckey and Udall work in the same sales zone. ($Zone(S) = Zone(U)$).
6.  **Zone Counts:** There are more representatives in Zone 3 than in Zone 2. ($Count(Z3) > Count(Z2)$).
7.  **Completeness:** All seven representatives must be assigned to exactly one zone.

**Evaluating the Options:**

*   **(A) Zone 1: Kim, Parra; Zone 2: Stuckey, Udall; Zone 3: Mahr, Quinn, Tiao**
    *   Check Parra & Quinn constraint: Parra is in Zone 1, Quinn is in Zone 3. They are not in the same zone.
    *   **Result: Incorrect.**

*   **(B) Zone 1: Kim, Tiao; Zone 2: Stuckey, Udall; Zone 3: Mahr, Parra, Quinn**
    *   Check Zone 1 constraint: Tiao is in Zone 1, Parra is in Zone 3. Exactly one of them is in Zone 1. (Pass)
    *   Check Zone 2 constraint: Udall is in Zone 2, Tiao is in Zone 1. Exactly one of them is in Zone 2. (Pass)
    *   Check Parra & Quinn constraint: Both are in Zone 3. (Pass)
    *   Check Stuckey & Udall constraint: Both are in Zone 2. (Pass)
    *   Check Zone Counts: Zone 3 has 3 reps (Mahr, Parra, Quinn), Zone 2 has 2 reps (Stuckey, Udall). $3 > 2$. (Pass)
    *   Check Completeness: All 7 reps (K, T, S, U, M, P, Q) are assigned. (Pass)
    *   **Result: Correct.**

*   **(C) Zone 1: Parra, Quinn; Zone 2: Kim, Udall; Zone 3: Mahr, Stuckey, Tiao**
    *   Check Stuckey & Udall constraint: Stuckey is in Zone 3, Udall is in Zone 2. They are not in the same zone.
    *   **Result: Incorrect.**

*   **(D) Zone 1: Stuckey, Udall; Zone 2: Kim, Tiao; Zone 3: Mahr, Parra, Quinn**
    *   Check Zone 1 constraint: Neither Parra nor Tiao is in Zone 1 (Stuckey and Udall are there). The constraint requires exactly one of Parra or Tiao to be in Zone 1.
    *   **Result: Incorrect.**

*   **(E) Zone 1: Tiao; Zone 2: Kim, Parra, Quinn; Zone 3: Stuckey, Udall**
    *   Check Completeness: The representatives listed are Tiao, Kim, Parra, Quinn, Stuckey, Udall. Mahr is missing.
    *   **Result: Incorrect.**

Only Option (B) satisfies all the conditions.

Final Answer: B",,"

To determine the correct matching of sales representatives to sales zones, we must analyze the given constraints and evaluate each answer choice against them.

**The Constraints:**
1.  **Representatives:** Kim (K), Mahr (M), Parra (P), Quinn (Q), Stuckey (S), Tiao (T), Udall (U). Total = 7.
2.  **Zone 1:** Either Parra or Tiao works in Zone 1, but not both. (Exactly one of P or T is in Zone 1).
3.  **Zone 2:** Either Tiao or Udall works in Zone 2, but not both. (Exactly one of T or U is in Zone 2).
4.  **Parra & Quinn:** Parra and Quinn work in the same sales zone. ($Zone(P) = Zone(Q)$).
5.  **Stuckey & Udall:** Stuckey and Udall work in the same sales zone. ($Zone(S) = Zone(U)$).
6.  **Zone Counts:** There are more representatives in Zone 3 than in Zone 2. ($Count(Z3) > Count(Z2)$).
7.  **Completeness:** All seven representatives must be assigned to exactly one zone.

**Evaluating the Options:**

*   **(A) Zone 1: Kim, Parra; Zone 2: Stuckey, Udall; Zone 3: Mahr, Quinn, Tiao**
    *   Check Parra & Quinn constraint: Parra is in Zone 1, Quinn is in Zone 3. They are not in the same zone.
    *   **Result: Incorrect.**

*   **(B) Zone 1: Kim, Tiao; Zone 2: Stuckey, Udall; Zone 3: Mahr, Parra, Quinn**
    *   Check Zone 1 constraint: Tiao is in Zone 1, Parra is in Zone 3. Exactly one of them is in Zone 1. (Pass)
    *   Check Zone 2 constraint: Udall is in Zone 2, Tiao is in Zone 1. Exactly one of them is in Zone 2. (Pass)
    *   Check Parra & Quinn constraint: Both are in Zone 3. (Pass)
    *   Check Stuckey & Udall constraint: Both are in Zone 2. (Pass)
    *   Check Zone Counts: Zone 3 has 3 reps (Mahr, Parra, Quinn), Zone 2 has 2 reps (Stuckey, Udall). $3 > 2$. (Pass)
    *   Check Completeness: All 7 reps (K, T, S, U, M, P, Q) are assigned. (Pass)
    *   **Result: Correct.**

*   **(C) Zone 1: Parra, Quinn; Zone 2: Kim, Udall; Zone 3: Mahr, Stuckey, Tiao**
    *   Check Stuckey & Udall constraint: Stuckey is in Zone 3, Udall is in Zone 2. They are not in the s",4408,0,4408,950,0,stop,0,50.41553473472595,0.1875376539552876,2.8906283178953984,0.4231506505112625,0.8936654851242639,0.9999999976560926,0.2405146088848941,0.1191342421917065,3.5526795387268066,0.3511603683580467,0.045372050816696916,1.1367967332123412,7.0,0.052858439201451904,6.0,4408.0,0.18109995143268123,2.286984787850119,0.36851794464930815,0.872375624642741,0.9999999451986828,0.2715966232693019,0.11498300175924203,2.0515737533569336,0.299386025020311,0.0703125,1.1328125,5.0,0.078125,2.0,128.0,0.3246152712570495,2.496688102557455,0.5684469626247479,0.8145231411103091,0.9999999451986828,0.31720421811621835,0.21586536769383063,2.5779080390930176,0.46203101388611706,0.10546875,1.2890625,6.0,0.12890625,2.0,256.0,0.24182114844441735,2.496688102557455,0.49637846477006997,0.8580824399035817,0.9999999585553669,0.2869494472937389,0.15802761319801703,2.5779080390930176,0.3993824710981241,0.08,1.21,6.0,0.095,2.0,400.0,0.23579478639429996,2.6028867192241214,0.4836845807942712,0.8610860892587101,0.9999999585553669,0.28126615865104465,0.1515486427989262,2.5779080390930176,0.3873090595901752,0.07421875,1.201171875,6.0,0.0859375,2.0,512.0,0.23967871470599375,2.8906283178953984,0.4811530358231887,0.8634957681078486,0.9999999839724338,0.26861529095342224,0.1482843457518775,2.5779080390930176,0.3771702833551677,0.0634765625,1.1923828125,7.0,0.072265625,2.0,1024.0,0.17291981326027106,2.8906283178953984,0.4173313825522376,0.9031492447521524,0.9999999939529335,0.2322856015331395,0.10805529772323891,2.5779080390930176,0.33058952133157876,0.04345703125,1.12939453125,7.0,0.05029296875,3.0,2048.0,0.248521055019727,2.8906283178953984,0.4895963969016889,0.8588844238164596,0.9999999839724338,0.2724209146776335,0.15292709072888044,2.5779080390930176,0.3823577713524683,0.06631578947368422,1.1989473684210525,7.0,0.07578947368421053,2.0,950.0,0.18109995143268123,2.286984787850119,0.36851794464930815,0.872375624642741,0.9999999451986828,0.2715966232693019,0.11498300175924203,2.0515737533569336,0.299386025020311,0.0703125,1.1328125,5.0,0.078125,2.0,128.0,0.3246152712570495,2.496688102557455,0.5684469626247479,0.8145231411103091,0.9999999451986828,0.31720421811621835,0.21586536769383063,2.5779080390930176,0.46203101388611706,0.10546875,1.2890625,6.0,0.12890625,2.0,256.0,0.24182114844441735,2.496688102557455,0.49637846477006997,0.8580824399035817,0.9999999585553669,0.2869494472937389,0.15802761319801703,2.5779080390930176,0.3993824710981241,0.08,1.21,6.0,0.095,2.0,400.0,0.23579478639429996,2.6028867192241214,0.4836845807942712,0.8610860892587101,0.9999999585553669,0.28126615865104465,0.1515486427989262,2.5779080390930176,0.3873090595901752,0.07421875,1.201171875,6.0,0.0859375,2.0,512.0,0.248521055019727,2.8906283178953984,0.4895963969016889,0.8588844238164596,0.9999999839724338,0.2724209146776335,0.15292709072888044,2.5779080390930176,0.3823577713524683,0.06631578947368422,1.1989473684210525,7.0,0.07578947368421053,2.0,950.0,0.248521055019727,2.8906283178953984,0.4895963969016889,0.8588844238164596,0.9999999839724338,0.2724209146776335,0.15292709072888044,2.5779080390930176,0.3823577713524683,0.06631578947368422,1.1989473684210525,7.0,0.07578947368421053,2.0,950.0
82,"A software company employs exactly seven sales representatives—Kim, Mahr, Parra, Quinn, Stuckey, Tiao, and Udall—to work in its three sales zones—Zone 1, Zone 2, and Zone 3. Each sales representative works in exactly one of the sales zones, in accordance with the following conditions: Either Parra or Tiao (but not both) works in Zone 1. Either Tiao or Udall (but not both) works in Zone 2. Parra and Quinn work in the same sales zone as each other. Stuckey and Udall work in the same sales zone as each other. There are more of the sales representatives working in Zone 3 than in Zone 2.Q: If more sales representatives work in Zone 1 than in Zone 3, then which one of the following could be true? Answer Choices: (A)Kim works in Zone 2. (B)Mahr works in Zone 2. (C)Parra works in Zone 3. (D)Tiao works in Zone 1. (E)Udall works in Zone 3.","A software company employs exactly seven sales representatives—Kim, Mahr, Parra, Quinn, Stuckey, Tiao, and Udall—to work in its three sales zones—Zone 1, Zone 2, and Zone 3. Each sales representative works in exactly one of the sales zones, in accordance with the following conditions: Either Parra or Tiao (but not both) works in Zone 1. Either Tiao or Udall (but not both) works in Zone 2. Parra and Quinn work in the same sales zone as each other. Stuckey and Udall work in the same sales zone as each other. There are more of the sales representatives working in Zone 3 than in Zone 2.Q: If more sales representatives work in Zone 1 than in Zone 3, then which one of the following could be true? Answer Choices: (A)Kim works in Zone 2. (B)Mahr works in Zone 2. (C)Parra works in Zone 3. (D)Tiao works in Zone 1. (E)Udall works in Zone 3.",,E,Udall works in Zone 3.,4,E,final_answer,1,"

The problem asks us to determine which statement could be true given a specific condition about the number of sales representatives in each zone.

**1. Analyze the Constraints:**
*   **Reps:** Kim (K), Mahr (M), Parra (P), Quinn (Q), Stuckey (S), Tiao (T), Udall (U). Total = 7.
*   **Zones:** Zone 1 (Z1), Zone 2 (Z2), Zone 3 (Z3).
*   **Condition 1:** $P \in Z1 \oplus T \in Z1$ (Exactly one of P or T is in Zone 1).
*   **Condition 2:** $T \in Z2 \oplus U \in Z2$ (Exactly one of T or U is in Zone 2).
*   **Condition 3:** $Zone(P) = Zone(Q)$.
*   **Condition 4:** $Zone(S) = Zone(U)$.
*   **Condition 5:** $Count(Z3) > Count(Z2)$.
*   **Question Condition:** $Count(Z1) > Count(Z3)$.

**2. Determine the Distribution of Representatives:**
*   From the Question Condition and Condition 5: $Count(Z1) > Count(Z3) > Count(Z2)$.
*   Let $n_1, n_3, n_2$ be the number of reps in Z1, Z3, Z2 respectively.
*   $n_1 + n_2 + n_3 = 7$.
*   Since Condition 2 requires one of T or U to be in Zone 2, Zone 2 cannot be empty. Thus, $n_2 \ge 1$.
*   Since $n_3 > n_2$, then $n_3 \ge 2$.
*   Since $n_1 > n_3$, then $n_1 \ge 3$.
*   Minimal sum: $3 + 2 + 1 = 6$. We have 7 reps, so there is 1 extra rep to distribute.
*   We cannot increase $n_2$ to 2 because that would require $n_3 \ge 3$ and $n_1 \ge 4$, summing to at least 9.
*   So, $n_2$ must be 1.
*   With $n_2 = 1$, we have $n_3 \ge 2$ and $n_1 \ge 3$.
*   If $n_3 = 2$, then $n_1 = 4$ (since $4+2+1=7$). This satisfies $4 > 2 > 1$.
*   If $n_3 = 3$, then $n_1 \ge 4$, sum $\ge 10$. Impossible.
*   **Conclusion:** Zone 1 has 4 reps, Zone 3 has 2 reps, Zone 2 has 1 rep.

**3. Determine Specific Placements:**
*   **Zone 2:** Has exactly 1 rep. Condition 2 says either Tiao or Udall is in Zone 2.
    *   Condition 4 says Stuckey and Udall are in the same zone.
    *   If Udall were in Zone 2, Stuckey would also be in Zone 2. This would make the count of Zone 2 at least 2 (Udall + Stuckey).
    *   This contradicts the derived count that Zone 2 has exactly 1 rep.
    *   Therefore, Udall is **not** in Zone 2.
    *   Consequently, **Tiao must be in Zone 2**.
*   **Zone 1:** Condition 1 says either Parra or Tiao is in Zone 1.
    *   We know Tiao is in Zone 2, so Tiao is not in Zone 1.
    *   Therefore, **Parra must be in Zone 1**.
    *   Condition 3 says Parra and Quinn are in the same zone.
    *   Therefore, **Quinn is in Zone 1**.
*   **Remaining Representatives:** Kim, Mahr, Stuckey, Udall.
    *   Zone 1 currently has {Parra, Quinn} (2 spots filled, 2 empty).
    *   Zone 2 has {Tiao} (1 spot filled, 0 empty).
    *   Zone 3 has {} (0 spots filled, 2 empty).
    *   Condition 4 says Stuckey and Udall are together. They form a pair.
    *   They cannot go to Zone 2 (full).
    *   They must go to either Zone 1 or Zone 3.
    *   **Scenario A:** Stuckey and Udall go to Zone 1.
        *   Zone 1: {Parra, Quinn, Stuckey, Udall}.
        *   Zone 3: {Kim, Mahr}.
    *   **Scenario B:** Stuckey and Udall go to Zone 3.
        *   Zone 1: {Parra, Quinn, Kim, Mahr}.
        *   Zone 3: {Stuckey, Udall}.

**4. Evaluate the Answer Choices:**
*   (A) Kim works in Zone 2. In both scenarios, Zone 2 only contains Tiao. **False.**
*   (B) Mahr works in Zone 2. In both scenarios, Zone 2 only contains Tiao. **False.**
*   (C) Parra works in Zone 3. We determined Parra must be in Zone 1. **False.**
*   (D) Tiao works in Zone 1. We determined Tiao must be in Zone 2. **False.**
*   (E) Udall works in Zone 3. In Scenario A, Udall is in Zone 1. In Scenario B, Udall is in Zone 3. Since Scenario B is valid, this is possible. **True.**

Final Answer: E

Final Answer: E",,"

The problem asks us to determine which statement could be true given a specific condition about the number of sales representatives in each zone.

**1. Analyze the Constraints:**
*   **Reps:** Kim (K), Mahr (M), Parra (P), Quinn (Q), Stuckey (S), Tiao (T), Udall (U). Total = 7.
*   **Zones:** Zone 1 (Z1), Zone 2 (Z2), Zone 3 (Z3).
*   **Condition 1:** $P \in Z1 \oplus T \in Z1$ (Exactly one of P or T is in Zone 1).
*   **Condition 2:** $T \in Z2 \oplus U \in Z2$ (Exactly one of T or U is in Zone 2).
*   **Condition 3:** $Zone(P) = Zone(Q)$.
*   **Condition 4:** $Zone(S) = Zone(U)$.
*   **Condition 5:** $Count(Z3) > Count(Z2)$.
*   **Question Condition:** $Count(Z1) > Count(Z3)$.

**2. Determine the Distribution of Representatives:**
*   From the Question Condition and Condition 5: $Count(Z1) > Count(Z3) > Count(Z2)$.
*   Let $n_1, n_3, n_2$ be the number of reps in Z1, Z3, Z2 respectively.
*   $n_1 + n_2 + n_3 = 7$.
*   Since Condition 2 requires one of T or U to be in Zone 2, Zone 2 cannot be empty. Thus, $n_2 \ge 1$.
*   Since $n_3 > n_2$, then $n_3 \ge 2$.
*   Since $n_1 > n_3$, then $n_1 \ge 3$.
*   Minimal sum: $3 + 2 + 1 = 6$. We have 7 reps, so there is 1 extra rep to distribute.
*   We cannot increase $n_2$ to 2 because that would require $n_3 \ge 3$ and $n_1 \ge 4$, summing to at least 9.
*   So, $n_2$ must be 1.
*   With $n_2 = 1$, we have $n_3 \ge 2$ and $n_1 \ge 3$.
*   If $n_3 = 2$, then $n_1 = 4$ (since $4+2+1=7$). This satisfies $4 > 2 > 1$.
*   If $n_3 = 3$, then $n_1 \ge 4$, sum $\ge 10$. Impossible.
*   **Conclusion:** Zone 1 has 4 reps, Zone 3 has 2 reps, Zone 2 has 1 rep.

**3. Determine Specific Placements:**
*   **Zone 2:** Has exactly 1 rep. Condition 2 says either Tiao or Udall is in Zone 2.
    *   Condition 4 says Stuckey and Udall are in the same zone.
    *   If Udall were in Zone 2, Stuckey would also be in Zone 2. This would make the count of Zone 2 at least 2 (Udall + Stuckey).
    *   This contradicts the derived count that Zone 2 h",7423,0,7423,1508,0,stop,0,89.42854809761047,0.25627251639484827,3.1208261339474683,0.48084265078583277,0.8526303820910409,0.9999999972635613,0.27748903350477194,0.16846913012576248,4.905899524688721,0.4212414199429683,0.06695406170012125,1.2024787821635456,9.0,0.07867439040819076,4.0,7423.0,0.22047780264787803,2.5649916814609286,0.465826564900298,0.8796549315860653,0.9999999458420815,0.254288857446857,0.13812639925946812,2.858762741088867,0.41033932907609405,0.046875,1.171875,6.0,0.0625,2.0,128.0,0.20421014245582256,2.5649916814609286,0.4501415683713756,0.8861189016473949,0.9999999580188301,0.24876886212034813,0.12858610318503627,2.858762741088867,0.36935784614844697,0.046875,1.16796875,6.0,0.05859375,2.0,256.0,0.14703502550811245,2.5649916814609286,0.38062043500479487,0.9170018701793329,0.9999999580188301,0.21558931394025563,0.0889767185884442,2.858762741088867,0.3044239845185716,0.0325,1.1125,6.0,0.04,2.0,400.0,0.19988389694840628,2.5649916814609286,0.4476931683758955,0.8901783279687888,0.9999999580188301,0.24369952413553952,0.11896930936063059,2.858762741088867,0.33846052950157685,0.044921875,1.158203125,6.0,0.056640625,2.0,512.0,0.2841395579039403,2.5649916814609286,0.5064889282983271,0.8411948759719322,0.9999999826945473,0.2828171742455702,0.18100862425082764,3.333091974258423,0.4351467191303754,0.0693359375,1.21875,6.0,0.0830078125,2.0,1024.0,0.2929877171897492,3.1208261339474683,0.5153391664755242,0.8370306288726514,0.9999999826945473,0.28512150476634507,0.18911728562171437,3.673701286315918,0.4415111424672107,0.07080078125,1.23583984375,9.0,0.08203125,3.0,2048.0,0.27330360003982795,2.5649916814609286,0.49467150436615,0.8463609111119295,0.9999999826945473,0.27761914310552327,0.17749937765803697,3.673701286315918,0.4317984651382973,0.0643236074270557,1.210212201591512,6.0,0.07493368700265252,2.0,1508.0,0.22047780264787803,2.5649916814609286,0.465826564900298,0.8796549315860653,0.9999999458420815,0.254288857446857,0.13812639925946812,2.858762741088867,0.41033932907609405,0.046875,1.171875,6.0,0.0625,2.0,128.0,0.20421014245582256,2.5649916814609286,0.4501415683713756,0.8861189016473949,0.9999999580188301,0.24876886212034813,0.12858610318503627,2.858762741088867,0.36935784614844697,0.046875,1.16796875,6.0,0.05859375,2.0,256.0,0.14703502550811245,2.5649916814609286,0.38062043500479487,0.9170018701793329,0.9999999580188301,0.21558931394025563,0.0889767185884442,2.858762741088867,0.3044239845185716,0.0325,1.1125,6.0,0.04,2.0,400.0,0.19988389694840628,2.5649916814609286,0.4476931683758955,0.8901783279687888,0.9999999580188301,0.24369952413553952,0.11896930936063059,2.858762741088867,0.33846052950157685,0.044921875,1.158203125,6.0,0.056640625,2.0,512.0,0.2841395579039403,2.5649916814609286,0.5064889282983271,0.8411948759719322,0.9999999826945473,0.2828171742455702,0.18100862425082764,3.333091974258423,0.4351467191303754,0.0693359375,1.21875,6.0,0.0830078125,2.0,1024.0,0.27330360003982795,2.5649916814609286,0.49467150436615,0.8463609111119295,0.9999999826945473,0.27761914310552327,0.17749937765803697,3.673701286315918,0.4317984651382973,0.0643236074270557,1.210212201591512,6.0,0.07493368700265252,2.0,1508.0
83,"A software company employs exactly seven sales representatives—Kim, Mahr, Parra, Quinn, Stuckey, Tiao, and Udall—to work in its three sales zones—Zone 1, Zone 2, and Zone 3. Each sales representative works in exactly one of the sales zones, in accordance with the following conditions: Either Parra or Tiao (but not both) works in Zone 1. Either Tiao or Udall (but not both) works in Zone 2. Parra and Quinn work in the same sales zone as each other. Stuckey and Udall work in the same sales zone as each other. There are more of the sales representatives working in Zone 3 than in Zone 2.Q: Which one of the following must be false? Answer Choices: (A)Kim and Stuckey both work in Zone 1. (B)Kim and Stuckey both work in Zone 3. (C)Mahr and Stuckey both work in Zone 3. (D)Mahr and Udall both work in Zone 3. (E)Parra and Stuckey both work in Zone I.","A software company employs exactly seven sales representatives—Kim, Mahr, Parra, Quinn, Stuckey, Tiao, and Udall—to work in its three sales zones—Zone 1, Zone 2, and Zone 3. Each sales representative works in exactly one of the sales zones, in accordance with the following conditions: Either Parra or Tiao (but not both) works in Zone 1. Either Tiao or Udall (but not both) works in Zone 2. Parra and Quinn work in the same sales zone as each other. Stuckey and Udall work in the same sales zone as each other. There are more of the sales representatives working in Zone 3 than in Zone 2.Q: Which one of the following must be false? Answer Choices: (A)Kim and Stuckey both work in Zone 1. (B)Kim and Stuckey both work in Zone 3. (C)Mahr and Stuckey both work in Zone 3. (D)Mahr and Udall both work in Zone 3. (E)Parra and Stuckey both work in Zone I.",,A,Kim and Stuckey both work in Zone 1.,0,,none,0,,,,8012,0,8012,0,1,length,0,98.11551332473755,0.29164596709172363,3.1137491837499796,0.4948145904185347,0.8343797339934816,0.9999999930682085,0.2842446258977548,0.1899272351596248,5.587370872497559,0.45034430758901195,0.07388916625062407,1.2174238642036945,9.0,0.08836744882675986,4.0,8012.0,0.19980907084566937,2.486889517014042,0.41961820785468296,0.8835158016658643,0.9999997606693223,0.24244617164222748,0.1179716475898957,2.5687804222106934,0.3424763302680682,0.0390625,1.1640625,6.0,0.0625,2.0,128.0,0.22888493412033312,2.486889517014042,0.43943552056970836,0.8671711627393011,0.9999998743417663,0.25629429645769874,0.13311359694253375,2.5687804222106934,0.3398746638443354,0.04296875,1.1796875,6.0,0.05859375,2.0,256.0,0.31055307033666063,2.6545412734404237,0.5187086413154125,0.8273446438046461,0.9999999074701839,0.2881461208456156,0.19427340720173308,3.2929461002349854,0.4482743397128763,0.0625,1.2525,6.0,0.08,3.0,400.0,0.3599768621356111,2.6545412734404237,0.575702255394699,0.8047666023986059,0.9999999074701839,0.30582196850600446,0.22821791225128413,4.9643707275390625,0.5038151700912075,0.078125,1.318359375,6.0,0.099609375,3.0,512.0,0.3691560332536315,2.6545412734404237,0.5586320006063187,0.7992564322827649,0.9999999625037939,0.3029964280579344,0.23311982692623862,4.9643707275390625,0.4928029808108537,0.0791015625,1.298828125,6.0,0.0966796875,3.0,1024.0,0.33770271964388854,2.6545412734404237,0.5315395624155687,0.811614234192064,0.9999999912742319,0.2990580505242301,0.21825204308201498,4.9643707275390625,0.47431640849718204,0.07861328125,1.263671875,6.0,0.09130859375,3.0,2048.0,,,,,,,,,,,,,,,,,,,,,,,,,,,,,,,,,,,,,,,,,,,,,,,,,,,,,,,,,,,,,,,,,,,,,,,,,,,,,,,,,,,,,,,,,,,,,,,,,,,,,,,,,
84,"A software company employs exactly seven sales representatives—Kim, Mahr, Parra, Quinn, Stuckey, Tiao, and Udall—to work in its three sales zones—Zone 1, Zone 2, and Zone 3. Each sales representative works in exactly one of the sales zones, in accordance with the following conditions: Either Parra or Tiao (but not both) works in Zone 1. Either Tiao or Udall (but not both) works in Zone 2. Parra and Quinn work in the same sales zone as each other. Stuckey and Udall work in the same sales zone as each other. There are more of the sales representatives working in Zone 3 than in Zone 2.Q: Which one of the following could be a complete and accurate list of the sales representatives working in Zone 3? Answer Choices: (A)Kim, Mahr (B)Kim, Tiao (C)Parra, Quinn (D)Stuckey, Tiao, Udall (E)Parra, Quinn, Stuckey, Udall","A software company employs exactly seven sales representatives—Kim, Mahr, Parra, Quinn, Stuckey, Tiao, and Udall—to work in its three sales zones—Zone 1, Zone 2, and Zone 3. Each sales representative works in exactly one of the sales zones, in accordance with the following conditions: Either Parra or Tiao (but not both) works in Zone 1. Either Tiao or Udall (but not both) works in Zone 2. Parra and Quinn work in the same sales zone as each other. Stuckey and Udall work in the same sales zone as each other. There are more of the sales representatives working in Zone 3 than in Zone 2.Q: Which one of the following could be a complete and accurate list of the sales representatives working in Zone 3? Answer Choices: (A)Kim, Mahr (B)Kim, Tiao (C)Parra, Quinn (D)Stuckey, Tiao, Udall (E)Parra, Quinn, Stuckey, Udall",,A,"Kim, Mahr",0,,none,0,,,,8012,0,8012,0,1,length,0,106.60161280632019,0.2979348036756825,3.0147218355282965,0.49690854290465114,0.8282915284055722,0.9999999961028591,0.290428170308495,0.19475145982891734,5.792738914489746,0.45591019115507353,0.07888167748377434,1.224787818272591,9.0,0.09248627059410884,5.0,8012.0,0.27859344092847416,3.0147218355282965,0.5090241519324805,0.8295909609344772,0.9999999665141948,0.3006904898012754,0.15376204661765536,1.6161295175552368,0.31748893016117885,0.0859375,1.234375,9.0,0.09375,2.0,128.0,0.20127034503957905,3.0147218355282965,0.44182091723197553,0.8818608592182138,0.9999999665141948,0.2576982607752352,0.10381052554322806,1.6161295175552368,0.26240756145602817,0.0546875,1.1640625,9.0,0.05859375,2.0,256.0,0.1674401700584509,3.0147218355282965,0.40037153927898655,0.8992777131902534,0.9999999665141948,0.2426217958267272,0.08775248520882638,1.6161295175552368,0.24230062547090694,0.05,1.13,9.0,0.0575,2.0,400.0,0.19305847398928988,3.0147218355282965,0.41555576146107037,0.8842106335049359,0.9999999665141948,0.25102250379121543,0.09892459452631033,1.6161295175552368,0.24881275941222172,0.048828125,1.142578125,9.0,0.0546875,2.0,512.0,0.29903810296742267,3.0147218355282965,0.5166818260411346,0.8246084770831567,0.9999999665141948,0.2988882794128817,0.18720885213058347,5.792738914489746,0.44761437089629397,0.0849609375,1.2412109375,9.0,0.0966796875,3.0,1024.0,0.312462162592075,3.0147218355282965,0.5169829633521659,0.819603371379661,0.9999999711171118,0.29669380794913025,0.21044202385019756,5.792738914489746,0.49505213874298903,0.08203125,1.24560546875,9.0,0.09716796875,5.0,2048.0,,,,,,,,,,,,,,,,,,,,,,,,,,,,,,,,,,,,,,,,,,,,,,,,,,,,,,,,,,,,,,,,,,,,,,,,,,,,,,,,,,,,,,,,,,,,,,,,,,,,,,,,,
85,"A software company employs exactly seven sales representatives—Kim, Mahr, Parra, Quinn, Stuckey, Tiao, and Udall—to work in its three sales zones—Zone 1, Zone 2, and Zone 3. Each sales representative works in exactly one of the sales zones, in accordance with the following conditions: Either Parra or Tiao (but not both) works in Zone 1. Either Tiao or Udall (but not both) works in Zone 2. Parra and Quinn work in the same sales zone as each other. Stuckey and Udall work in the same sales zone as each other. There are more of the sales representatives working in Zone 3 than in Zone 2.Q: Quinn CANNOT work in the same sales zone as which one of the following? Answer Choices: (A)Kim (B)Mahr (C)Stuckey (D)Tiao (E)Udall","A software company employs exactly seven sales representatives—Kim, Mahr, Parra, Quinn, Stuckey, Tiao, and Udall—to work in its three sales zones—Zone 1, Zone 2, and Zone 3. Each sales representative works in exactly one of the sales zones, in accordance with the following conditions: Either Parra or Tiao (but not both) works in Zone 1. Either Tiao or Udall (but not both) works in Zone 2. Parra and Quinn work in the same sales zone as each other. Stuckey and Udall work in the same sales zone as each other. There are more of the sales representatives working in Zone 3 than in Zone 2.Q: Quinn CANNOT work in the same sales zone as which one of the following? Answer Choices: (A)Kim (B)Mahr (C)Stuckey (D)Tiao (E)Udall",,D,Tiao,3,,none,0,,,,8012,0,8012,0,1,length,0,97.50451421737671,0.3851827612348486,3.316960167753803,0.5666587213547485,0.7868342260456453,0.9999999924518839,0.31437365441854076,0.2531615859920606,5.827880382537842,0.5175315196959819,0.09860209685471792,1.3137793310034949,12.0,0.12219171243135298,5.0,8012.0,0.21826018332576866,2.2192273741555724,0.42762812832497776,0.8694576161375658,0.9999998713807157,0.2602575327984548,0.12601104297835153,3.3439724445343018,0.36817666304703023,0.0703125,1.1484375,4.0,0.0703125,1.0,128.0,0.16187479476340325,2.2192273741555724,0.3664437595954257,0.90657756193944,0.9999999343064815,0.21868080511157986,0.0955295790508727,3.3439724445343018,0.320722917998143,0.04296875,1.09765625,4.0,0.04296875,1.0,256.0,0.21897776844102917,2.52827911954743,0.44629670714403563,0.8728998465755327,0.9999999343064815,0.2593815219927711,0.13036173605043752,3.3439724445343018,0.35439814047769524,0.0575,1.165,5.0,0.0625,2.0,400.0,0.25536188635951484,2.52827911954743,0.4648370634229223,0.8502174606950204,0.9999999794829454,0.2717271078607763,0.15000451401551296,3.3439724445343018,0.36334158478191975,0.0625,1.181640625,5.0,0.068359375,2.0,512.0,0.3036136705490543,2.6396461954086177,0.5069275311370598,0.8249552056919542,0.9999999814491606,0.29326013015815,0.1856762608866807,3.3439724445343018,0.41439469146306773,0.0791015625,1.23046875,7.0,0.095703125,4.0,1024.0,0.3664466928650789,2.9630493184751767,0.5457075876842603,0.7934321437963602,0.9999999814491606,0.3096177303544745,0.24336594001801973,5.734116554260254,0.5212819399072458,0.09423828125,1.29345703125,7.0,0.11474609375,4.0,2048.0,,,,,,,,,,,,,,,,,,,,,,,,,,,,,,,,,,,,,,,,,,,,,,,,,,,,,,,,,,,,,,,,,,,,,,,,,,,,,,,,,,,,,,,,,,,,,,,,,,,,,,,,,
86,"A software company employs exactly seven sales representatives—Kim, Mahr, Parra, Quinn, Stuckey, Tiao, and Udall—to work in its three sales zones—Zone 1, Zone 2, and Zone 3. Each sales representative works in exactly one of the sales zones, in accordance with the following conditions: Either Parra or Tiao (but not both) works in Zone 1. Either Tiao or Udall (but not both) works in Zone 2. Parra and Quinn work in the same sales zone as each other. Stuckey and Udall work in the same sales zone as each other. There are more of the sales representatives working in Zone 3 than in Zone 2.Q: If Mahr and Stuckey work in the same sales zone, then which one of the following could be true? Answer Choices: (A)Kim works in Zone 2. (B)Mahr works in Zone 1. (C)Parra works in Zone 3. (D)Stuckey works in Zone 2. (E)Tiao works in Zone 1.","A software company employs exactly seven sales representatives—Kim, Mahr, Parra, Quinn, Stuckey, Tiao, and Udall—to work in its three sales zones—Zone 1, Zone 2, and Zone 3. Each sales representative works in exactly one of the sales zones, in accordance with the following conditions: Either Parra or Tiao (but not both) works in Zone 1. Either Tiao or Udall (but not both) works in Zone 2. Parra and Quinn work in the same sales zone as each other. Stuckey and Udall work in the same sales zone as each other. There are more of the sales representatives working in Zone 3 than in Zone 2.Q: If Mahr and Stuckey work in the same sales zone, then which one of the following could be true? Answer Choices: (A)Kim works in Zone 2. (B)Mahr works in Zone 1. (C)Parra works in Zone 3. (D)Stuckey works in Zone 2. (E)Tiao works in Zone 1.",,A,Kim works in Zone 2.,0,,none,0,,,,8012,0,8012,0,1,length,0,106.95851111412048,0.28702352540286286,3.0017405869347797,0.5006926679298607,0.8368770537681101,0.9999999961094547,0.28523120565083776,0.18880826560529976,6.781085014343262,0.44955097406440436,0.07189216175736396,1.2267848227658513,8.0,0.08562156764852721,4.0,8012.0,0.2066822410552812,2.0302226190169645,0.4059924795984431,0.8908082588465855,0.999999968417816,0.2207007101122863,0.13952003561104925,3.5443038940429688,0.431383763772996,0.03125,1.109375,4.0,0.046875,2.0,128.0,0.15786429479223396,2.0302226190169645,0.35720622234969274,0.9155092888978177,0.999999968417816,0.19981863462459754,0.10130296796294216,3.5443038940429688,0.35319820281877684,0.02734375,1.0859375,4.0,0.03515625,2.0,256.0,0.2465647110637956,2.4850735540055915,0.4735176001336324,0.8623203467552294,0.999999968417816,0.26335385257840427,0.15684372483927156,3.5443038940429688,0.41350174758638975,0.0575,1.1825,6.0,0.07,2.0,400.0,0.2705482892864595,2.4850735540055915,0.47863947123043726,0.8462249414922628,0.999999968417816,0.2747646848749152,0.1719959835343325,3.5443038940429688,0.4189312263605329,0.068359375,1.19921875,6.0,0.08203125,2.0,512.0,0.2658652927594794,2.4850735540055915,0.48449745863641946,0.8504237869539533,0.999999968417816,0.2725307358373998,0.18796946143604149,6.781085014343262,0.49946343596325665,0.06640625,1.2041015625,6.0,0.0810546875,3.0,1024.0,0.36132066818764,3.0017405869347797,0.5751507791422452,0.8093816726949407,0.999999968417816,0.298403215857823,0.23537608305656385,6.781085014343262,0.5315971851005861,0.080078125,1.29833984375,8.0,0.09619140625,4.0,2048.0,,,,,,,,,,,,,,,,,,,,,,,,,,,,,,,,,,,,,,,,,,,,,,,,,,,,,,,,,,,,,,,,,,,,,,,,,,,,,,,,,,,,,,,,,,,,,,,,,,,,,,,,,
87,"During a recital, two pianists—Wayne and Zara—will perform solos. There will be five solos altogether, performed one immediately after another. Each solo will be either a modern piece or a traditional piece. The choice of pianist and type of piece for the solos must conform to the following conditions: The third solo is a traditional piece. Exactly two of the traditional pieces are performed consecutively. In the fourth solo, either Wayne performs a traditional piece or Zara performs a modern piece. The pianist who performs the second solo does not perform the fifth solo. No traditional piece is performed until Wayne performs at least one modem piece.Q: Which one of the following could be all of the solos that are traditional pieces? Answer Choices: (A)the first, third, and fourth (B)the second, third, and fourth (C)the third and fourth (D)the third and fifth (E)the fourth and fifth","During a recital, two pianists—Wayne and Zara—will perform solos. There will be five solos altogether, performed one immediately after another. Each solo will be either a modern piece or a traditional piece. The choice of pianist and type of piece for the solos must conform to the following conditions: The third solo is a traditional piece. Exactly two of the traditional pieces are performed consecutively. In the fourth solo, either Wayne performs a traditional piece or Zara performs a modern piece. The pianist who performs the second solo does not perform the fifth solo. No traditional piece is performed until Wayne performs at least one modem piece.Q: Which one of the following could be all of the solos that are traditional pieces? Answer Choices: (A)the first, third, and fourth (B)the second, third, and fourth (C)the third and fourth (D)the third and fifth (E)the fourth and fifth",,C,the third and fourth,2,,none,0,,,,8012,0,8012,0,1,length,0,96.8912000656128,0.3820992088354876,3.0986903706462794,0.5493511543009931,0.7831652813975422,0.9999999995215104,0.3160132703109769,0.24806967147412276,5.00911808013916,0.4900495118571748,0.10134797803295058,1.3045431852221667,9.0,0.12269096355466799,4.0,8012.0,0.33147076384486285,2.3178893529254836,0.5190990068087047,0.8040228417339639,0.9999998588850848,0.31941207478646555,0.22691864258726363,3.627587080001831,0.49903352352855906,0.109375,1.265625,4.0,0.125,2.0,128.0,0.41104552763847946,2.3178893529254836,0.5433619192675857,0.7632921709972018,0.9999998588850848,0.32575602625645833,0.25124327681448066,3.627587080001831,0.46960981971085225,0.11328125,1.3203125,4.0,0.12109375,2.0,256.0,0.47684855176192803,2.327577194261716,0.568133306058966,0.7286556045730818,0.9999998588850848,0.3333406524103729,0.30312252464721345,3.627587080001831,0.5189811711253447,0.13,1.3825,6.0,0.145,2.0,400.0,0.44674471669155835,2.327577194261716,0.5562498961854805,0.7453839419298852,0.9999998588850848,0.32841154463495514,0.27642083194025274,3.627587080001831,0.4882734186417711,0.119140625,1.3515625,6.0,0.13671875,3.0,512.0,0.39648235843083424,2.4638091774255675,0.5412842975801262,0.7711099534044568,0.9999999855715098,0.32212269151132406,0.24161175903446497,3.627587080001831,0.44967136450796513,0.111328125,1.3125,6.0,0.12890625,3.0,1024.0,0.43045189747362106,2.5350157970854768,0.5666079446055872,0.7588927502718756,0.9999999855715098,0.3249797357735984,0.2687370274013019,4.849201202392578,0.49696332065023857,0.11328125,1.34326171875,6.0,0.13134765625,3.0,2048.0,,,,,,,,,,,,,,,,,,,,,,,,,,,,,,,,,,,,,,,,,,,,,,,,,,,,,,,,,,,,,,,,,,,,,,,,,,,,,,,,,,,,,,,,,,,,,,,,,,,,,,,,,
88,"During a recital, two pianists—Wayne and Zara—will perform solos. There will be five solos altogether, performed one immediately after another. Each solo will be either a modern piece or a traditional piece. The choice of pianist and type of piece for the solos must conform to the following conditions: The third solo is a traditional piece. Exactly two of the traditional pieces are performed consecutively. In the fourth solo, either Wayne performs a traditional piece or Zara performs a modern piece. The pianist who performs the second solo does not perform the fifth solo. No traditional piece is performed until Wayne performs at least one modem piece.Q: What is the minimum number of solos in which Wayne performs a traditional piece? Answer Choices: (A)zero (B)one (C)two (D)three (E)four","During a recital, two pianists—Wayne and Zara—will perform solos. There will be five solos altogether, performed one immediately after another. Each solo will be either a modern piece or a traditional piece. The choice of pianist and type of piece for the solos must conform to the following conditions: The third solo is a traditional piece. Exactly two of the traditional pieces are performed consecutively. In the fourth solo, either Wayne performs a traditional piece or Zara performs a modern piece. The pianist who performs the second solo does not perform the fifth solo. No traditional piece is performed until Wayne performs at least one modem piece.Q: What is the minimum number of solos in which Wayne performs a traditional piece? Answer Choices: (A)zero (B)one (C)two (D)three (E)four",,A,zero,0,,none,0,,,,8012,0,8012,0,1,length,0,100.02152180671692,0.43762422384706745,4.4830072556997465,0.5921012291913779,0.7606132487913727,0.999999998944719,0.3241109802552342,0.28346067489685434,5.7518157958984375,0.5275432296913927,0.10971043434847728,1.3553419870194707,42.0,0.13155267099350973,5.0,8012.0,0.30381606278694784,1.8589489760456843,0.42374834340271045,0.8016610209710726,0.9999997716843007,0.2926527573146627,0.1812328610891613,2.6472995281219482,0.3760574088220756,0.0859375,1.203125,3.0,0.0859375,1.0,128.0,0.29618188339396023,1.903705202483154,0.4241119281915653,0.8014195852022485,0.9999997716843007,0.3003385663171516,0.2015507779282628,2.6472995281219482,0.4071312532815376,0.1015625,1.203125,3.0,0.10546875,2.0,256.0,0.2955660981046733,2.5450210298352163,0.44712854649468403,0.8133989234750749,0.9999997716843007,0.29087509825388513,0.20292543587537126,2.6472995281219482,0.4237239128297868,0.0825,1.2075,6.0,0.085,2.0,400.0,0.3859025509854854,2.5450210298352163,0.5428881772941027,0.7717899984930648,0.9999997716843007,0.31755864962342123,0.2607198777221318,2.657626152038574,0.48191903652142354,0.107421875,1.3125,6.0,0.126953125,3.0,512.0,0.45334715979120827,2.5450210298352163,0.5695744100475273,0.7396048463902177,0.9999997716843007,0.329747250562511,0.2974907769053305,5.346052169799805,0.5241347350114662,0.12890625,1.345703125,6.0,0.1484375,3.0,1024.0,0.4946284903733788,2.6379915864471,0.6076778349958927,0.7260028626067546,0.9999999657546208,0.33765414188505827,0.3238668492102719,5.346052169799805,0.5433816780303938,0.13623046875,1.39501953125,6.0,0.16357421875,3.0,2048.0,,,,,,,,,,,,,,,,,,,,,,,,,,,,,,,,,,,,,,,,,,,,,,,,,,,,,,,,,,,,,,,,,,,,,,,,,,,,,,,,,,,,,,,,,,,,,,,,,,,,,,,,,
89,"During a recital, two pianists—Wayne and Zara—will perform solos. There will be five solos altogether, performed one immediately after another. Each solo will be either a modern piece or a traditional piece. The choice of pianist and type of piece for the solos must conform to the following conditions: The third solo is a traditional piece. Exactly two of the traditional pieces are performed consecutively. In the fourth solo, either Wayne performs a traditional piece or Zara performs a modern piece. The pianist who performs the second solo does not perform the fifth solo. No traditional piece is performed until Wayne performs at least one modem piece.Q: If the pianist who performs the first solo also performs the second solo, then which one of the following must be true? Answer Choices: (A)Zara performs the first solo. (B)Wayne performs the third solo. (C)Zara performs the fifth solo. (D)The second solo is a traditional piece. (E)The fourth solo is a modem piece.","During a recital, two pianists—Wayne and Zara—will perform solos. There will be five solos altogether, performed one immediately after another. Each solo will be either a modern piece or a traditional piece. The choice of pianist and type of piece for the solos must conform to the following conditions: The third solo is a traditional piece. Exactly two of the traditional pieces are performed consecutively. In the fourth solo, either Wayne performs a traditional piece or Zara performs a modern piece. The pianist who performs the second solo does not perform the fifth solo. No traditional piece is performed until Wayne performs at least one modem piece.Q: If the pianist who performs the first solo also performs the second solo, then which one of the following must be true? Answer Choices: (A)Zara performs the first solo. (B)Wayne performs the third solo. (C)Zara performs the fifth solo. (D)The second solo is a traditional piece. (E)The fourth solo is a modem piece.",,C,Zara performs the fifth solo.,2,,none,0,,,,8012,0,8012,0,1,length,0,108.4516167640686,0.3837026381291174,3.498434794552928,0.5677224577621095,0.7875856481861823,0.9999999981617348,0.31468377410945075,0.2453709861700557,5.053671360015869,0.4953256797346506,0.09672990514228658,1.310534198701947,12.0,0.11744882675986021,5.0,8012.0,0.32940736100470563,2.9981559660382335,0.5383109963804638,0.8099492155941547,0.9999997974681498,0.29931961062801593,0.20527838607689447,2.6966657638549805,0.4379329210121957,0.0859375,1.28125,9.0,0.125,4.0,128.0,0.4221129239971647,2.9981559660382335,0.5952963288124072,0.7760952105629728,0.99999999751167,0.30966796748706454,0.2908738270005101,5.053671360015869,0.6060126470449192,0.08984375,1.33203125,9.0,0.12109375,4.0,256.0,0.3651480055661879,2.9981559660382335,0.5561963230729845,0.805595582440654,0.99999999751167,0.29009111438403684,0.23238696138695458,5.053671360015869,0.5250673979991288,0.07,1.2725,9.0,0.0925,4.0,400.0,0.3528884012456494,2.9981559660382335,0.5451082476696615,0.806919219967891,0.99999999751167,0.29511432221002304,0.22876188941212036,5.053671360015869,0.5169394537787316,0.078125,1.263671875,9.0,0.099609375,4.0,512.0,0.4444563981883699,2.9981559660382335,0.6007867002843871,0.7595829632518024,0.99999999751167,0.3228715715419531,0.29470957463441244,5.053671360015869,0.5726181225508883,0.1025390625,1.359375,9.0,0.1357421875,4.0,1024.0,0.4805865670579668,3.1771946386901435,0.6087242084234438,0.7368200275795279,0.99999999751167,0.3315539790634642,0.3131707208941376,5.053671360015869,0.5598979230489883,0.11376953125,1.3974609375,10.0,0.14794921875,4.0,2048.0,,,,,,,,,,,,,,,,,,,,,,,,,,,,,,,,,,,,,,,,,,,,,,,,,,,,,,,,,,,,,,,,,,,,,,,,,,,,,,,,,,,,,,,,,,,,,,,,,,,,,,,,,
90,"During a recital, two pianists—Wayne and Zara—will perform solos. There will be five solos altogether, performed one immediately after another. Each solo will be either a modern piece or a traditional piece. The choice of pianist and type of piece for the solos must conform to the following conditions: The third solo is a traditional piece. Exactly two of the traditional pieces are performed consecutively. In the fourth solo, either Wayne performs a traditional piece or Zara performs a modern piece. The pianist who performs the second solo does not perform the fifth solo. No traditional piece is performed until Wayne performs at least one modem piece.Q: If the fifth solo is a traditional piece, then for exactly determined? Answer Choices: (A)one (B)two (C)three (D)four (E)five","During a recital, two pianists—Wayne and Zara—will perform solos. There will be five solos altogether, performed one immediately after another. Each solo will be either a modern piece or a traditional piece. The choice of pianist and type of piece for the solos must conform to the following conditions: The third solo is a traditional piece. Exactly two of the traditional pieces are performed consecutively. In the fourth solo, either Wayne performs a traditional piece or Zara performs a modern piece. The pianist who performs the second solo does not perform the fifth solo. No traditional piece is performed until Wayne performs at least one modem piece.Q: If the fifth solo is a traditional piece, then for exactly determined? Answer Choices: (A)one (B)two (C)three (D)four (E)five",,B,two,1,,none,0,,,,8012,0,8012,0,1,length,0,99.36960363388062,0.4381327397402621,3.451243963591424,0.598209632180247,0.7605936199429816,0.9999999951782311,0.3262738421169704,0.2870551346777956,5.906480312347412,0.5389924596984097,0.11607588617074388,1.3617074388417374,12.0,0.13966550174737893,5.0,8012.0,0.4124930128121866,3.137249928233225,0.6364772909797514,0.7884383164976957,0.9999998747233759,0.3198115695142688,0.2928932710175167,3.437711715698242,0.6066154612674269,0.1015625,1.359375,9.0,0.140625,2.0,128.0,0.28144417227117347,3.137249928233225,0.5373488286193593,0.8478474173324106,0.9999998747233759,0.2875773633884763,0.19548336365430918,3.437711715698242,0.4909101833092936,0.078125,1.2421875,9.0,0.1015625,2.0,256.0,0.3464348532467843,3.137249928233225,0.567290264724301,0.8104589495143631,0.9999998747233759,0.3099918620171179,0.23872232565564816,5.906480312347412,0.556432594530943,0.0975,1.3025,9.0,0.1175,2.0,400.0,0.38057328078198055,3.137249928233225,0.5836854061788499,0.7887623265695064,0.9999998747233759,0.32292359706357193,0.27033522787755393,5.906480312347412,0.5841276836367518,0.115234375,1.33984375,9.0,0.134765625,2.0,512.0,0.4396500270871255,3.137249928233225,0.600729863088761,0.7609311832259582,0.999999942409906,0.3270325080102814,0.30638075307040225,5.906480312347412,0.6001677114963799,0.115234375,1.359375,9.0,0.1318359375,3.0,1024.0,0.5002213674673245,3.137249928233225,0.6060281210085298,0.7279869999347872,0.999999942409906,0.3312725415135921,0.33020746098988085,5.906480312347412,0.5807154028095018,0.1259765625,1.396484375,9.0,0.1474609375,4.0,2048.0,,,,,,,,,,,,,,,,,,,,,,,,,,,,,,,,,,,,,,,,,,,,,,,,,,,,,,,,,,,,,,,,,,,,,,,,,,,,,,,,,,,,,,,,,,,,,,,,,,,,,,,,,
91,"During a recital, two pianists—Wayne and Zara—will perform solos. There will be five solos altogether, performed one immediately after another. Each solo will be either a modern piece or a traditional piece. The choice of pianist and type of piece for the solos must conform to the following conditions: The third solo is a traditional piece. Exactly two of the traditional pieces are performed consecutively. In the fourth solo, either Wayne performs a traditional piece or Zara performs a modern piece. The pianist who performs the second solo does not perform the fifth solo. No traditional piece is performed until Wayne performs at least one modem piece.Q: If in the fifth solo Wayne performs a traditional piece, which one of the following could be true? Answer Choices: (A)Zara performs the first solo. (B)Wayne performs the second solo. (C)Zara performs the third solo. (D)The second solo is a modem piece. (E)The fourth solo is a traditional piece.","During a recital, two pianists—Wayne and Zara—will perform solos. There will be five solos altogether, performed one immediately after another. Each solo will be either a modern piece or a traditional piece. The choice of pianist and type of piece for the solos must conform to the following conditions: The third solo is a traditional piece. Exactly two of the traditional pieces are performed consecutively. In the fourth solo, either Wayne performs a traditional piece or Zara performs a modern piece. The pianist who performs the second solo does not perform the fifth solo. No traditional piece is performed until Wayne performs at least one modem piece.Q: If in the fifth solo Wayne performs a traditional piece, which one of the following could be true? Answer Choices: (A)Zara performs the first solo. (B)Wayne performs the second solo. (C)Zara performs the third solo. (D)The second solo is a modem piece. (E)The fourth solo is a traditional piece.",,C,Zara performs the third solo.,2,,none,0,,,,8012,0,8012,0,1,length,0,107.35016393661499,0.4430261270823088,2.9780065459522502,0.5908243622186258,0.7566253664987399,0.9999999995553837,0.3253183324697358,0.2912513549049504,8.321179389953613,0.5472075569054166,0.11158262606090864,1.3590863704443334,9.0,0.13379930104842735,3.0,8012.0,0.3545750167586197,2.3938142066320722,0.5550824699920827,0.8048054795788495,0.999999204955435,0.3007388750442794,0.24268346016549902,3.4546031951904297,0.49816622998948235,0.0703125,1.3046875,6.0,0.0859375,2.0,128.0,0.5024436249965166,2.8396311466088626,0.6312889683493563,0.7285892440498266,0.9999995455037055,0.33988247274608646,0.3581803736056751,3.779494047164917,0.6255183831374006,0.1171875,1.4453125,7.0,0.1484375,3.0,256.0,0.5087569213831212,2.8396311466088626,0.5981820019782866,0.7182290688787439,0.9999995757915607,0.3400160008104551,0.3390924697130795,3.779494047164917,0.5714067570575385,0.1425,1.415,7.0,0.165,3.0,400.0,0.511765112387863,2.8396311466088626,0.595898588441106,0.7149841064011169,0.9999995757915607,0.3398899246538112,0.338349857901327,3.779494047164917,0.5670976764574706,0.140625,1.404296875,7.0,0.1640625,3.0,512.0,0.5166016265565802,2.8396311466088626,0.5965507739007474,0.7134789756860899,0.9999999563462106,0.3379158072988213,0.3369440438927589,4.153878211975098,0.566917668245391,0.1376953125,1.4169921875,7.0,0.169921875,3.0,1024.0,0.5058676200784026,2.959574404231736,0.6241798538639501,0.7276247883157345,0.999999998655159,0.33981519833642226,0.33295656378803784,5.531091213226318,0.579477291335119,0.13818359375,1.42724609375,9.0,0.1650390625,3.0,2048.0,,,,,,,,,,,,,,,,,,,,,,,,,,,,,,,,,,,,,,,,,,,,,,,,,,,,,,,,,,,,,,,,,,,,,,,,,,,,,,,,,,,,,,,,,,,,,,,,,,,,,,,,,
92,"A realtor will show a prospective buyer seven houses—J, K, L, M, N, 0, and P—during a single day. The first and second houses to be shown will be shown in the morning; the third, fourth, and fifth houses to be shown will be shown in the afternoon; the sixth and seventh houses to be shown will be shown in the evening. The houses will be shown according to the following rules: J must be shown in the evening. K cannot be shown in the morning. L must be shown at some time after K is shown and at some time before M is shown.Q: Which one of the following could be the order, from first through seventh, in which the realtor shows the houses? Answer Choices: (A)K, 0, L, M, N, J, P (B)N, L, P, K, M, 0, J (C)0, P, K, L, N, M, J (D)0, P, M, N, K, L, J (E)P, 0, K, J, L, N, M","A realtor will show a prospective buyer seven houses—J, K, L, M, N, 0, and P—during a single day. The first and second houses to be shown will be shown in the morning; the third, fourth, and fifth houses to be shown will be shown in the afternoon; the sixth and seventh houses to be shown will be shown in the evening. The houses will be shown according to the following rules: J must be shown in the evening. K cannot be shown in the morning. L must be shown at some time after K is shown and at some time before M is shown.Q: Which one of the following could be the order, from first through seventh, in which the realtor shows the houses? Answer Choices: (A)K, 0, L, M, N, J, P (B)N, L, P, K, M, 0, J (C)0, P, K, L, N, M, J (D)0, P, M, N, K, L, J (E)P, 0, K, J, L, N, M",,C,"0, P, K, L, N, M, J",2,C,final_answer,1,"

To determine the correct order, let's analyze the rules and the options provided.

**The Rules:**
1.  **Time Slots:**
    *   Morning: 1st, 2nd
    *   Afternoon: 3rd, 4th, 5th
    *   Evening: 6th, 7th
2.  **Constraint 1:** J must be shown in the evening (6th or 7th).
3.  **Constraint 2:** K cannot be shown in the morning (1st or 2nd). K must be in the afternoon or evening.
4.  **Constraint 3:** L must be shown after K ($K < L$) and before M ($L < M$). So, the order must be $K \rightarrow L \rightarrow M$.

**Analyzing the Answer Choices:**

*   **(A) K, O, L, M, N, J, P**
    *   K is in the 1st slot (Morning). This violates Constraint 2 (K cannot be in the morning).
    *   **Incorrect.**

*   **(B) N, L, P, K, M, O, J**
    *   J is in the 7th slot (Evening). (Pass Constraint 1)
    *   K is in the 4th slot (Afternoon). (Pass Constraint 2)
    *   Check Constraint 3 ($K < L < M$):
        *   K is 4th.
        *   L is 2nd.
        *   M is 5th.
        *   L comes before K. This violates Constraint 3.
    *   **Incorrect.**

*   **(C) O, P, K, L, N, M, J**
    *   J is in the 7th slot (Evening). (Pass Constraint 1)
    *   K is in the 3rd slot (Afternoon). (Pass Constraint 2)
    *   Check Constraint 3 ($K < L < M$):
        *   K is 3rd.
        *   L is 4th.
        *   M is 6th.
        *   The order is K (3) -> L (4) -> M (6). This satisfies the condition $K < L < M$.
    *   **Correct.**

*   **(D) O, P, M, N, K, L, J**
    *   J is in the 7th slot (Evening). (Pass Constraint 1)
    *   K is in the 5th slot (Afternoon). (Pass Constraint 2)
    *   Check Constraint 3 ($K < L < M$):
        *   K is 5th.
        *   L is 6th.
        *   M is 3rd.
        *   M comes before K. This violates Constraint 3.
    *   **Incorrect.**

*   **(E) P, O, K, J, L, N, M**
    *   J is in the 4th slot (Afternoon). This violates Constraint 1 (J must be in the evening).
    *   **Incorrect.**

Only choice (C) satisfies all the rules.

Final Answer: C",,"

To determine the correct order, let's analyze the rules and the options provided.

**The Rules:**
1.  **Time Slots:**
    *   Morning: 1st, 2nd
    *   Afternoon: 3rd, 4th, 5th
    *   Evening: 6th, 7th
2.  **Constraint 1:** J must be shown in the evening (6th or 7th).
3.  **Constraint 2:** K cannot be shown in the morning (1st or 2nd). K must be in the afternoon or evening.
4.  **Constraint 3:** L must be shown after K ($K < L$) and before M ($L < M$). So, the order must be $K \rightarrow L \rightarrow M$.

**Analyzing the Answer Choices:**

*   **(A) K, O, L, M, N, J, P**
    *   K is in the 1st slot (Morning). This violates Constraint 2 (K cannot be in the morning).
    *   **Incorrect.**

*   **(B) N, L, P, K, M, O, J**
    *   J is in the 7th slot (Evening). (Pass Constraint 1)
    *   K is in the 4th slot (Afternoon). (Pass Constraint 2)
    *   Check Constraint 3 ($K < L < M$):
        *   K is 4th.
        *   L is 2nd.
        *   M is 5th.
        *   L comes before K. This violates Constraint 3.
    *   **Incorrect.**

*   **(C) O, P, K, L, N, M, J**
    *   J is in the 7th slot (Evening). (Pass Constraint 1)
    *   K is in the 3rd slot (Afternoon). (Pass Constraint 2)
    *   Check Constraint 3 ($K < L < M$):
        *   K is 3rd.
        *   L is 4th.
        *   M is 6th.
        *   The order is K (3) -> L (4) -> M (6). This satisfies the condition $K < L < M$.
    *   **Correct.**

*   **(D) O, P, M, N, K, L, J**
    *   J is in the 7th slot (Evening). (Pass Constraint 1)
    *   K is in the 5th slot (Afternoon). (Pass Constraint 2)
    *   Check Constraint 3 ($K < L < M$):
        *   K is 5th.
        *   L is 6th.
        *   M is 3rd.
        *   M comes before K. This violates Constraint 3.
    *   **Incorrect.**

*   **(E) P, O, K, J, L, N, M**
    *   J is in the 4th slot (Afternoon). This violates Constraint 1 (J must be in the evening).
    *   **Incorrect.**

Only choice (C) satisfies all the rules.

Final Answer: C",2110,0,2110,771,0,stop,0,27.71934223175049,0.10616379646808828,2.4206012604536697,0.29925882641896234,0.9345710265413991,0.9999999966487982,0.19375121620472724,0.07010952546797866,3.8409063816070557,0.27590971149644944,0.02985781990521327,1.0682464454976304,5.0,0.03601895734597156,4.0,2110.0,0.18371872566555986,2.0767303305331297,0.367684384746265,0.879929864286024,0.999999910673832,0.25579107221386016,0.13961300381560526,2.6363911628723145,0.3929757724863691,0.0703125,1.125,4.0,0.078125,2.0,128.0,0.19835704938293663,2.0767303305331297,0.3652941393544974,0.8731157849080151,0.9999999660589126,0.2509003778893816,0.1370445233822589,2.803006649017334,0.37180335565185235,0.05859375,1.12890625,4.0,0.06640625,2.0,256.0,0.17612285536070452,2.0767303305331297,0.3651014396309173,0.8870332609818344,0.9999999736069579,0.2436836626322439,0.13212857238582482,3.0218710899353027,0.3843789453131148,0.0525,1.125,4.0,0.0675,4.0,400.0,0.13900520080189843,2.0767303305331297,0.3305924683380797,0.9113115626080682,0.9999999900113075,0.22027321231383706,0.10349049552890709,3.0218710899353027,0.3440444485725862,0.041015625,1.09765625,4.0,0.052734375,4.0,512.0,0.09991399365320468,2.0767303305331297,0.2874165473604668,0.9377505580939924,0.9999999900113075,0.18845865932828723,0.0726589531353937,3.0218710899353027,0.2913549109991314,0.0263671875,1.06640625,4.0,0.0341796875,4.0,1024.0,0.10765559249150387,2.4206012604536697,0.3014526479461,0.9335275709885803,0.9999999966487982,0.19505687470426883,0.0709550859832001,3.8409063816070557,0.2774860566927854,0.0302734375,1.0693359375,5.0,0.03662109375,4.0,2048.0,0.11628697542872592,2.0767303305331297,0.30896696265614143,0.9271402505852231,0.9999999900113075,0.20201013037549845,0.08452910411464945,3.0218710899353027,0.3116628350338811,0.0311284046692607,1.0791180285343709,4.0,0.038910505836575876,4.0,771.0,0.18371872566555986,2.0767303305331297,0.367684384746265,0.879929864286024,0.999999910673832,0.25579107221386016,0.13961300381560526,2.6363911628723145,0.3929757724863691,0.0703125,1.125,4.0,0.078125,2.0,128.0,0.19835704938293663,2.0767303305331297,0.3652941393544974,0.8731157849080151,0.9999999660589126,0.2509003778893816,0.1370445233822589,2.803006649017334,0.37180335565185235,0.05859375,1.12890625,4.0,0.06640625,2.0,256.0,0.17612285536070452,2.0767303305331297,0.3651014396309173,0.8870332609818344,0.9999999736069579,0.2436836626322439,0.13212857238582482,3.0218710899353027,0.3843789453131148,0.0525,1.125,4.0,0.0675,4.0,400.0,0.13900520080189843,2.0767303305331297,0.3305924683380797,0.9113115626080682,0.9999999900113075,0.22027321231383706,0.10349049552890709,3.0218710899353027,0.3440444485725862,0.041015625,1.09765625,4.0,0.052734375,4.0,512.0,0.11628697542872592,2.0767303305331297,0.30896696265614143,0.9271402505852231,0.9999999900113075,0.20201013037549845,0.08452910411464945,3.0218710899353027,0.3116628350338811,0.0311284046692607,1.0791180285343709,4.0,0.038910505836575876,4.0,771.0,0.11628697542872592,2.0767303305331297,0.30896696265614143,0.9271402505852231,0.9999999900113075,0.20201013037549845,0.08452910411464945,3.0218710899353027,0.3116628350338811,0.0311284046692607,1.0791180285343709,4.0,0.038910505836575876,4.0,771.0
93,"A realtor will show a prospective buyer seven houses—J, K, L, M, N, 0, and P—during a single day. The first and second houses to be shown will be shown in the morning; the third, fourth, and fifth houses to be shown will be shown in the afternoon; the sixth and seventh houses to be shown will be shown in the evening. The houses will be shown according to the following rules: J must be shown in the evening. K cannot be shown in the morning. L must be shown at some time after K is shown and at some time before M is shown.Q: Which one of the following is a pair of houses that CANNOT be shown consecutively in either order? Answer Choices: (A)J, K (B)J, M (C)J, O (D)J, P (E)M, P","A realtor will show a prospective buyer seven houses—J, K, L, M, N, 0, and P—during a single day. The first and second houses to be shown will be shown in the morning; the third, fourth, and fifth houses to be shown will be shown in the afternoon; the sixth and seventh houses to be shown will be shown in the evening. The houses will be shown according to the following rules: J must be shown in the evening. K cannot be shown in the morning. L must be shown at some time after K is shown and at some time before M is shown.Q: Which one of the following is a pair of houses that CANNOT be shown consecutively in either order? Answer Choices: (A)J, K (B)J, M (C)J, O (D)J, P (E)M, P",,A,"J, K",0,A,final_answer,1,"

To solve this problem, we need to analyze the constraints on the house showing schedule and determine which pair of houses cannot occupy adjacent time slots.

**1. Setup and Constraints:**
*   **Houses:** J, K, L, M, N, O, P (7 houses). Note: ""0"" in the prompt is treated as the house ""O"" based on the answer choices.
*   **Time Slots:** 1 to 7.
    *   Morning: 1, 2
    *   Afternoon: 3, 4, 5
    *   Evening: 6, 7
*   **Rules:**
    1.  **J** must be shown in the evening (Slot 6 or 7).
    2.  **K** cannot be shown in the morning (Slot 1 or 2). Thus, K is in {3, 4, 5, 6, 7}.
    3.  **L** is shown after **K** and before **M**. This creates a strict ordering: $Slot(K) < Slot(L) < Slot(M)$.

**2. Analyzing the Constraints on K, L, and M:**
*   Since $Slot(K) < Slot(L) < Slot(M)$, K, L, and M must occupy three distinct slots in increasing order.
*   Since K cannot be in slots 1 or 2, the earliest K can be is slot 3.
*   Consequently, the earliest L can be is slot 4, and the earliest M can be is slot 5.
*   So, $Slot(M) \ge 5$.
*   Also, since J is in 6 or 7, M can be in 5, 6, or 7.

**3. Evaluating the Pair (J, K):**
We need to check if J and K can be shown consecutively in either order.

*   **Case 1: J is immediately before K.**
    *   This means $Slot(K) = Slot(J) + 1$.
    *   If J is in slot 6, K would be in slot 7.
        *   We need to satisfy $Slot(K) < Slot(L) < Slot(M)$.
        *   Substituting K=7: $7 < Slot(L) < Slot(M)$.
        *   There are no slots greater than 7. This is impossible.
    *   If J is in slot 7, K would be in slot 8.
        *   There is no slot 8. This is impossible.
    *   **Conclusion:** J cannot be immediately before K.

*   **Case 2: K is immediately before J.**
    *   This means $Slot(J) = Slot(K) + 1$.
    *   If J is in slot 6, K would be in slot 5.
        *   We need to satisfy $Slot(K) < Slot(L) < Slot(M)$.
        *   Substituting K=5: $5 < Slot(L) < Slot(M)$.
        *   The available slots greater than 5 are 6 and 7.
        *   Slot 6 is occupied by J.
        *   Therefore, L must be in slot 7.
        *   There is no slot greater than 7 for M. This is impossible.
    *   If J is in slot 7, K would be in slot 6.
        *   We need to satisfy $Slot(K) < Slot(L) < Slot(M)$.
        *   Substituting K=6: $6 < Slot(L) < Slot(M)$.
        *   The only available slot greater than 6 is 7.
        *   Slot 7 is occupied by J.
        *   There is no room for L and M. This is impossible.
    *   **Conclusion:** K cannot be immediately before J.

Since neither order is possible, the houses J and K cannot be shown consecutively.

**4. Checking Other Options:**
*   **(B) J, M:** Possible. Example: K=3, L=4, M=5, J=6. (M and J are consecutive).
*   **(C) J, O:** Possible. Example: K=3, L=4, M=5, J=6, O=7. (J and O are consecutive).
*   **(D) J, P:** Possible. Similar to O, P has no restrictions.
*   **(E) M, P:** Possible. Example: K=3, L=4, M=5, P=6, J=7. (M and P are consecutive).

Therefore, only the pair J and K cannot be shown consecutively.

Final Answer: A",,"

To solve this problem, we need to analyze the constraints on the house showing schedule and determine which pair of houses cannot occupy adjacent time slots.

**1. Setup and Constraints:**
*   **Houses:** J, K, L, M, N, O, P (7 houses). Note: ""0"" in the prompt is treated as the house ""O"" based on the answer choices.
*   **Time Slots:** 1 to 7.
    *   Morning: 1, 2
    *   Afternoon: 3, 4, 5
    *   Evening: 6, 7
*   **Rules:**
    1.  **J** must be shown in the evening (Slot 6 or 7).
    2.  **K** cannot be shown in the morning (Slot 1 or 2). Thus, K is in {3, 4, 5, 6, 7}.
    3.  **L** is shown after **K** and before **M**. This creates a strict ordering: $Slot(K) < Slot(L) < Slot(M)$.

**2. Analyzing the Constraints on K, L, and M:**
*   Since $Slot(K) < Slot(L) < Slot(M)$, K, L, and M must occupy three distinct slots in increasing order.
*   Since K cannot be in slots 1 or 2, the earliest K can be is slot 3.
*   Consequently, the earliest L can be is slot 4, and the earliest M can be is slot 5.
*   So, $Slot(M) \ge 5$.
*   Also, since J is in 6 or 7, M can be in 5, 6, or 7.

**3. Evaluating the Pair (J, K):**
We need to check if J and K can be shown consecutively in either order.

*   **Case 1: J is immediately before K.**
    *   This means $Slot(K) = Slot(J) + 1$.
    *   If J is in slot 6, K would be in slot 7.
        *   We need to satisfy $Slot(K) < Slot(L) < Slot(M)$.
        *   Substituting K=7: $7 < Slot(L) < Slot(M)$.
        *   There are no slots greater than 7. This is impossible.
    *   If J is in slot 7, K would be in slot 8.
        *   There is no slot 8. This is impossible.
    *   **Conclusion:** J cannot be immediately before K.

*   **Case 2: K is immediately before J.**
    *   This means $Slot(J) = Slot(K) + 1$.
    *   If J is in slot 6, K would be in slot 5.
        *   We need to satisfy $Slot(K) < Slot(L) < Slot(M)$.
        *   Substituting K=5: $5 < Slot(L) < Slot(M)$.
        *   The available slots greater than 5 are 6 and 7.
 ",6588,0,6588,1077,0,stop,0,93.76876211166382,0.30508679275984907,3.6270103907803706,0.5247057086109407,0.8312074669919913,0.9999999962833368,0.2904925196976159,0.19861431234795787,6.127665996551514,0.470511736292282,0.07619914996964178,1.2384638737097753,16.0,0.09168184578020644,4.0,6588.0,0.4388610119495897,2.3857393131051627,0.5439342385789643,0.733643395063667,0.9999998744010012,0.34075189879947876,0.30810425488241877,3.6028966903686523,0.5436982421391963,0.140625,1.34375,6.0,0.1875,4.0,128.0,0.3005112163411537,2.3857393131051627,0.47687419105201206,0.8169659905255758,0.9999999722011279,0.29990237232401323,0.2011136536160681,3.6028966903686523,0.443809957660292,0.0859375,1.21875,6.0,0.1171875,4.0,256.0,0.31400650124480417,2.3857393131051627,0.4896272703786613,0.8148588297473789,0.9999999722011279,0.2987114913526408,0.19778860321822747,3.6028966903686523,0.43328966553011006,0.0825,1.2225,6.0,0.1075,4.0,400.0,0.2981349800160857,2.3857393131051627,0.4870462579889349,0.828232965138909,0.9999999722011279,0.28854246589359217,0.19268485117734716,3.6028966903686523,0.44158223263334345,0.0703125,1.208984375,6.0,0.08984375,4.0,512.0,0.306182616024989,2.405543096558854,0.487643859262063,0.8230507611082322,0.9999999722011279,0.2915996721977352,0.19554809484664865,4.480095863342285,0.4483213408405454,0.0771484375,1.2158203125,6.0,0.095703125,4.0,1024.0,0.29889290424821685,2.5266676489580213,0.49167728896784685,0.8301957615609572,0.9999999846002662,0.2865647937445644,0.1892240811206218,4.480095863342285,0.44209500421670545,0.07373046875,1.21533203125,6.0,0.08642578125,4.0,2048.0,0.30909148341042264,2.405543096558854,0.4894395935558772,0.8208558636123081,0.9999999722011279,0.2941405107392911,0.19945902740874058,4.480095863342285,0.4523969344501709,0.07892293407613742,1.2191272051996287,6.0,0.09656453110492108,4.0,1077.0,0.4388610119495897,2.3857393131051627,0.5439342385789643,0.733643395063667,0.9999998744010012,0.34075189879947876,0.30810425488241877,3.6028966903686523,0.5436982421391963,0.140625,1.34375,6.0,0.1875,4.0,128.0,0.3005112163411537,2.3857393131051627,0.47687419105201206,0.8169659905255758,0.9999999722011279,0.29990237232401323,0.2011136536160681,3.6028966903686523,0.443809957660292,0.0859375,1.21875,6.0,0.1171875,4.0,256.0,0.31400650124480417,2.3857393131051627,0.4896272703786613,0.8148588297473789,0.9999999722011279,0.2987114913526408,0.19778860321822747,3.6028966903686523,0.43328966553011006,0.0825,1.2225,6.0,0.1075,4.0,400.0,0.2981349800160857,2.3857393131051627,0.4870462579889349,0.828232965138909,0.9999999722011279,0.28854246589359217,0.19268485117734716,3.6028966903686523,0.44158223263334345,0.0703125,1.208984375,6.0,0.08984375,4.0,512.0,0.306182616024989,2.405543096558854,0.487643859262063,0.8230507611082322,0.9999999722011279,0.2915996721977352,0.19554809484664865,4.480095863342285,0.4483213408405454,0.0771484375,1.2158203125,6.0,0.095703125,4.0,1024.0,0.30909148341042264,2.405543096558854,0.4894395935558772,0.8208558636123081,0.9999999722011279,0.2941405107392911,0.19945902740874058,4.480095863342285,0.4523969344501709,0.07892293407613742,1.2191272051996287,6.0,0.09656453110492108,4.0,1077.0
94,"A realtor will show a prospective buyer seven houses—J, K, L, M, N, 0, and P—during a single day. The first and second houses to be shown will be shown in the morning; the third, fourth, and fifth houses to be shown will be shown in the afternoon; the sixth and seventh houses to be shown will be shown in the evening. The houses will be shown according to the following rules: J must be shown in the evening. K cannot be shown in the morning. L must be shown at some time after K is shown and at some time before M is shown.Q: Which one of the following must be true? Answer Choices: (A)K is shown in the evening. (B)L is shown in the afternoon. (C)L is shown in the evening. (D)M is shown in the morning. (E)M is shown in the afternoon.","A realtor will show a prospective buyer seven houses—J, K, L, M, N, 0, and P—during a single day. The first and second houses to be shown will be shown in the morning; the third, fourth, and fifth houses to be shown will be shown in the afternoon; the sixth and seventh houses to be shown will be shown in the evening. The houses will be shown according to the following rules: J must be shown in the evening. K cannot be shown in the morning. L must be shown at some time after K is shown and at some time before M is shown.Q: Which one of the following must be true? Answer Choices: (A)K is shown in the evening. (B)L is shown in the afternoon. (C)L is shown in the evening. (D)M is shown in the morning. (E)M is shown in the afternoon.",,B,L is shown in the afternoon.,1,B,final_answer,1,"

The problem asks us to determine which statement must be true based on the given rules for scheduling seven houses (J, K, L, M, N, O, P) into three time periods: Morning (1-2), Afternoon (3-5), and Evening (6-7).

**1. Analyze the Constraints:**
*   **Slots:** Morning (1, 2), Afternoon (3, 4, 5), Evening (6, 7).
*   **Rule 1:** J must be shown in the evening (Slots 6 or 7).
*   **Rule 2:** K cannot be shown in the morning (Slots 1 or 2). So, K must be in Afternoon or Evening (Slots 3-7).
*   **Rule 3:** L must be shown after K ($K < L$) and before M ($L < M$). This creates a sequence: $K \rightarrow L \rightarrow M$.

**2. Deduce the Position of L:**
*   From the sequence $K \rightarrow L \rightarrow M$, we know that K, L, and M occupy three distinct slots in increasing order.
*   **Can L be in the Evening (Slots 6 or 7)?**
    *   If L is in Slot 6: Then M must be in Slot 7 (since $L < M$ and 7 is the only slot after 6). This fills both Evening slots (6 and 7) with L and M. However, Rule 1 states J must be shown in the evening. There would be no slot left for J. Thus, L cannot be in Slot 6.
    *   If L is in Slot 7: Then M must be in a slot after 7, which does not exist. Thus, L cannot be in Slot 7.
    *   **Conclusion:** L cannot be in the Evening.
*   **Can L be in the Morning (Slots 1 or 2)?**
    *   We know $K < L$. If L were in the Morning (Slot 1 or 2), K would have to be in a slot before L (Slot 0 or negative), which is impossible. Thus, L cannot be in the Morning.
    *   **Conclusion:** L cannot be in the Morning.
*   **Result:** Since L cannot be in the Morning or the Evening, **L must be shown in the Afternoon.**

**3. Verify the Other Options:**
*   **(A) K is shown in the evening:** If K were in the evening (6 or 7), there would be no slots left for L and M after K. Thus, K must be in the Afternoon. This option is false.
*   **(C) L is shown in the evening:** We proved above that L cannot be in the evening because it would leave no room for J. This option is false.
*   **(D) M is shown in the morning:** Since $K < L < M$ and K cannot be in the morning, M must be later than K. Thus, M cannot be in the morning. This option is false.
*   **(E) M is shown in the afternoon:** We know L is in the Afternoon (Slots 4 or 5). M must be after L. M could be in the Afternoon (Slot 5 or 6? No, 6 is Evening) or Evening.
    *   Example valid schedule: K=3, L=4, M=6, J=7. Here M is in the Evening.
    *   Example valid schedule: K=3, L=4, M=5, J=6. Here M is in the Afternoon.
    *   Since M can be in the Evening, it does not *have* to be in the Afternoon. This option is not necessarily true.

**Conclusion:**
The only statement that must be true is that L is shown in the afternoon.

Final Answer: B",,"

The problem asks us to determine which statement must be true based on the given rules for scheduling seven houses (J, K, L, M, N, O, P) into three time periods: Morning (1-2), Afternoon (3-5), and Evening (6-7).

**1. Analyze the Constraints:**
*   **Slots:** Morning (1, 2), Afternoon (3, 4, 5), Evening (6, 7).
*   **Rule 1:** J must be shown in the evening (Slots 6 or 7).
*   **Rule 2:** K cannot be shown in the morning (Slots 1 or 2). So, K must be in Afternoon or Evening (Slots 3-7).
*   **Rule 3:** L must be shown after K ($K < L$) and before M ($L < M$). This creates a sequence: $K \rightarrow L \rightarrow M$.

**2. Deduce the Position of L:**
*   From the sequence $K \rightarrow L \rightarrow M$, we know that K, L, and M occupy three distinct slots in increasing order.
*   **Can L be in the Evening (Slots 6 or 7)?**
    *   If L is in Slot 6: Then M must be in Slot 7 (since $L < M$ and 7 is the only slot after 6). This fills both Evening slots (6 and 7) with L and M. However, Rule 1 states J must be shown in the evening. There would be no slot left for J. Thus, L cannot be in Slot 6.
    *   If L is in Slot 7: Then M must be in a slot after 7, which does not exist. Thus, L cannot be in Slot 7.
    *   **Conclusion:** L cannot be in the Evening.
*   **Can L be in the Morning (Slots 1 or 2)?**
    *   We know $K < L$. If L were in the Morning (Slot 1 or 2), K would have to be in a slot before L (Slot 0 or negative), which is impossible. Thus, L cannot be in the Morning.
    *   **Conclusion:** L cannot be in the Morning.
*   **Result:** Since L cannot be in the Morning or the Evening, **L must be shown in the Afternoon.**

**3. Verify the Other Options:**
*   **(A) K is shown in the evening:** If K were in the evening (6 or 7), there would be no slots left for L and M after K. Thus, K must be in the Afternoon. This option is false.
*   **(C) L is shown in the evening:** We proved above that L cannot be in the evening because it would leave no room for J. Thi",6377,0,6377,1024,0,stop,0,84.69256901741028,0.2934700836199163,3.0139413074607475,0.48945702079994086,0.8283682811374763,0.999999999685793,0.2894663039777805,0.18910691230634227,5.53757381439209,0.42990130022726786,0.07636819821232554,1.2236161204328053,10.0,0.08954053630233652,4.0,6377.0,0.29019220549804997,1.9452141578663602,0.43886193373853727,0.8157380470929927,0.9999999834202936,0.29628247424531995,0.2012018712542668,3.410456895828247,0.438865525461972,0.1015625,1.203125,3.0,0.125,2.0,128.0,0.23482799108498192,1.9452141578663602,0.39433600550823933,0.847616560519665,0.9999999834202936,0.2732864193217962,0.16826017864519094,3.410456895828247,0.41067987701222003,0.0703125,1.14453125,3.0,0.08203125,2.0,256.0,0.30505883891805247,2.7992293312036463,0.5104806982399215,0.8278226676352037,0.9999999834202936,0.2857200423564763,0.1998486718681699,3.410456895828247,0.4472966105260963,0.0675,1.24,6.0,0.0825,2.0,400.0,0.30661123471083007,2.7992293312036463,0.5073574555589733,0.8248519065539409,0.9999999834202936,0.28863392510023245,0.1973212908913889,3.410456895828247,0.434643625235272,0.076171875,1.244140625,7.0,0.091796875,2.0,512.0,0.2755237429166313,2.9181143498813586,0.4706637194701473,0.8405241211945902,0.9999999834202936,0.27480455063852643,0.17338868186339226,3.433720350265503,0.40778358716866514,0.0654296875,1.201171875,7.0,0.078125,3.0,1024.0,0.29463902193233993,2.9181143498813586,0.48892235292316877,0.8300896016053403,0.9999999834202936,0.2842233127534559,0.18853765918478052,3.865208148956299,0.43388660724799943,0.0703125,1.21923828125,7.0,0.0830078125,3.0,2048.0,0.2755237429166313,2.9181143498813586,0.4706637194701473,0.8405241211945902,0.9999999834202936,0.27480455063852643,0.17338868186339226,3.433720350265503,0.40778358716866514,0.0654296875,1.201171875,7.0,0.078125,3.0,1024.0,0.29019220549804997,1.9452141578663602,0.43886193373853727,0.8157380470929927,0.9999999834202936,0.29628247424531995,0.2012018712542668,3.410456895828247,0.438865525461972,0.1015625,1.203125,3.0,0.125,2.0,128.0,0.23482799108498192,1.9452141578663602,0.39433600550823933,0.847616560519665,0.9999999834202936,0.2732864193217962,0.16826017864519094,3.410456895828247,0.41067987701222003,0.0703125,1.14453125,3.0,0.08203125,2.0,256.0,0.30505883891805247,2.7992293312036463,0.5104806982399215,0.8278226676352037,0.9999999834202936,0.2857200423564763,0.1998486718681699,3.410456895828247,0.4472966105260963,0.0675,1.24,6.0,0.0825,2.0,400.0,0.30661123471083007,2.7992293312036463,0.5073574555589733,0.8248519065539409,0.9999999834202936,0.28863392510023245,0.1973212908913889,3.410456895828247,0.434643625235272,0.076171875,1.244140625,7.0,0.091796875,2.0,512.0,0.2755237429166313,2.9181143498813586,0.4706637194701473,0.8405241211945902,0.9999999834202936,0.27480455063852643,0.17338868186339226,3.433720350265503,0.40778358716866514,0.0654296875,1.201171875,7.0,0.078125,3.0,1024.0,0.2755237429166313,2.9181143498813586,0.4706637194701473,0.8405241211945902,0.9999999834202936,0.27480455063852643,0.17338868186339226,3.433720350265503,0.40778358716866514,0.0654296875,1.201171875,7.0,0.078125,3.0,1024.0
95,"A realtor will show a prospective buyer seven houses—J, K, L, M, N, 0, and P—during a single day. The first and second houses to be shown will be shown in the morning; the third, fourth, and fifth houses to be shown will be shown in the afternoon; the sixth and seventh houses to be shown will be shown in the evening. The houses will be shown according to the following rules: J must be shown in the evening. K cannot be shown in the morning. L must be shown at some time after K is shown and at some time before M is shown.Q: Which one of the following could be true? Answer Choices: (A)K is shown at some time after J is shown. (B)L is shown at some time after J is shown. (C)P is shown at some time after J is shown. (D)Both N and O are shown at some time after M is (E)Both N and P are shown at some time after K is","A realtor will show a prospective buyer seven houses—J, K, L, M, N, 0, and P—during a single day. The first and second houses to be shown will be shown in the morning; the third, fourth, and fifth houses to be shown will be shown in the afternoon; the sixth and seventh houses to be shown will be shown in the evening. The houses will be shown according to the following rules: J must be shown in the evening. K cannot be shown in the morning. L must be shown at some time after K is shown and at some time before M is shown.Q: Which one of the following could be true? Answer Choices: (A)K is shown at some time after J is shown. (B)L is shown at some time after J is shown. (C)P is shown at some time after J is shown. (D)Both N and O are shown at some time after M is (E)Both N and P are shown at some time after K is",,C,P is shown at some time after J is shown.,2,C,final_answer,1,"

The problem asks us to determine which statement could be true based on a set of rules for scheduling seven houses (J, K, L, M, N, O, P) into seven time slots (1-7).

**1. Setup and Constraints:**
*   **Slots:**
    *   Morning: 1, 2
    *   Afternoon: 3, 4, 5
    *   Evening: 6, 7
*   **Rules:**
    1.  J must be in the evening (Slot 6 or 7).
    2.  K cannot be in the morning (Slot 1 or 2). So K is in 3, 4, 5, 6, or 7.
    3.  L is shown after K ($K < L$).
    4.  L is shown before M ($L < M$).
    *   Combined: $K < L < M$.

**2. Analyzing the Answer Choices:**

*   **(A) K is shown at some time after J is shown.**
    *   This means $J < K$.
    *   Since J is in the evening (6 or 7), K must be after 6 or 7.
    *   If J = 6, K must be 7.
    *   If J = 7, K must be > 7 (impossible).
    *   So, for this to work, J=6 and K=7.
    *   However, we have the chain $K < L < M$. If K=7, there are no slots after 7 for L and M.
    *   Thus, this is impossible.

*   **(B) L is shown at some time after J is shown.**
    *   This means $J < L$.
    *   Since J is in the evening (6 or 7), L must be after 6 or 7.
    *   If J = 6, L must be 7.
    *   If J = 7, L must be > 7 (impossible).
    *   So, for this to work, J=6 and L=7.
    *   However, we have the chain $L < M$. If L=7, there are no slots for M.
    *   Thus, this is impossible.

*   **(C) P is shown at some time after J is shown.**
    *   This means $J < P$.
    *   Since J is in the evening (6 or 7), P must be after 6 or 7.
    *   If J = 7, P must be > 7 (impossible).
    *   If J = 6, P must be 7.
    *   Let's test this scenario: J = 6, P = 7.
    *   We need to place K, L, M, N, O in slots 1, 2, 3, 4, 5.
    *   Constraint $K < L < M$ implies K, L, M must occupy three consecutive or non-consecutive slots in increasing order.
    *   Let's try: K = 3, L = 4, M = 5.
    *   Constraint ""K cannot be in morning"" is satisfied (K=3).
    *   Remaining slots 1 and 2 can be filled by N and O.
    *   This arrangement satisfies all rules:
        *   J (6) is evening.
        *   K (3) is not morning.
        *   $3 < 4 < 5$ (K < L < M).
        *   P (7) is after J (6).
    *   Since a valid schedule exists, this statement **could be true**.

*   **(D) Both N and O are shown at some time after M is shown.**
    *   This implies $M < N$ and $M < O$.
    *   Combined with $K < L < M$, we have a chain of at least 5 houses: $K < L < M < N$ and $M < O$.
    *   This requires at least 5 slots for K, L, M, N, O.
    *   Additionally, J must be in a slot (6 or 7).
    *   If J = 6, the slots after M must accommodate N and O.
        *   If M = 5, slots 6 and 7 are after. But J is in 6. Only slot 7 is free for N or O. We need two slots. Impossible.
        *   If M = 4, slots 5, 6, 7 are after. J is in 6. Slots 5 and 7 are free. This fits N and O.
        *   Now check K and L. $K < L < M(4)$. K cannot be 1, 2. So K must be 3. L must be > 3 and < 4. No integer slot exists. Impossible.
    *   If J = 7, similar logic applies. M must be $\le 5$. If M=5, only slot 6 is free for N or O (J is 7). Need 2 slots. Impossible. If M=4, slots 5, 6 free for N, O. K, L must be < 4. K $\ge 3 \Rightarrow K=3$. L must be between 3 and 4. Impossible.
    *   Thus, this is impossible.

*   **(E) Both N and P are shown at some time after K is shown.**
    *   This implies $K < N$ and $K < P$.
    *   Combined with $K < L < M$, we have four houses (L, M, N, P) that must all be shown after K.
    *   This requires at least 4 slots after K.
    *   Therefore, K must be in a slot such that there are at least 4 slots following it.
    *   The only slot with 4 slots following it is Slot 3 (4, 5, 6, 7).
    *   So K must be 3.
    *   If K = 3, slots 4, 5, 6, 7 must be filled by L, M, N, P.
    *   However, J must also be shown in the evening (Slot 6 or 7).
    *   Slots 6 and 7 are already occupied by the set {L, M, N, P}.
    *   There is no room for J.
    *   Thus, this is impossible.

**Conclusion:**
On",,"

The problem asks us to determine which statement could be true based on a set of rules for scheduling seven houses (J, K, L, M, N, O, P) into seven time slots (1-7).

**1. Setup and Constraints:**
*   **Slots:**
    *   Morning: 1, 2
    *   Afternoon: 3, 4, 5
    *   Evening: 6, 7
*   **Rules:**
    1.  J must be in the evening (Slot 6 or 7).
    2.  K cannot be in the morning (Slot 1 or 2). So K is in 3, 4, 5, 6, or 7.
    3.  L is shown after K ($K < L$).
    4.  L is shown before M ($L < M$).
    *   Combined: $K < L < M$.

**2. Analyzing the Answer Choices:**

*   **(A) K is shown at some time after J is shown.**
    *   This means $J < K$.
    *   Since J is in the evening (6 or 7), K must be after 6 or 7.
    *   If J = 6, K must be 7.
    *   If J = 7, K must be > 7 (impossible).
    *   So, for this to work, J=6 and K=7.
    *   However, we have the chain $K < L < M$. If K=7, there are no slots after 7 for L and M.
    *   Thus, this is impossible.

*   **(B) L is shown at some time after J is shown.**
    *   This means $J < L$.
    *   Since J is in the evening (6 or 7), L must be after 6 or 7.
    *   If J = 6, L must be 7.
    *   If J = 7, L must be > 7 (impossible).
    *   So, for this to work, J=6 and L=7.
    *   However, we have the chain $L < M$. If L=7, there are no slots for M.
    *   Thus, this is impossible.

*   **(C) P is shown at some time after J is shown.**
    *   This means $J < P$.
    *   Since J is in the evening (6 or 7), P must be after 6 or 7.
    *   If J = 7, P must be > 7 (impossible).
    *   If J = 6, P must be 7.
    *   Let's test this scenario: J = 6, P = 7.
    *   We need to place K, L, M, N, O in slots 1, 2, 3, 4, 5.
    *   Constraint $K < L < M$ implies K, L, M must occupy three consecutive or non-consecutive slots in increasing order.
    *   Let's try: K = 3, L = 4, M = 5.
    *   Constraint ""K cannot be in morning"" is satisfied (K=3).
    *   Remaining slots 1 and 2 can be filled by N and O.
    *   This arrang",7734,0,7734,1544,0,stop,0,90.50079846382141,0.3127722537459712,3.0059781322465646,0.5229119542264696,0.8237354475022372,0.9999999968747249,0.29724837497047185,0.20402427458636413,4.817731857299805,0.4671784611210094,0.08559606930437032,1.2465735712438584,9.0,0.10253426428756142,3.0,7734.0,0.19654405920750653,1.686974869549998,0.36798073257482883,0.8842748266997816,0.9999999824231137,0.22808683919293282,0.09309232156699354,1.5029940605163574,0.22721942585903768,0.03125,1.125,4.0,0.046875,3.0,128.0,0.18648279239241267,2.2479990432467214,0.3784831939371041,0.8904661305204599,0.9999999824231137,0.23164049572083753,0.10083338085646609,2.4990234375,0.286119456748369,0.0390625,1.1171875,4.0,0.05078125,3.0,256.0,0.25450528923959864,2.3044935792132155,0.4463451107257763,0.8527369482716495,0.9999999824231137,0.2647309367559998,0.15364161528118175,2.664307117462158,0.3771740571136558,0.0525,1.185,6.0,0.065,3.0,400.0,0.23938314308017006,2.3044935792132155,0.4453609111520107,0.8612893974370477,0.9999999824231137,0.26113419359341633,0.14594122335651324,2.664307117462158,0.365783878480359,0.05078125,1.17578125,6.0,0.060546875,3.0,512.0,0.31260665583091846,3.0059781322465646,0.5263969630469105,0.8229152052320138,0.9999999824231137,0.2968335207602613,0.19249970809857564,4.0890679359436035,0.4418952399791357,0.0849609375,1.259765625,9.0,0.1044921875,3.0,1024.0,0.2869170630321878,3.0059781322465646,0.5031937704467353,0.8379379090427291,0.9999999905065378,0.28452554469056013,0.18138955550316507,4.817731857299805,0.4407480455487858,0.07177734375,1.22802734375,9.0,0.0859375,3.0,2048.0,0.29111228242902665,3.0059781322465646,0.4989372740353835,0.8327516274338728,0.9999999824231137,0.28771667149462565,0.1803111248400611,4.0890679359436035,0.4188975893147119,0.0744818652849741,1.2292746113989637,9.0,0.08873056994818652,3.0,1544.0,0.19654405920750653,1.686974869549998,0.36798073257482883,0.8842748266997816,0.9999999824231137,0.22808683919293282,0.09309232156699354,1.5029940605163574,0.22721942585903768,0.03125,1.125,4.0,0.046875,3.0,128.0,0.18648279239241267,2.2479990432467214,0.3784831939371041,0.8904661305204599,0.9999999824231137,0.23164049572083753,0.10083338085646609,2.4990234375,0.286119456748369,0.0390625,1.1171875,4.0,0.05078125,3.0,256.0,0.25450528923959864,2.3044935792132155,0.4463451107257763,0.8527369482716495,0.9999999824231137,0.2647309367559998,0.15364161528118175,2.664307117462158,0.3771740571136558,0.0525,1.185,6.0,0.065,3.0,400.0,0.23938314308017006,2.3044935792132155,0.4453609111520107,0.8612893974370477,0.9999999824231137,0.26113419359341633,0.14594122335651324,2.664307117462158,0.365783878480359,0.05078125,1.17578125,6.0,0.060546875,3.0,512.0,0.31260665583091846,3.0059781322465646,0.5263969630469105,0.8229152052320138,0.9999999824231137,0.2968335207602613,0.19249970809857564,4.0890679359436035,0.4418952399791357,0.0849609375,1.259765625,9.0,0.1044921875,3.0,1024.0,0.29111228242902665,3.0059781322465646,0.4989372740353835,0.8327516274338728,0.9999999824231137,0.28771667149462565,0.1803111248400611,4.0890679359436035,0.4188975893147119,0.0744818652849741,1.2292746113989637,9.0,0.08873056994818652,3.0,1544.0
96,"A realtor will show a prospective buyer seven houses—J, K, L, M, N, 0, and P—during a single day. The first and second houses to be shown will be shown in the morning; the third, fourth, and fifth houses to be shown will be shown in the afternoon; the sixth and seventh houses to be shown will be shown in the evening. The houses will be shown according to the following rules: J must be shown in the evening. K cannot be shown in the morning. L must be shown at some time after K is shown and at some time before M is shown.Q: If P is shown in the afternoon, which one of the following must be true? Answer Choices: (A)J is shown seventh. (B)K is shown third. (C)N is shown first. (D)M is shown in the afternoon. (E)O is shown in the morning.","A realtor will show a prospective buyer seven houses—J, K, L, M, N, 0, and P—during a single day. The first and second houses to be shown will be shown in the morning; the third, fourth, and fifth houses to be shown will be shown in the afternoon; the sixth and seventh houses to be shown will be shown in the evening. The houses will be shown according to the following rules: J must be shown in the evening. K cannot be shown in the morning. L must be shown at some time after K is shown and at some time before M is shown.Q: If P is shown in the afternoon, which one of the following must be true? Answer Choices: (A)J is shown seventh. (B)K is shown third. (C)N is shown first. (D)M is shown in the afternoon. (E)O is shown in the morning.",,E,O is shown in the morning.,4,E,final_answer,1,"

The problem asks us to identify a statement that must be true given a set of rules for scheduling seven houses (J, K, L, M, N, O, P) into seven time slots.

**Time Slots:**
1. Morning: 1, 2
2. Afternoon: 3, 4, 5
3. Evening: 6, 7

**Rules:**
1. **J** must be shown in the evening (6 or 7).
2. **K** cannot be shown in the morning (1 or 2).
3. **L** must be shown after **K** and before **M** ($K < L < M$).
4. **Scenario Condition:** **P** is shown in the afternoon (3, 4, or 5).

**Analysis of Morning Slots (1 and 2):**
We need to determine which houses can occupy slots 1 and 2. Let's evaluate each house:
*   **J:** Must be in the evening. **Cannot be in the morning.**
*   **P:** Given as in the afternoon. **Cannot be in the morning.**
*   **K:** Rule states K cannot be in the morning. **Cannot be in the morning.**
*   **L:** Must be shown after K. Since K cannot be in the morning, K must be in slot 3 or later (3, 4, 5, 6, 7). If K is at least 3, L must be at least 4. Therefore, L cannot be in slots 1 or 2. **Cannot be in the morning.**
*   **M:** Must be shown after L. Since L must be at least 4, M must be at least 5. Therefore, M cannot be in slots 1 or 2. **Cannot be in the morning.**
*   **N:** No specific constraints prevent N from being in the morning.
*   **O:** No specific constraints prevent O from being in the morning. (Note: The prompt lists ""0"", but Answer Choice E refers to ""O"". In logic puzzles of this type, ""0"" is a common typo for the letter ""O"". The sequence J, K, L, M, N, O, P confirms O is the intended house).

**Deduction:**
There are exactly **two** morning slots (1 and 2).
There are exactly **five** houses (J, K, L, M, P) that are strictly forbidden from these slots.
This leaves exactly **two** houses (N and O) available to fill the two morning slots.
Therefore, **N and O must both be shown in the morning.**

**Evaluating the Answer Choices:**
(A) **J is shown seventh.** J can be 6 or 7. Not necessarily true.
(B) **K is shown third.** K can be 3 or 4. Not necessarily true.
(C) **N is shown first.** N can be 1 or 2. Not necessarily true.
(D) **M is shown in the afternoon.** M must be after L, and L is after K (3+). M could be 5 (Afternoon), 6, or 7 (Evening). Not necessarily true.
(E) **O is shown in the morning.** Since O must fill one of the two morning slots, this must be true.

Final Answer: E

Final Answer: E",,"

The problem asks us to identify a statement that must be true given a set of rules for scheduling seven houses (J, K, L, M, N, O, P) into seven time slots.

**Time Slots:**
1. Morning: 1, 2
2. Afternoon: 3, 4, 5
3. Evening: 6, 7

**Rules:**
1. **J** must be shown in the evening (6 or 7).
2. **K** cannot be shown in the morning (1 or 2).
3. **L** must be shown after **K** and before **M** ($K < L < M$).
4. **Scenario Condition:** **P** is shown in the afternoon (3, 4, or 5).

**Analysis of Morning Slots (1 and 2):**
We need to determine which houses can occupy slots 1 and 2. Let's evaluate each house:
*   **J:** Must be in the evening. **Cannot be in the morning.**
*   **P:** Given as in the afternoon. **Cannot be in the morning.**
*   **K:** Rule states K cannot be in the morning. **Cannot be in the morning.**
*   **L:** Must be shown after K. Since K cannot be in the morning, K must be in slot 3 or later (3, 4, 5, 6, 7). If K is at least 3, L must be at least 4. Therefore, L cannot be in slots 1 or 2. **Cannot be in the morning.**
*   **M:** Must be shown after L. Since L must be at least 4, M must be at least 5. Therefore, M cannot be in slots 1 or 2. **Cannot be in the morning.**
*   **N:** No specific constraints prevent N from being in the morning.
*   **O:** No specific constraints prevent O from being in the morning. (Note: The prompt lists ""0"", but Answer Choice E refers to ""O"". In logic puzzles of this type, ""0"" is a common typo for the letter ""O"". The sequence J, K, L, M, N, O, P confirms O is the intended house).

**Deduction:**
There are exactly **two** morning slots (1 and 2).
There are exactly **five** houses (J, K, L, M, P) that are strictly forbidden from these slots.
This leaves exactly **two** houses (N and O) available to fill the two morning slots.
Therefore, **N and O must both be shown in the morning.**

**Evaluating the Answer Choices:**
(A) **J is shown seventh.** J can be 6 or 7. Not necessarily true.
(B) **K is shown third.** K can be 3 o",6581,0,6581,902,0,stop,0,85.29389023780823,0.3399082199544224,3.1210238073570493,0.5349007173501229,0.807039250951782,0.9999999971402602,0.30527421371484176,0.21882470423725459,5.346816539764404,0.4672990602039483,0.0951223218355873,1.2662209390670112,9.0,0.11183710682267133,4.0,6581.0,0.3479914421850277,2.5491278133229764,0.5334610623427809,0.8128538441436476,0.9999995717792246,0.29345143082155295,0.21898069251157426,3.7739384174346924,0.49615238906413656,0.09375,1.265625,6.0,0.125,4.0,128.0,0.49290757426563764,2.686289389379501,0.6200862827278978,0.7439886235891604,0.9999995717792246,0.32690053907579475,0.2832998317254267,3.7739384174346924,0.49595113339506053,0.13671875,1.40625,7.0,0.15625,4.0,256.0,0.413506769985688,2.697544472285699,0.5882443095391995,0.7786359728402005,0.999999966325851,0.3171625915834973,0.24020552943084483,3.7739384174346924,0.452337232879197,0.115,1.34,7.0,0.1325,4.0,400.0,0.39672128799940753,2.7113218551018727,0.5806418655891128,0.7900671416707112,0.999999966325851,0.30841929806162643,0.23665083068919013,3.7739384174346924,0.46353327929731564,0.1015625,1.330078125,8.0,0.119140625,4.0,512.0,0.36825347634298594,3.1210238073570493,0.5525059602393956,0.7974731771634064,0.999999966325851,0.30590925865409657,0.22720764401583576,5.346816539764404,0.4890599552168773,0.0966796875,1.2958984375,9.0,0.1123046875,4.0,1024.0,0.3345778361794659,3.1210238073570493,0.5300739282712836,0.8118929419107813,0.9999999971402602,0.302333601760953,0.20586990331192587,5.346816539764404,0.4543514240408781,0.0927734375,1.2626953125,9.0,0.109375,4.0,2048.0,0.3579593873903913,3.1210238073570493,0.5485800229138335,0.8051452944328288,0.999999966325851,0.29978863452537174,0.22129789293296226,5.346816539764404,0.49059504279056004,0.08980044345898004,1.288248337028825,9.0,0.10643015521064302,4.0,902.0,0.3479914421850277,2.5491278133229764,0.5334610623427809,0.8128538441436476,0.9999995717792246,0.29345143082155295,0.21898069251157426,3.7739384174346924,0.49615238906413656,0.09375,1.265625,6.0,0.125,4.0,128.0,0.49290757426563764,2.686289389379501,0.6200862827278978,0.7439886235891604,0.9999995717792246,0.32690053907579475,0.2832998317254267,3.7739384174346924,0.49595113339506053,0.13671875,1.40625,7.0,0.15625,4.0,256.0,0.413506769985688,2.697544472285699,0.5882443095391995,0.7786359728402005,0.999999966325851,0.3171625915834973,0.24020552943084483,3.7739384174346924,0.452337232879197,0.115,1.34,7.0,0.1325,4.0,400.0,0.39672128799940753,2.7113218551018727,0.5806418655891128,0.7900671416707112,0.999999966325851,0.30841929806162643,0.23665083068919013,3.7739384174346924,0.46353327929731564,0.1015625,1.330078125,8.0,0.119140625,4.0,512.0,0.3579593873903913,3.1210238073570493,0.5485800229138335,0.8051452944328288,0.999999966325851,0.29978863452537174,0.22129789293296226,5.346816539764404,0.49059504279056004,0.08980044345898004,1.288248337028825,9.0,0.10643015521064302,4.0,902.0,0.3579593873903913,3.1210238073570493,0.5485800229138335,0.8051452944328288,0.999999966325851,0.29978863452537174,0.22129789293296226,5.346816539764404,0.49059504279056004,0.08980044345898004,1.288248337028825,9.0,0.10643015521064302,4.0,902.0
97,"Exactly five witnesses—Franco, Garcia, Hong, Iturbe, and Jackson—are to be scheduled to testify at a hearing that is to take exactly three days of one week—Monday, Tuesday, and Wednesday. Each witness testifies on exactly one day of the hearing. The schedule must meet the following conditions: Franco does not testify on the same day that Garcia testifies. Iturbe testifies on Wednesday. Exactly two witnesses testify on Tuesday. Hong does not testify on Monday. At least one witness testifies on Monday.Q: Which one of the following is an acceptable schedule of witnesses? Answer Choices: (A)Monday: Franco Tuesday: Hong and Iturbe Wednesday: Garcia and Jackson (B)Monday: Franco and Hong Tuesday: Iturbe and Jackson Wednesday: Garcia (C)Monday: Garcia Tuesday: Franco and Iturbe Wednesday: Hong and Jackson (D)Monday: Garcia and Jackson Tuesday: Franco and Hong Wednesday: Iturbe (E)Monday: Garcia and Jackson Tuesday: Hong Wednesday: Franco and Iturbe","Exactly five witnesses—Franco, Garcia, Hong, Iturbe, and Jackson—are to be scheduled to testify at a hearing that is to take exactly three days of one week—Monday, Tuesday, and Wednesday. Each witness testifies on exactly one day of the hearing. The schedule must meet the following conditions: Franco does not testify on the same day that Garcia testifies. Iturbe testifies on Wednesday. Exactly two witnesses testify on Tuesday. Hong does not testify on Monday. At least one witness testifies on Monday.Q: Which one of the following is an acceptable schedule of witnesses? Answer Choices: (A)Monday: Franco Tuesday: Hong and Iturbe Wednesday: Garcia and Jackson (B)Monday: Franco and Hong Tuesday: Iturbe and Jackson Wednesday: Garcia (C)Monday: Garcia Tuesday: Franco and Iturbe Wednesday: Hong and Jackson (D)Monday: Garcia and Jackson Tuesday: Franco and Hong Wednesday: Iturbe (E)Monday: Garcia and Jackson Tuesday: Hong Wednesday: Franco and Iturbe",,D,Monday: Garcia and Jackson Tuesday: Franco and Hong Wednesday: Iturbe,3,D,final_answer,1,"

To determine the correct schedule, we must evaluate each option against the given constraints.

**Constraints:**
1.  **Witnesses:** Franco, Garcia, Hong, Iturbe, Jackson (5 total).
2.  **Days:** Monday, Tuesday, Wednesday.
3.  **Iturbe:** Testifies on Wednesday.
4.  **Franco vs. Garcia:** Do not testify on the same day.
5.  **Tuesday:** Exactly two witnesses testify.
6.  **Hong:** Does not testify on Monday.
7.  **Monday:** At least one witness testifies.

**Evaluation of Options:**

*   **(A) Monday: Franco, Tuesday: Hong and Iturbe, Wednesday: Garcia and Jackson**
    *   **Violation:** Iturbe is scheduled for Tuesday. Constraint 3 states Iturbe must testify on Wednesday.
    *   *Result: Invalid.*

*   **(B) Monday: Franco and Hong, Tuesday: Iturbe and Jackson, Wednesday: Garcia**
    *   **Violation:** Iturbe is scheduled for Tuesday. Constraint 3 states Iturbe must testify on Wednesday.
    *   *Result: Invalid.*

*   **(C) Monday: Garcia, Tuesday: Franco and Iturbe, Wednesday: Hong and Jackson**
    *   **Violation:** Iturbe is scheduled for Tuesday. Constraint 3 states Iturbe must testify on Wednesday.
    *   *Result: Invalid.*

*   **(D) Monday: Garcia and Jackson, Tuesday: Franco and Hong, Wednesday: Iturbe**
    *   **Iturbe:** On Wednesday. (Matches Constraint 3)
    *   **Tuesday Count:** Franco and Hong (2 witnesses). (Matches Constraint 5)
    *   **Hong:** On Tuesday, not Monday. (Matches Constraint 6)
    *   **Monday Count:** Garcia and Jackson (2 witnesses, which is $\ge$ 1). (Matches Constraint 7)
    *   **Franco vs. Garcia:** Franco is on Tuesday, Garcia is on Monday. Different days. (Matches Constraint 4)
    *   *Result: Valid.*

*   **(E) Monday: Garcia and Jackson, Tuesday: Hong, Wednesday: Franco and Iturbe**
    *   **Iturbe:** On Wednesday. (Matches Constraint 3)
    *   **Tuesday Count:** Only Hong (1 witness). Constraint 5 requires exactly two witnesses on Tuesday.
    *   *Result: Invalid.*

Only Option (D) satisfies all the conditions provided in the problem description.

Final Answer: D",,"

To determine the correct schedule, we must evaluate each option against the given constraints.

**Constraints:**
1.  **Witnesses:** Franco, Garcia, Hong, Iturbe, Jackson (5 total).
2.  **Days:** Monday, Tuesday, Wednesday.
3.  **Iturbe:** Testifies on Wednesday.
4.  **Franco vs. Garcia:** Do not testify on the same day.
5.  **Tuesday:** Exactly two witnesses testify.
6.  **Hong:** Does not testify on Monday.
7.  **Monday:** At least one witness testifies.

**Evaluation of Options:**

*   **(A) Monday: Franco, Tuesday: Hong and Iturbe, Wednesday: Garcia and Jackson**
    *   **Violation:** Iturbe is scheduled for Tuesday. Constraint 3 states Iturbe must testify on Wednesday.
    *   *Result: Invalid.*

*   **(B) Monday: Franco and Hong, Tuesday: Iturbe and Jackson, Wednesday: Garcia**
    *   **Violation:** Iturbe is scheduled for Tuesday. Constraint 3 states Iturbe must testify on Wednesday.
    *   *Result: Invalid.*

*   **(C) Monday: Garcia, Tuesday: Franco and Iturbe, Wednesday: Hong and Jackson**
    *   **Violation:** Iturbe is scheduled for Tuesday. Constraint 3 states Iturbe must testify on Wednesday.
    *   *Result: Invalid.*

*   **(D) Monday: Garcia and Jackson, Tuesday: Franco and Hong, Wednesday: Iturbe**
    *   **Iturbe:** On Wednesday. (Matches Constraint 3)
    *   **Tuesday Count:** Franco and Hong (2 witnesses). (Matches Constraint 5)
    *   **Hong:** On Tuesday, not Monday. (Matches Constraint 6)
    *   **Monday Count:** Garcia and Jackson (2 witnesses, which is $\ge$ 1). (Matches Constraint 7)
    *   **Franco vs. Garcia:** Franco is on Tuesday, Garcia is on Monday. Different days. (Matches Constraint 4)
    *   *Result: Valid.*

*   **(E) Monday: Garcia and Jackson, Tuesday: Hong, Wednesday: Franco and Iturbe**
    *   **Iturbe:** On Wednesday. (Matches Constraint 3)
    *   **Tuesday Count:** Only Hong (1 witness). Constraint 5 requires exactly two witnesses on Tuesday.
    *   *Result: Invalid.*

Only Option (D) satisfies all the conditi",2885,0,2885,730,0,stop,0,39.115227937698364,0.19491678881836744,2.6455774618963814,0.4002852641767564,0.8844744945302108,0.9999999912578608,0.2430119322301771,0.11992948659545044,5.2047438621521,0.3355029242953081,0.046447140381282497,1.130675909878683,7.0,0.05511265164644714,3.0,2885.0,0.2074868199399392,1.9549248506393642,0.3769205988191786,0.8733531508931452,0.999999636038099,0.24268124097716479,0.12106285921306958,1.6004493236541748,0.290296857835018,0.03125,1.140625,4.0,0.046875,2.0,128.0,0.2954188896727827,2.6402440513577,0.5097055148329144,0.8318316832693239,0.999999636038099,0.2839026840082458,0.18306589072687485,3.8261590003967285,0.42566671146944374,0.0625,1.23828125,6.0,0.109375,3.0,256.0,0.24222468077129558,2.6402440513577,0.46426800700641935,0.8628761533822242,0.9999999871622843,0.2575832875011154,0.14701308613134395,3.8261590003967285,0.3794429682789048,0.05,1.1825,6.0,0.08,3.0,400.0,0.2292824866566453,2.6402440513577,0.43739039653391776,0.8666615916202101,0.9999999871622843,0.251812880041,0.14566864122538367,3.8261590003967285,0.3766237318483433,0.046875,1.1640625,6.0,0.0703125,3.0,512.0,0.21349461017122984,2.6402440513577,0.4230211489459978,0.8779389221747714,0.9999999871622843,0.24562636817573724,0.13375541032387092,5.2047438621521,0.380367080770768,0.044921875,1.1435546875,6.0,0.0576171875,3.0,1024.0,0.21245229705739518,2.6455774618963814,0.4214918237584025,0.8765219647050537,0.9999999912578608,0.24881202466998925,0.13171822163547223,5.2047438621521,0.3599705788528608,0.0478515625,1.1435546875,7.0,0.05810546875,3.0,2048.0,0.19691496458461746,2.6402440513577,0.40999698394215034,0.8864115429285613,0.9999999871622843,0.23643430058159412,0.12082629835808228,3.8261590003967285,0.33972818048265424,0.03972602739726028,1.1383561643835616,6.0,0.056164383561643834,3.0,730.0,0.2074868199399392,1.9549248506393642,0.3769205988191786,0.8733531508931452,0.999999636038099,0.24268124097716479,0.12106285921306958,1.6004493236541748,0.290296857835018,0.03125,1.140625,4.0,0.046875,2.0,128.0,0.2954188896727827,2.6402440513577,0.5097055148329144,0.8318316832693239,0.999999636038099,0.2839026840082458,0.18306589072687485,3.8261590003967285,0.42566671146944374,0.0625,1.23828125,6.0,0.109375,3.0,256.0,0.24222468077129558,2.6402440513577,0.46426800700641935,0.8628761533822242,0.9999999871622843,0.2575832875011154,0.14701308613134395,3.8261590003967285,0.3794429682789048,0.05,1.1825,6.0,0.08,3.0,400.0,0.2292824866566453,2.6402440513577,0.43739039653391776,0.8666615916202101,0.9999999871622843,0.251812880041,0.14566864122538367,3.8261590003967285,0.3766237318483433,0.046875,1.1640625,6.0,0.0703125,3.0,512.0,0.19691496458461746,2.6402440513577,0.40999698394215034,0.8864115429285613,0.9999999871622843,0.23643430058159412,0.12082629835808228,3.8261590003967285,0.33972818048265424,0.03972602739726028,1.1383561643835616,6.0,0.056164383561643834,3.0,730.0,0.19691496458461746,2.6402440513577,0.40999698394215034,0.8864115429285613,0.9999999871622843,0.23643430058159412,0.12082629835808228,3.8261590003967285,0.33972818048265424,0.03972602739726028,1.1383561643835616,6.0,0.056164383561643834,3.0,730.0
98,"Exactly five witnesses—Franco, Garcia, Hong, Iturbe, and Jackson—are to be scheduled to testify at a hearing that is to take exactly three days of one week—Monday, Tuesday, and Wednesday. Each witness testifies on exactly one day of the hearing. The schedule must meet the following conditions: Franco does not testify on the same day that Garcia testifies. Iturbe testifies on Wednesday. Exactly two witnesses testify on Tuesday. Hong does not testify on Monday. At least one witness testifies on Monday.Q: Which one of the following CANNOT be true of the schedule? Answer Choices: (A)Franco is the only witness scheduled to testify on Monday. (B)Franco is scheduled to testify on the same day as Iturbe. (C)Garcia and Hong are both scheduled to testify on Tuesday. (D)Garcia is the only witness scheduled to testify on Monday and Hong is one of two witnesses scheduled to testify on Wednesday. (E)Jackson is scheduled to testify on Tuesday and two witnesses are scheduled to testify on Monday.","Exactly five witnesses—Franco, Garcia, Hong, Iturbe, and Jackson—are to be scheduled to testify at a hearing that is to take exactly three days of one week—Monday, Tuesday, and Wednesday. Each witness testifies on exactly one day of the hearing. The schedule must meet the following conditions: Franco does not testify on the same day that Garcia testifies. Iturbe testifies on Wednesday. Exactly two witnesses testify on Tuesday. Hong does not testify on Monday. At least one witness testifies on Monday.Q: Which one of the following CANNOT be true of the schedule? Answer Choices: (A)Franco is the only witness scheduled to testify on Monday. (B)Franco is scheduled to testify on the same day as Iturbe. (C)Garcia and Hong are both scheduled to testify on Tuesday. (D)Garcia is the only witness scheduled to testify on Monday and Hong is one of two witnesses scheduled to testify on Wednesday. (E)Jackson is scheduled to testify on Tuesday and two witnesses are scheduled to testify on Monday.",,E,Jackson is scheduled to testify on Tuesday and two witnesses are scheduled to testify on Monday.,4,E,final_answer,1,"

The problem asks us to identify which statement CANNOT be true given a set of constraints regarding the scheduling of five witnesses (Franco, Garcia, Hong, Iturbe, Jackson) over three days (Monday, Tuesday, Wednesday).

**1. Analyze the Constraints:**
*   **Witnesses:** Franco (F), Garcia (G), Hong (H), Iturbe (I), Jackson (J). Total = 5.
*   **Days:** Monday (M), Tuesday (T), Wednesday (W).
*   **Distribution Rules:**
    *   Each witness testifies exactly once.
    *   **Exactly two witnesses testify on Tuesday.**
    *   **Iturbe (I) testifies on Wednesday.**
    *   **Hong (H) does not testify on Monday.**
    *   **At least one witness testifies on Monday.**
    *   **Franco (F) and Garcia (G) testify on different days.**

**2. Determine Possible Distributions:**
*   Total witnesses = 5.
*   Tuesday = 2 witnesses.
*   Remaining witnesses for Monday and Wednesday = $5 - 2 = 3$.
*   Since Wednesday has Iturbe, Wednesday has at least 1 witness.
*   Since Monday has at least 1 witness.
*   The possible distributions of witness counts per day are:
    *   **Case 1:** Monday = 1, Tuesday = 2, Wednesday = 2.
    *   **Case 2:** Monday = 2, Tuesday = 2, Wednesday = 1.

**3. Evaluate Each Answer Choice:**

*   **(A) Franco is the only witness scheduled to testify on Monday.**
    *   This implies the distribution is Case 1 (Mon=1).
    *   Schedule: Mon={F}, Tue={Two}, Wed={I, One}.
    *   Hong cannot be on Mon, so Hong is on Tue or Wed.
    *   Garcia cannot be with Franco. Since Franco is on Mon, Garcia is on Tue or Wed.
    *   Example Schedule: Mon={F}, Tue={G, J}, Wed={H, I}.
    *   Constraints check: F $\neq$ G (Mon $\neq$ Tue), I on Wed, Tue=2, H $\neq$ Mon, Mon $\ge$ 1.
    *   **This is possible.**

*   **(B) Franco is scheduled to testify on the same day as Iturbe.**
    *   Iturbe is on Wednesday. So Franco is on Wednesday.
    *   This implies Wednesday has at least 2 witnesses (Franco and Iturbe). So Case 1 applies (Mon=1, Wed=2).
    *   Schedule: Wed={F, I}, Mon={One}, Tue={Two}.
    *   Hong cannot be on Mon, so Hong is on Tue (since Wed is full).
    *   Example Schedule: Wed={F, I}, Tue={H, J}, Mon={G}.
    *   Constraints check: F $\neq$ G (Wed $\neq$ Mon), I on Wed, Tue=2, H $\neq$ Mon, Mon $\ge$ 1.
    *   **This is possible.**

*   **(C) Garcia and Hong are both scheduled to testify on Tuesday.**
    *   This means Tue={G, H}.
    *   Remaining witnesses: F, J, I.
    *   I is on Wed.
    *   Remaining slots: Mon ($\ge$ 1), Wed (needs at least 1, has I).
    *   We need to place F and J.
    *   Example Schedule: Mon={F}, Tue={G, H}, Wed={J, I}.
    *   Constraints check: F $\neq$ G (Mon $\neq$ Tue), I on Wed, Tue=2, H $\neq$ Mon, Mon $\ge$ 1.
    *   **This is possible.**

*   **(D) Garcia is the only witness scheduled to testify on Monday and Hong is one of two witnesses scheduled to testify on Wednesday.**
    *   This implies Mon={G}, Wed={H, I} (Total Wed=2).
    *   This fits Case 1 (Mon=1, Tue=2, Wed=2).
    *   Remaining witnesses: F, J.
    *   Remaining slots: Tue needs 2. So Tue={F, J}.
    *   Example Schedule: Mon={G}, Tue={F, J}, Wed={H, I}.
    *   Constraints check: F $\neq$ G (Tue $\neq$ Mon), I on Wed, Tue=2, H $\neq$ Mon, Mon $\ge$ 1.
    *   **This is possible.**

*   **(E) Jackson is scheduled to testify on Tuesday and two witnesses are scheduled to testify on Monday.**
    *   This implies Mon=2, Tue=2.
    *   Since total is 5, Wednesday must have 1 witness.
    *   We know Iturbe is on Wednesday, so Wed={I}.
    *   We know Jackson is on Tuesday.
    *   Remaining witnesses to place: Franco (F), Garcia (G), Hong (H).
    *   Remaining slots: Mon (2 slots), Tue (1 slot, since Jackson is there).
    *   Constraint: Hong does not testify on Monday.
        *   Since Wed is full (Iturbe), Hong must be on Tuesday.
        *   So Tue = {Jackson, Hong}.
    *   Remaining witnesses: Franco, Garcia.
    *   Remaining slots: Mon (2 slots).
        *   So Mon = {Franco, Garcia}.
    *   Const",,"

The problem asks us to identify which statement CANNOT be true given a set of constraints regarding the scheduling of five witnesses (Franco, Garcia, Hong, Iturbe, Jackson) over three days (Monday, Tuesday, Wednesday).

**1. Analyze the Constraints:**
*   **Witnesses:** Franco (F), Garcia (G), Hong (H), Iturbe (I), Jackson (J). Total = 5.
*   **Days:** Monday (M), Tuesday (T), Wednesday (W).
*   **Distribution Rules:**
    *   Each witness testifies exactly once.
    *   **Exactly two witnesses testify on Tuesday.**
    *   **Iturbe (I) testifies on Wednesday.**
    *   **Hong (H) does not testify on Monday.**
    *   **At least one witness testifies on Monday.**
    *   **Franco (F) and Garcia (G) testify on different days.**

**2. Determine Possible Distributions:**
*   Total witnesses = 5.
*   Tuesday = 2 witnesses.
*   Remaining witnesses for Monday and Wednesday = $5 - 2 = 3$.
*   Since Wednesday has Iturbe, Wednesday has at least 1 witness.
*   Since Monday has at least 1 witness.
*   The possible distributions of witness counts per day are:
    *   **Case 1:** Monday = 1, Tuesday = 2, Wednesday = 2.
    *   **Case 2:** Monday = 2, Tuesday = 2, Wednesday = 1.

**3. Evaluate Each Answer Choice:**

*   **(A) Franco is the only witness scheduled to testify on Monday.**
    *   This implies the distribution is Case 1 (Mon=1).
    *   Schedule: Mon={F}, Tue={Two}, Wed={I, One}.
    *   Hong cannot be on Mon, so Hong is on Tue or Wed.
    *   Garcia cannot be with Franco. Since Franco is on Mon, Garcia is on Tue or Wed.
    *   Example Schedule: Mon={F}, Tue={G, J}, Wed={H, I}.
    *   Constraints check: F $\neq$ G (Mon $\neq$ Tue), I on Wed, Tue=2, H $\neq$ Mon, Mon $\ge$ 1.
    *   **This is possible.**

*   **(B) Franco is scheduled to testify on the same day as Iturbe.**
    *   Iturbe is on Wednesday. So Franco is on Wednesday.
    *   This implies Wednesday has at least 2 witnesses (Franco and Iturbe). So Case 1 applies (Mon=1, Wed=2).
    *   Schedule: Wed=",6758,0,6758,1413,0,stop,0,85.38595747947693,0.2846363326140702,2.9227343877017535,0.4915269779848394,0.835365426281107,0.9999999954899591,0.2868759882445,0.1819622994617241,4.608246803283691,0.4187683678049778,0.07827759692216632,1.2167801124593074,8.0,0.0923350103580941,4.0,6758.0,0.25922208655881246,2.9227343877017535,0.48900355699478015,0.8477662053684675,0.9999999520269305,0.2825510031397979,0.1624024694303251,2.474180221557617,0.3727274595251222,0.0703125,1.234375,8.0,0.09375,3.0,128.0,0.3050489005765191,2.9227343877017535,0.5255365403255698,0.8206965868920343,0.9999999520269305,0.30730530949604384,0.1879934084854708,2.474180221557617,0.38929836077919233,0.09375,1.26171875,8.0,0.1171875,3.0,256.0,0.33621928771642345,2.9227343877017535,0.5387355926381654,0.808525264128498,0.9999999520269305,0.3074951392070834,0.20424115606125273,2.715963840484619,0.4118174977384921,0.09,1.275,8.0,0.11,3.0,400.0,0.34595621801816107,2.9227343877017535,0.5489921333969149,0.8029445086251866,0.9999999520269305,0.3126025617076538,0.20932325912373173,2.715963840484619,0.41322995144872837,0.095703125,1.287109375,8.0,0.1171875,3.0,512.0,0.3659354065978239,2.9227343877017535,0.5635993160086564,0.7982218869225566,0.9999999683726846,0.31018581444399923,0.22495724719587765,3.4358925819396973,0.45235400232986495,0.08984375,1.3037109375,8.0,0.111328125,4.0,1024.0,0.3371383520039158,2.9227343877017535,0.5479699620451589,0.8126483060795233,0.9999999683726846,0.3027088397395624,0.22132810997134322,4.608246803283691,0.48226114373500667,0.0869140625,1.2802734375,8.0,0.10693359375,4.0,2048.0,0.3713189526140541,2.9227343877017535,0.5677279089865723,0.7960813512813415,0.9999999683726846,0.3110799144872125,0.2327139838375712,4.608246803283691,0.47468973258644837,0.09412597310686482,1.3078556263269638,8.0,0.11464968152866242,4.0,1413.0,0.25922208655881246,2.9227343877017535,0.48900355699478015,0.8477662053684675,0.9999999520269305,0.2825510031397979,0.1624024694303251,2.474180221557617,0.3727274595251222,0.0703125,1.234375,8.0,0.09375,3.0,128.0,0.3050489005765191,2.9227343877017535,0.5255365403255698,0.8206965868920343,0.9999999520269305,0.30730530949604384,0.1879934084854708,2.474180221557617,0.38929836077919233,0.09375,1.26171875,8.0,0.1171875,3.0,256.0,0.33621928771642345,2.9227343877017535,0.5387355926381654,0.808525264128498,0.9999999520269305,0.3074951392070834,0.20424115606125273,2.715963840484619,0.4118174977384921,0.09,1.275,8.0,0.11,3.0,400.0,0.34595621801816107,2.9227343877017535,0.5489921333969149,0.8029445086251866,0.9999999520269305,0.3126025617076538,0.20932325912373173,2.715963840484619,0.41322995144872837,0.095703125,1.287109375,8.0,0.1171875,3.0,512.0,0.3659354065978239,2.9227343877017535,0.5635993160086564,0.7982218869225566,0.9999999683726846,0.31018581444399923,0.22495724719587765,3.4358925819396973,0.45235400232986495,0.08984375,1.3037109375,8.0,0.111328125,4.0,1024.0,0.3713189526140541,2.9227343877017535,0.5677279089865723,0.7960813512813415,0.9999999683726846,0.3110799144872125,0.2327139838375712,4.608246803283691,0.47468973258644837,0.09412597310686482,1.3078556263269638,8.0,0.11464968152866242,4.0,1413.0
99,"Exactly five witnesses—Franco, Garcia, Hong, Iturbe, and Jackson—are to be scheduled to testify at a hearing that is to take exactly three days of one week—Monday, Tuesday, and Wednesday. Each witness testifies on exactly one day of the hearing. The schedule must meet the following conditions: Franco does not testify on the same day that Garcia testifies. Iturbe testifies on Wednesday. Exactly two witnesses testify on Tuesday. Hong does not testify on Monday. At least one witness testifies on Monday.Q: If Jackson is scheduled to testify on Wednesday, which one of the following must be true of the schedule? Answer Choices: (A)Franco is scheduled to testify on Monday. (B)Garcia is scheduled to testify on Monday. (C)Exactly one witness is scheduled to testify on Monday. (D)Exactly two witnesses are scheduled to testify on Monday. (E)Garcia is scheduled to testify on the same day as Hong.","Exactly five witnesses—Franco, Garcia, Hong, Iturbe, and Jackson—are to be scheduled to testify at a hearing that is to take exactly three days of one week—Monday, Tuesday, and Wednesday. Each witness testifies on exactly one day of the hearing. The schedule must meet the following conditions: Franco does not testify on the same day that Garcia testifies. Iturbe testifies on Wednesday. Exactly two witnesses testify on Tuesday. Hong does not testify on Monday. At least one witness testifies on Monday.Q: If Jackson is scheduled to testify on Wednesday, which one of the following must be true of the schedule? Answer Choices: (A)Franco is scheduled to testify on Monday. (B)Garcia is scheduled to testify on Monday. (C)Exactly one witness is scheduled to testify on Monday. (D)Exactly two witnesses are scheduled to testify on Monday. (E)Garcia is scheduled to testify on the same day as Hong.",,C,Exactly one witness is scheduled to testify on Monday.,2,C,final_answer,1,"

To determine which statement must be true, we must analyze the constraints and the number of witnesses assigned to each day.

**1. Analyze the Constraints and Counts:**
*   **Total Witnesses:** 5 (Franco, Garcia, Hong, Iturbe, Jackson).
*   **Days:** Monday (Mon), Tuesday (Tue), Wednesday (Wed).
*   **Total Slots:** 5 witnesses distributed across the 3 days.
*   **Constraint 1:** Exactly two witnesses testify on Tuesday ($N_{Tue} = 2$).
*   **Constraint 2:** At least one witness testifies on Monday ($N_{Mon} \ge 1$).
*   **Constraint 3:** Iturbe testifies on Wednesday.
*   **Scenario:** Jackson testifies on Wednesday.
*   **Constraint 4:** Hong does not testify on Monday.
*   **Constraint 5:** Franco and Garcia do not testify on the same day.

**2. Determine the Distribution of Witnesses:**
*   We know $N_{Mon} + N_{Tue} + N_{Wed} = 5$.
*   Substituting $N_{Tue} = 2$, we get $N_{Mon} + 2 + N_{Wed} = 5$, which simplifies to $N_{Mon} + N_{Wed} = 3$.
*   We know Iturbe and Jackson are on Wednesday. Therefore, $N_{Wed} \ge 2$.
*   Since $N_{Mon} \ge 1$, let's test the possible values for $N_{Wed}$:
    *   If $N_{Wed} = 3$, then $N_{Mon} = 3 - 3 = 0$. This violates the rule that at least one witness testifies on Monday ($N_{Mon} \ge 1$).
    *   If $N_{Wed} = 2$, then $N_{Mon} = 3 - 2 = 1$. This satisfies $N_{Mon} \ge 1$.
    *   If $N_{Wed} > 2$, $N_{Mon}$ would be negative, which is impossible.
*   Therefore, the only valid distribution of witness counts is:
    *   **Monday:** 1 witness
    *   **Tuesday:** 2 witnesses
    *   **Wednesday:** 2 witnesses (Iturbe and Jackson)

**3. Evaluate the Answer Choices:**
*   **(A) Franco is scheduled to testify on Monday.**
    *   Monday has 1 slot. It must be filled by Franco or Garcia (since Hong cannot be on Monday). It is not necessarily Franco; it could be Garcia.
*   **(B) Garcia is scheduled to testify on Monday.**
    *   Similar to (A), it is not necessarily Garcia; it could be Franco.
*   **(C) Exactly one witness is scheduled to testify on Monday.**
    *   Our calculation in step 2 proved that $N_{Mon}$ must equal 1. This statement must be true.
*   **(D) Exactly two witnesses are scheduled to testify on Monday.**
    *   This contradicts our finding that $N_{Mon} = 1$.
*   **(E) Garcia is scheduled to testify on the same day as Hong.**
    *   Hong cannot be on Monday (Constraint 4). Wednesday is full with Iturbe and Jackson. So Hong must be on Tuesday.
    *   Garcia is either on Monday or Tuesday (since Wednesday is full). If Garcia is on Monday, this is false. If Garcia is on Tuesday, this is true. Since we don't know which day Garcia takes (only that he is on a different day than Franco), we cannot say this *must* be true.

**Conclusion:**
The only statement that must be true based on the numerical constraints is that exactly one witness testifies on Monday.

Final Answer: C",,"

To determine which statement must be true, we must analyze the constraints and the number of witnesses assigned to each day.

**1. Analyze the Constraints and Counts:**
*   **Total Witnesses:** 5 (Franco, Garcia, Hong, Iturbe, Jackson).
*   **Days:** Monday (Mon), Tuesday (Tue), Wednesday (Wed).
*   **Total Slots:** 5 witnesses distributed across the 3 days.
*   **Constraint 1:** Exactly two witnesses testify on Tuesday ($N_{Tue} = 2$).
*   **Constraint 2:** At least one witness testifies on Monday ($N_{Mon} \ge 1$).
*   **Constraint 3:** Iturbe testifies on Wednesday.
*   **Scenario:** Jackson testifies on Wednesday.
*   **Constraint 4:** Hong does not testify on Monday.
*   **Constraint 5:** Franco and Garcia do not testify on the same day.

**2. Determine the Distribution of Witnesses:**
*   We know $N_{Mon} + N_{Tue} + N_{Wed} = 5$.
*   Substituting $N_{Tue} = 2$, we get $N_{Mon} + 2 + N_{Wed} = 5$, which simplifies to $N_{Mon} + N_{Wed} = 3$.
*   We know Iturbe and Jackson are on Wednesday. Therefore, $N_{Wed} \ge 2$.
*   Since $N_{Mon} \ge 1$, let's test the possible values for $N_{Wed}$:
    *   If $N_{Wed} = 3$, then $N_{Mon} = 3 - 3 = 0$. This violates the rule that at least one witness testifies on Monday ($N_{Mon} \ge 1$).
    *   If $N_{Wed} = 2$, then $N_{Mon} = 3 - 2 = 1$. This satisfies $N_{Mon} \ge 1$.
    *   If $N_{Wed} > 2$, $N_{Mon}$ would be negative, which is impossible.
*   Therefore, the only valid distribution of witness counts is:
    *   **Monday:** 1 witness
    *   **Tuesday:** 2 witnesses
    *   **Wednesday:** 2 witnesses (Iturbe and Jackson)

**3. Evaluate the Answer Choices:**
*   **(A) Franco is scheduled to testify on Monday.**
    *   Monday has 1 slot. It must be filled by Franco or Garcia (since Hong cannot be on Monday). It is not necessarily Franco; it could be Garcia.
*   **(B) Garcia is scheduled to testify on Monday.**
    *   Similar to (A), it is not necessarily Garcia; it could be Franco.
*   **(C) Exactly one witness ",4566,0,4566,860,0,stop,0,53.33149766921997,0.3616594707878849,2.9317553390020916,0.5490130251859405,0.7970104391878337,0.9999999930828791,0.30853104952373805,0.23757007749413794,4.5435686111450195,0.48853313532829284,0.09505037231712658,1.281208935611038,9.0,0.11410424879544459,4.0,4566.0,0.2170519490878048,2.610933194171026,0.44163459783236464,0.8728878951795038,0.9999998725083584,0.2629802317657097,0.13636740697437716,2.487588882446289,0.37328214585241015,0.0703125,1.1484375,6.0,0.078125,2.0,128.0,0.24975429482826544,2.610933194171026,0.4716071498150247,0.8576057644821328,0.9999998725083584,0.27117838728542815,0.16984088553139312,3.0753815174102783,0.4312367436817443,0.07421875,1.18359375,6.0,0.078125,2.0,256.0,0.3406431243405547,2.610933194171026,0.5498224019636238,0.8129750296498202,0.9999998725083584,0.30041096550810337,0.21992000908950998,3.3844785690307617,0.47488536490876915,0.0875,1.2825,6.0,0.1,2.0,400.0,0.335708620419957,2.610933194171026,0.5318953926755332,0.8140040570979342,0.9999998725083584,0.2951364394045342,0.21297190088151835,3.3844785690307617,0.4613223558229486,0.08203125,1.263671875,6.0,0.09375,2.0,512.0,0.3584708133750008,2.7910845414353864,0.5259059960124922,0.7924428511083945,0.9999998725083584,0.30829607548370164,0.226346354365711,3.8888838291168213,0.4585011548354842,0.099609375,1.2724609375,7.0,0.1123046875,2.0,1024.0,0.3946973008480425,2.8900308252164484,0.5626698298481436,0.7788091487926758,0.9999999347178242,0.3168433228101446,0.25412130008261474,4.5435686111450195,0.4961399787452789,0.10791015625,1.30322265625,7.0,0.13134765625,4.0,2048.0,0.334472670465221,2.7910845414353864,0.5144085586562588,0.8083671443483966,0.9999998725083584,0.2975127524560853,0.21104908973267308,3.8888838291168213,0.4595315862579469,0.08837209302325581,1.2534883720930232,7.0,0.1,2.0,860.0,0.2170519490878048,2.610933194171026,0.44163459783236464,0.8728878951795038,0.9999998725083584,0.2629802317657097,0.13636740697437716,2.487588882446289,0.37328214585241015,0.0703125,1.1484375,6.0,0.078125,2.0,128.0,0.24975429482826544,2.610933194171026,0.4716071498150247,0.8576057644821328,0.9999998725083584,0.27117838728542815,0.16984088553139312,3.0753815174102783,0.4312367436817443,0.07421875,1.18359375,6.0,0.078125,2.0,256.0,0.3406431243405547,2.610933194171026,0.5498224019636238,0.8129750296498202,0.9999998725083584,0.30041096550810337,0.21992000908950998,3.3844785690307617,0.47488536490876915,0.0875,1.2825,6.0,0.1,2.0,400.0,0.335708620419957,2.610933194171026,0.5318953926755332,0.8140040570979342,0.9999998725083584,0.2951364394045342,0.21297190088151835,3.3844785690307617,0.4613223558229486,0.08203125,1.263671875,6.0,0.09375,2.0,512.0,0.334472670465221,2.7910845414353864,0.5144085586562588,0.8083671443483966,0.9999998725083584,0.2975127524560853,0.21104908973267308,3.8888838291168213,0.4595315862579469,0.08837209302325581,1.2534883720930232,7.0,0.1,2.0,860.0,0.334472670465221,2.7910845414353864,0.5144085586562588,0.8083671443483966,0.9999998725083584,0.2975127524560853,0.21104908973267308,3.8888838291168213,0.4595315862579469,0.08837209302325581,1.2534883720930232,7.0,0.1,2.0,860.0
